1
3
7
8
10
11
12
13
14
15
16
17
19
20
22
25
27
30
34
35
36
37
38
39
40
42
45
47
48
50
52
53
54
55
56
57
59
62
66
68
71
72
73
74
76
80
81
84
86
88
89
91
92
93
94
95
96
97
99
100
103
105
110
112
114
115
117
118
129
130
133
136
138
139
141
143
146
147
149
152
153
156
157
158
161
162
163
164
165
167
171
172
176
177
179
184
186
187
188
190
191
193
194
195
199
200
202
203
204
205
207
209
211
212
213
215
216
219
231
233
235
236
238
239
240
245
246
247
248
250
252
254
255
256
257
258
259
262
263
264
266
267
268
269
270
273
274
277
278
280
282
283
285
289
293
299
302
305
307
308
314
315
316
318
319
321
322
325
329
331
333
336
339
340
345
346
347
349
354
355
357
358
367
369
370
371
372
376
377
378
380
381
383
389
390
391
393
396
399
401
402
404
405
407
408
409
413
414
415
416
421
425
435
443
460
463
474
478
481
483
484
487
489
490
491
493
497
500
501
508
509
510
512
514
516
517
522
523
531
533
534
539
543
547
548
550
554
557
558
559
561
562
565
566
569
573
578
582
583
586
587
589
590
593
596
597
598
599
600
605
606
610
611
612
616
622
623
627
629
630
631
632
634
637
641
642
644
645
648
649
650
652
657
658
659
662
664
674
678
679
685
686
693
695
697
703
706
707
710
711
714
724
725
730
732
733
735
737
740
742
743
744
745
746
747
749
760
762
763
765
767
768
770
774
780
787
788
789
790
791
792
795
797
798
801
802
812
813
817
820
828
830
832
834
839
841
842
843
844
847
851
855
856
864
865
869
870
871
872
873
874
877
878
879
882
883
889
890
891
893
894
896
899
900
902
909
911
916
917
921
923
924
926
933
934
938
942
943
945
947
949
950
951
958
962
963
964
965
971
972
974
976
978
979
980
982
983
985
987
988
989
990
992
993
995
1001
1002
1004
1005
1006
1007
1009
1011
1012
1013
1016
1017
1018
1022
1023
1031
1032
1050
1059
1060
1062
1077
1080
1084
1097
1102
1103
1104
1108
1109
1110
1113
1114
1115
1116
1117
1118
1119
1122
1125
1130
1135
1136
1138
1139
1142
1146
1147
1148
1150
1152
1153
1157
1160
1162
1164
1165
1167
1173
1179
1180
1184
1186
1188
1196
1197
1198
1199
1200
1201
1202
1203
1207
1211
1220
1223
1226
1227
1230
1231
1234
1240
1241
1244
1245
1248
1249
1250
1252
1255
1257
1259
1271
1274
1275
1276
1280
1284
1286
1291
1292
1295
1296
1297
1301
1302
1305
1306
1307
1308
1310
1313
1315
1317
1319
1321
1322
1327
1333
1334
1335
1338
1339
1340
1348
1350
1352
1353
1354
1355
1357
1365
1367
1369
1370
1371
1376
1385
1389
1391
1392
1396
1397
1398
1399
1400
1401
1407
1412
1413
1414
1416
1417
1418
1424
1427
1428
1430
1433
1435
1436
1444
1450
1455
1456
1457
1458
1462
1463
1465
1466
1467
1468
1469
1471
1473
1476
1477
1478
1479
1481
1484
1487
1488
1489
1490
1491
1496
1498
1504
1505
1506
1509
1511
1512
1513
1517
1520
1523
1525
1528
1529
1530
1531
1532
1533
1534
1535
1536
1540
1542
1545
1550
1553
1554
1557
1560
1561
1562
1563
1569
1573
1574
1583
1586
1589
1590
1593
1594
1595
1601
1602
1604
1606
1608
1609
1610
1612
1614
1616
1617
1618
1621
1622
1623
1624
1626
1628
1630
1631
1637
1640
1642
1644
1650
1651
1652
1653
1654
1655
1658
1659
1660
1661
1662
1663
1664
1666
1670
1671
1672
1673
1675
1677
1678
1679
1680
1681
1683
1684
1685
1686
1687
1690
1694
1699
1700
1702
1704
1705
1706
1707
1708
1715
1717
1718
1719
1720
1724
1729
1730
1734
1735
1736
1739
1742
1743
1745
1746
1747
1748
1752
1753
1756
1758
1759
1765
1766
1767
1768
1769
1770
1772
1773
1774
1776
1778
1781
1782
1783
1785
1786
1788
1789
1790
1791
1793
1794
1796
1798
1800
1802
1803
1804
1806
1815
1817
1820
1821
1822
1823
1825
1827
1830
1833
1834
1836
1838
1840
1843
1844
1847
1848
1849
1851
1854
1857
1861
1862
1864
1865
1866
1868
1870
1871
1873
1875
1876
1877
1878
1879
1882
1883
1884
1886
1887
1888
1889
1890
1892
1894
1896
1898
1899
1901
1902
1903
1905
1906
1907
1908
1909
1911
1913
1915
1919
1922
1923
1925
1926
1929
1932
1933
1937
1942
1943
1945
1946
1948
1950
1952
1955
1964
1965
1969
1970
1971
1972
1973
1974
1975
1976
1979
1980
1983
1985
1986
1987
1990
1992
1994
1997
1999
2001
2002
2004
2005
2006
2007
2008
2009
2011
2015
2016
2017
2019
2023
2024
2026
2027
2029
2030
2031
2033
2034
2035
2037
2039
2040
2041
2042
2044
2046
2047
2052
2053
2054
2055
2056
2057
2058
2059
2060
2061
2062
2063
2065
2067
2069
2070
2071
2073
2074
2076
2077
2078
2079
2085
2086
2087
2088
2089
2090
2092
2093
2096
2097
2098
2099
2101
2102
2103
2106
2107
2109
2112
2114
2115
2116
2118
2119
2120
2121
2122
2123
2124
2125
2126
2127
2128
2130
2131
2132
2134
2135
2136
2137
2138
2139
2141
2142
2143
2144
2145
2146
2148
2149
2150
2151
2152
2153
2154
2156
2157
2160
2161
2162
2163
2164
2169
2170
2171
2174
2176
2177
2179
2180
2182
2184
2186
2188
2189
2191
2192
2194
2195
2198
2199
2201
2202
2204
2205
2208
2209
2210
2211
2213
2214
2217
2218
2219
2220
2224
2227
2228
2229
2230
2231
2233
2235
2236
2237
2238
2240
2242
2243
2244
2246
2247
2248
2250
2252
2253
2254
2255
2256
2257
2258
2259
2261
2264
2266
2269
2270
2271
2272
2273
2274
2278
2279
2280
2281
2282
2283
2287
2288
2289
2291
2292
2294
2295
2296
2297
2298
2299
2300
2303
2304
2306
2307
2308
2309
2313
2316
2318
2319
2321
2322
2324
2326
2327
2328
2329
2333
2335
2336
2337
2342
2343
2344
2345
2348
2349
2352
2354
2356
2357
2358
2360
2361
2362
2363
2364
2365
2369
2371
2373
2374
2375
2376
2378
2379
2380
2381
2383
2384
2386
2389
2390
2391
2393
2395
2401
2405
2408
2412
2414
2415
2416
2417
2418
2419
2421
2423
2424
2425
2431
2433
2434
2435
2437
2438
2439
2440
2443
2444
2449
2450
2451
2452
2454
2455
2456
2458
2459
2460
2462
2463
2464
2466
2467
2470
2472
2473
2474
2475
2477
2478
2479
2485
2487
2488
2489
2491
2492
2494
2496
2498
2499
2502
2504
2509
2510
2511
2512
2513
2514
2515
2516
2517
2518
2519
2520
2521
2523
2524
2526
2528
2529
2530
2531
2532
2533
2535
2536
2537
2538
2540
2541
2542
2543
2546
2549
2553
2554
2555
2558
2559
2560
2561
2562
2563
2564
2565
2566
2568
2570
2572
2576
2577
2579
2580
2582
2586
2588
2589
2590
2591
2594
2595
2597
2598
2599
2601
2602
2604
2608
2609
2610
2611
2612
2613
2614
2615
2618
2619
2620
2622
2623
2624
2626
2627
2629
2631
2632
2634
2637
2638
2639
2642
2643
2644
2645
2646
2647
2648
2650
2652
2656
2658
2659
2662
2663
2665
2666
2668
2669
2670
2673
2675
2683
2684
2687
2688
2689
2690
2692
2693
2700
2702
2703
2704
2707
2709
2712
2715
2718
2719
2720
2721
2725
2728
2731
2739
2740
2741
2742
2745
2749
2750
2751
2752
2757
2759
2762
2764
2765
2766
2767
2768
2775
2776
2777
2778
2779
2780
2781
2782
2783
2785
2786
2789
2791
2796
2797
2798
2799
2800
2802
2803
2805
2810
2812
2813
2816
2820
2821
2825
2826
2827
2829
2831
2832
2834
2836
2838
2839
2840
2841
2842
2843
2844
2845
2846
2847
2848
2849
2850
2852
2854
2855
2860
2861
2862
2869
2870
2871
2872
2873
2876
2877
2879
2883
2886
2887
2889
2890
2891
2892
2893
2894
2895
2896
2897
2898
2900
2903
2904
2905
2906
2909
2910
2911
2912
2913
2914
2919
2921
2922
2923
2924
2925
2926
2927
2928
2929
2932
2933
2935
2938
2946
2948
2950
2952
2956
2957
2959
2961
2963
2964
2965
2971
2972
2975
2978
2980
2985
2989
2990
2991
2994
2995
2996
2998
3002
3003
3005
3006
3007
3008
3009
3011
3012
3013
3017
3020
3021
3022
3023
3024
3026
3028
3030
3031
3033
3035
3036
3037
3038
3039
3040
3041
3042
3043
3044
3045
3047
3050
3052
3053
3055
3058
3060
3061
3062
3064
3065
3066
3067
3068
3069
3070
3072
3075
3077
3079
3080
3082
3083
3084
3086
3088
3091
3092
3094
3095
3097
3099
3100
3105
3107
3110
3111
3112
3113
3114
3115
3116
3122
3125
3126
3127
3128
3133
3137
3138
3141
3142
3144
3146
3147
3152
3153
3154
3157
3159
3161
3162
3172
3174
3175
3178
3179
3180
3182
3183
3189
3190
3193
3194
3196
3197
3198
3199
3200
3207
3209
3211
3215
3217
3218
3219
3220
3221
3222
3223
3224
3225
3226
3227
3228
3229
3230
3231
3232
3233
3235
3236
3237
3238
3244
3245
3246
3247
3248
3249
3251
3252
3253
3255
3256
3259
3261
3262
3263
3264
3265
3266
3267
3268
3269
3270
3271
3273
3274
3276
3277
3278
3279
3280
3281
3282
3283
3284
3285
3287
3288
3289
3290
3293
3294
3295
3296
3298
3299
3301
3304
3305
3306
3307
3308
3310
3312
3313
3314
3315
3317
3318
3319
3321
3322
3323
3324
3327
3329
3330
3331
3332
3333
3334
3335
3336
3337
3338
3339
3340
3342
3345
3346
3347
3348
3349
3350
3351
3353
3354
3355
3356
3357
3358
3359
3360
3361
3363
3364
3365
3366
3367
3371
3374
3375
3376
3377
3378
3381
3382
3383
3384
3385
3386
3388
3389
3391
3393
3395
3396
3398
3399
3400
3401
3402
3403
3404
3407
3408
3409
3410
3411
3412
3414
3415
3416
3417
3418
3419
3420
3422
3424
3425
3426
3427
3429
3430
3431
3432
3433
3435
3436
3437
3438
3439
3442
3443
3444
3445
3447
3449
3450
3451
3454
3455
3456
3457
3458
3462
3464
3468
3469
3471
3472
3473
3474
3476
3477
3478
3479
3480
3481
3483
3484
3485
3486
3487
3488
3489
3490
3491
3492
3496
3499
3500
3501
3502
3503
3504
3505
3507
3508
3509
3510
3511
3512
3513
3515
3516
3517
3518
3519
3520
3521
3522
3523
3524
3525
3526
3527
3529
3530
3532
3534
3536
3537
3538
3539
3540
3541
3543
3544
3545
3546
3547
3549
3550
3553
3554
3559
3560
3561
3562
3564
3566
3567
3569
3570
3571
3574
3577
3582
3584
3585
3586
3589
3592
3594
3595
3597
3599
3602
3603
3604
3605
3608
3609
3610
3612
3614
3616
3620
3622
3623
3625
3627
3632
3633
3636
3637
3638
3640
3641
3643
3644
3645
3646
3649
3650
3653
3654
3656
3657
3659
3660
3661
3663
3666
3667
3668
3670
3671
3672
3673
3674
3675
3676
3678
3680
3682
3683
3684
3685
3686
3689
3690
3691
3692
3693
3696
3697
3698
3700
3701
3703
3704
3707
3712
3718
3721
3723
3724
3726
3728
3730
3731
3733
3734
3736
3739
3740
3741
3742
3743
3744
3745
3746
3748
3754
3755
3757
3759
3761
3762
3764
3766
3767
3768
3771
3772
3773
3774
3775
3776
3777
3781
3784
3786
3787
3788
3793
3794
3795
3798
3800
3804
3805
3806
3807
3809
3810
3811
3812
3814
3815
3820
3823
3825
3827
3828
3829
3831
3832
3833
3835
3837
3838
3840
3843
3844
3846
3847
3848
3849
3850
3851
3852
3854
3855
3856
3857
3858
3859
3862
3864
3867
3869
3870
3873
3877
3885
3888
3894
3895
3898
3899
3903
3905
3908
3909
3911
3912
3915
3918
3920
3923
3924
3925
3926
3927
3931
3933
3934
3936
3937
3940
3943
3948
3951
3955
3958
3963
3966
3967
3977
3979
3982
3983
3988
3992
3993
3996
3998
3999
4003
4006
4008
4010
4013
4015
4016
4024
4030
4034
4035
4037
4038
4040
4043
4046
4050
4051
4053
4056
4059
4060
4062
4069
4071
4072
4073
4074
4077
4079
4080
4082
4088
4091
4097
4099
4101
4105
4106
4108
4111
4113
4120
4124
4130
4132
4138
4139
4141
4145
4146
4147
4151
4152
4154
4156
4157
4159
4160
4161
4162
4163
4167
4168
4169
4170
4171
4172
4173
4175
4176
4181
4183
4185
4186
4187
4193
4194
4198
4199
4200
4201
4202
4203
4204
4205
4207
4208
4209
4210
4211
4212
4213
4214
4215
4218
4219
4221
4222
4223
4224
4227
4228
4230
4232
4234
4236
4237
4239
4240
4241
4242
4243
4244
4245
4248
4250
4252
4253
4256
4257
4258
4260
4261
4262
4263
4264
4265
4266
4267
4271
4273
4275
4276
4279
4280
4282
4283
4284
4286
4287
4290
4293
4295
4296
4297
4298
4304
4306
4309
4310
4311
4314
4315
4316
4317
4319
4320
4322
4324
4325
4326
4328
4330
4331
4333
4336
4337
4338
4339
4340
4343
4347
4348
4349
4350
4351
4352
4353
4354
4355
4356
4357
4358
4360
4362
4364
4365
4366
4367
4368
4369
4371
4373
4374
4375
4376
4378
4379
4380
4382
4383
4384
4386
4387
4390
4391
4392
4393
4396
4397
4399
4400
4401
4402
4403
4407
4408
4411
4412
4413
4414
4415
4418
4419
4421
4424
4425
4428
4431
4433
4434
4435
4436
4439
4442
4444
4445
4446
4447
4448
4450
4451
4452
4453
4454
4455
4456
4457
4458
4459
4463
4464
4466
4467
4469
4470
4472
4475
4476
4478
4479
4480
4484
4485
4486
4487
4488
4489
4490
4492
4493
4496
4497
4498
4499
4500
4501
4503
4505
4506
4507
4508
4509
4511
4513
4515
4516
4517
4518
4519
4520
4521
4522
4523
4524
4527
4528
4529
4531
4532
4533
4534
4535
4536
4537
4538
4539
4540
4542
4543
4544
4547
4548
4549
4550
4551
4552
4554
4558
4559
4560
4561
4562
4563
4564
4565
4566
4568
4569
4572
4573
4576
4577
4578
4579
4581
4585
4586
4587
4588
4589
4590
4591
4594
4596
4597
4599
4600
4601
4602
4603
4605
4608
4609
4611
4612
4613
4614
4615
4616
4618
4619
4620
4621
4622
4625
4626
4627
4629
4631
4633
4634
4635
4638
4639
4641
4642
4643
4644
4647
4650
4651
4653
4654
4655
4656
4657
4658
4659
4660
4661
4663
4664
4665
4666
4667
4668
4670
4671
4673
4674
4675
4676
4678
4679
4680
4681
4682
4685
4686
4688
4689
4690
4691
4692
4693
4694
4695
4696
4697
4698
4699
4700
4701
4702
4703
4704
4705
4706
4707
4708
4709
4710
4711
4713
4715
4716
4718
4719
4721
4722
4724
4726
4727
4729
4730
4731
4732
4733
4734
4736
4738
4739
4740
4741
4743
4744
4745
4747
4749
4750
4751
4752
4753
4754
4758
4759
4760
4761
4762
4763
4764
4766
4767
4768
4769
4770
4771
4772
4774
4775
4776
4777
4779
4781
4785
4788
4789
4790
4793
4794
4796
4797
4798
4799
4800
4802
4803
4804
4805
4806
4807
4808
4809
4810
4812
4814
4817
4818
4820
4821
4822
4823
4825
4826
4827
4828
4829
4830
4831
4832
4833
4834
4836
4837
4838
4839
4840
4841
4842
4843
4844
4845
4846
4848
4849
4850
4851
4853
4854
4855
4856
4857
4860
4861
4863
4864
4865
4867
4869
4871
4875
4876
4877
4878
4879
4882
4883
4885
4886
4887
4890
4891
4893
4894
4895
4896
4898
4899
4900
4901
4902
4903
4906
4907
4909
4913
4914
4916
4917
4918
4920
4921
4922
4923
4924
4925
4926
4927
4928
4929
4931
4932
4933
4934
4935
4938
4939
4940
4941
4944
4945
4946
4947
4948
4949
4950
4951
4952
4953
4954
4955
4956
4957
4958
4959
4960
4961
4962
4963
4964
4967
4968
4969
4971
4972
4973
4974
4975
4976
4977
4978
4979
4980
4981
4982
4983
4985
4986
4989
4990
4992
4993
4996
4997
4998
5001
5004
5005
5006
5007
5008
5010
5012
5013
5014
5015
5017
5018
5019
5020
5022
5023
5024
5025
5026
5027
5028
5029
5030
5031
5034
5035
5036
5039
5042
5043
5045
5049
5054
5056
5058
5060
5061
5063
5064
5065
5066
5067
5069
5072
5075
5076
5077
5078
5079
5083
5086
5087
5088
5089
5091
5092
5093
5094
5096
5097
5098
5100
5101
5104
5105
5106
5108
5109
5110
5111
5112
5114
5115
5116
5117
5118
5120
5121
5122
5123
5124
5125
5126
5128
5129
5130
5132
5133
5134
5135
5137
5138
5139
5140
5142
5143
5146
5147
5148
5149
5150
5151
5153
5155
5156
5157
5159
5161
5162
5163
5165
5166
5167
5168
5170
5172
5173
5175
5180
5182
5183
5184
5185
5186
5189
5191
5192
5193
5194
5196
5197
5198
5199
5201
5202
5203
5204
5205
5207
5208
5210
5211
5212
5214
5215
5217
5221
5222
5223
5224
5225
5227
5228
5229
5231
5232
5233
5236
5237
5238
5241
5242
5244
5245
5246
5247
5249
5250
5251
5252
5253
5254
5255
5256
5257
5258
5259
5260
5261
5262
5263
5264
5265
5266
5267
5268
5269
5270
5271
5272
5273
5275
5276
5277
5278
5279
5280
5281
5282
5283
5284
5285
5286
5288
5289
5291
5292
5293
5294
5296
5297
5298
5299
5303
5305
5306
5307
5309
5310
5313
5315
5316
5317
5318
5319
5320
5322
5323
5324
5325
5326
5327
5328
5330
5331
5333
5334
5335
5336
5337
5339
5341
5343
5346
5347
5348
5349
5350
5353
5354
5356
5358
5359
5360
5363
5364
5366
5367
5368
5369
5372
5377
5379
5381
5383
5386
5387
5388
5390
5392
5395
5396
5397
5398
5399
5400
5401
5402
5404
5405
5406
5407
5408
5409
5411
5412
5413
5414
5415
5416
5417
5418
5419
5420
5421
5422
5424
5426
5427
5428
5429
5430
5431
5432
5433
5434
5436
5437
5438
5439
5440
5442
5443
5444
5445
5446
5448
5449
5450
5451
5452
5453
5455
5456
5457
5459
5460
5461
5462
5463
5464
5466
5467
5468
5469
5470
5471
5472
5473
5476
5477
5478
5479
5481
5482
5483
5484
5485
5486
5487
5489
5490
5491
5492
5493
5494
5497
5499
5500
5501
5502
5503
5505
5506
5507
5508
5510
5511
5512
5513
5515
5516
5517
5518
5519
5520
5524
5525
5526
5527
5528
5529
5530
5531
5533
5534
5536
5537
5539
5540
5542
5543
5544
5545
5546
5547
5548
5550
5551
5552
5553
5554
5555
5556
5557
5559
5560
5562
5563
5564
5565
5566
5567
5569
5570
5571
5572
5573
5574
5575
5576
5577
5578
5579
5580
5583
5585
5586
5587
5588
5589
5590
5592
5593
5594
5595
5596
5597
5598
5599
5600
5601
5602
5604
5605
5606
5607
5610
5611
5612
5614
5615
5616
5618
5620
5621
5622
5623
5624
5625
5627
5629
5630
5631
5635
5636
5637
5639
5640
5641
5644
5645
5646
5647
5648
5649
5650
5651
5654
5656
5657
5658
5659
5660
5661
5662
5663
5664
5665
5667
5668
5669
5670
5671
5672
5674
5675
5676
5677
5679
5680
5681
5683
5684
5685
5687
5688
5689
5690
5691
5692
5693
5694
5695
5696
5697
5698
5699
5700
5702
5704
5707
5708
5709
5710
5711
5714
5716
5717
5718
5719
5721
5723
5724
5727
5728
5729
5730
5731
5732
5733
5734
5735
5736
5737
5738
5739
5740
5741
5742
5743
5744
5745
5746
5747
5750
5752
5753
5754
5755
5756
5757
5758
5759
5760
5762
5763
5764
5765
5766
5768
5769
5770
5771
5772
5776
5777
5778
5779
5781
5783
5785
5786
5787
5788
5790
5794
5796
5798
5800
5801
5802
5803
5805
5808
5809
5810
5811
5812
5816
5818
5819
5823
5824
5826
5828
5830
5831
5833
5834
5835
5836
5838
5839
5840
5841
5842
5843
5844
5845
5846
5847
5848
5849
5850
5851
5852
5853
5854
5855
5856
5857
5858
5859
5860
5861
5862
5863
5864
5865
5866
5868
5869
5870
5871
5873
5875
5876
5877
5878
5879
5880
5881
5882
5883
5884
5885
5887
5888
5889
5890
5891
5892
5893
5894
5895
5896
5897
5898
5899
5900
5901
5902
5903
5904
5905
5906
5907
5908
5909
5911
5913
5914
5915
5916
5917
5918
5920
5921
5922
5923
5924
5925
5926
5928
5929
5931
5933
5934
5936
5937
5938
5939
5940
5941
5942
5943
5944
5945
5946
5947
5950
5951
5953
5955
5956
5958
5959
5960
5963
5964
5965
5966
5968
5969
5970
5971
5973
5974
5975
5976
5977
5978
5979
5980
5981
5982
5983
5985
5986
5987
5988
5989
5990
5991
5992
5993
5994
5995
5996
5997
5999
6000
6001
6002
6004
6005
6008
6011
6012
6013
6014
6016
6017
6018
6019
6020
6021
6022
6023
6025
6026
6027
6028
6030
6032
6033
6034
6036
6037
6038
6039
6041
6043
6044
6045
6046
6047
6048
6049
6051
6052
6053
6054
6057
6058
6059
6060
6061
6062
6063
6065
6066
6067
6068
6069
6070
6071
6072
6073
6074
6075
6076
6077
6078
6079
6081
6083
6084
6085
6086
6087
6088
6089
6090
6091
6092
6093
6094
6096
6097
6100
6101
6105
6106
6110
6111
6112
6114
6115
6116
6117
6118
6119
6121
6122
6124
6125
6128
6130
6131
6132
6133
6134
6135
6136
6137
6138
6139
6142
6143
6144
6145
6147
6148
6149
6150
6151
6152
6153
6154
6155
6156
6157
6160
6161
6162
6163
6164
6165
6166
6168
6169
6170
6172
6174
6175
6176
6177
6178
6179
6180
6181
6182
6183
6184
6189
6190
6191
6194
6195
6196
6198
6199
6200
6204
6205
6206
6207
6208
6209
6211
6212
6213
6215
6216
6218
6221
6222
6223
6224
6226
6227
6228
6229
6230
6231
6232
6234
6235
6237
6238
6239
6240
6241
6243
6244
6245
6246
6247
6248
6249
6250
6251
6253
6254
6255
6256
6257
6258
6259
6260
6261
6263
6264
6265
6266
6267
6268
6269
6270
6271
6272
6273
6275
6277
6278
6279
6280
6282
6283
6286
6287
6288
6289
6290
6292
6293
6294
6295
6296
6298
6299
6301
6302
6305
6306
6308
6310
6312
6313
6314
6317
6318
6319
6320
6321
6322
6323
6325
6326
6327
6328
6329
6331
6333
6335
6336
6338
6339
6340
6341
6342
6343
6346
6349
6350
6352
6354
6355
6356
6357
6359
6360
6362
6364
6365
6366
6367
6368
6370
6371
6372
6374
6375
6376
6377
6378
6379
6380
6381
6382
6383
6385
6387
6390
6391
6392
6394
6395
6396
6399
6400
6402
6403
6404
6405
6406
6407
6408
6409
6410
6413
6414
6415
6419
6420
6421
6422
6424
6427
6428
6429
6430
6435
6436
6437
6439
6440
6441
6442
6443
6444
6446
6448
6449
6450
6451
6452
6454
6455
6456
6457
6458
6459
6461
6462
6463
6464
6465
6468
6469
6470
6471
6472
6473
6474
6475
6476
6477
6478
6479
6480
6482
6484
6485
6486
6488
6489
6490
6492
6493
6494
6495
6496
6497
6498
6499
6500
6501
6502
6503
6504
6505
6508
6509
6511
6512
6513
6515
6516
6518
6519
6520
6521
6522
6523
6524
6526
6527
6529
6530
6531
6533
6535
6536
6537
6538
6539
6540
6542
6544
6545
6546
6547
6548
6550
6551
6552
6553
6556
6558
6559
6560
6561
6563
6564
6565
6566
6567
6568
6570
6571
6572
6573
6575
6576
6577
6578
6579
6581
6583
6584
6585
6586
6587
6588
6589
6591
6592
6595
6596
6597
6599
6602
6604
6605
6606
6608
6609
6610
6611
6614
6615
6616
6619
6620
6621
6622
6623
6626
6628
6629
6631
6632
6633
6634
6635
6636
6637
6642
6643
6645
6646
6647
6648
6649
6650
6651
6652
6653
6656
6657
6658
6659
6660
6662
6663
6664
6665
6666
6667
6668
6670
6671
6672
6674
6676
6677
6678
6679
6680
6681
6682
6683
6684
6686
6689
6690
6691
6692
6693
6696
6697
6699
6700
6702
6704
6705
6706
6708
6709
6710
6712
6713
6714
6715
6716
6718
6719
6720
6721
6722
6724
6726
6729
6731
6733
6734
6737
6738
6739
6740
6742
6743
6744
6745
6746
6748
6751
6753
6754
6755
6759
6760
6761
6762
6763
6767
6768
6770
6773
6774
6775
6776
6780
6781
6782
6783
6785
6787
6790
6791
6793
6797
6798
6802
6803
6804
6806
6807
6808
6809
6811
6812
6816
6818
6821
6822
6824
6825
6826
6828
6829
6830
6831
6833
6834
6836
6837
6838
6843
6844
6845
6846
6848
6849
6853
6854
6855
6856
6858
6859
6860
6861
6864
6865
6867
6870
6871
6873
6874
6875
6876
6878
6879
6880
6881
6882
6883
6884
6885
6886
6887
6888
6889
6892
6893
6896
6900
6901
6902
6904
6906
6907
6908
6909
6910
6911
6912
6913
6915
6916
6917
6918
6919
6920
6921
6922
6923
6924
6925
6926
6927
6928
6929
6931
6932
6933
6934
6936
6937
6938
6941
6943
6944
6945
6947
6948
6949
6951
6952
6953
6954
6955
6956
6959
6961
6962
6963
6964
6965
6966
6969
6973
6976
6978
6982
6983
6984
6988
6989
6990
6992
6994
6996
7002
7005
7006
7007
7008
7011
7012
7013
7014
7017
7019
7020
7021
7023
7025
7026
7027
7029
7030
7031
7032
7033
7034
7037
7038
7039
7041
7043
7045
7046
7047
7049
7050
7051
7056
7057
7058
7059
7060
7061
7062
7065
7066
7067
7068
7069
7070
7071
7073
7074
7075
7076
7078
7081
7082
7084
7086
7087
7088
7089
7091
7093
7094
7095
7096
7097
7098
7099
7100
7101
7103
7104
7105
7106
7107
7108
7109
7110
7111
7112
7113
7114
7115
7116
7117
7118
7119
7120
7122
7123
7124
7125
7126
7127
7129
7130
7132
7135
7136
7137
7138
7142
7144
7145
7146
7147
7148
7149
7150
7151
7152
7153
7154
7155
7156
7157
7158
7159
7161
7162
7163
7164
7165
7166
7167
7168
7169
7170
7171
7172
7173
7175
7176
7177
7179
7180
7181
7182
7183
7184
7185
7186
7187
7188
7189
7190
7192
7193
7194
7197
7198
7199
7200
7202
7203
7204
7205
7206
7207
7208
7209
7210
7211
7212
7213
7215
7216
7217
7218
7219
7220
7221
7222
7223
7225
7226
7228
7229
7230
7232
7233
7234
7235
7236
7237
7238
7240
7241
7242
7243
7244
7245
7246
7247
7248
7249
7250
7251
7252
7253
7254
7256
7257
7258
7259
7260
7261
7263
7264
7265
7266
7268
7269
7271
7272
7273
7274
7275
7279
7280
7281
7282
7285
7286
7287
7288
7289
7290
7291
7292
7293
7294
7295
7296
7297
7299
7300
7301
7307
7308
7310
7311
7312
7313
7314
7315
7316
7317
7319
7320
7321
7322
7323
7324
7326
7327
7329
7332
7333
7334
7335
7336
7337
7340
7342
7345
7346
7347
7350
7351
7352
7353
7355
7357
7358
7360
7361
7362
7363
7364
7365
7366
7369
7372
7374
7377
7379
7380
7383
7384
7385
7386
7389
7390
7391
7392
7395
7396
7398
7399
7400
7401
7402
7404
7405
7406
7408
7409
7411
7413
7415
7416
7419
7420
7421
7423
7424
7425
7427
7428
7429
7431
7434
7436
7437
7439
7440
7441
7445
7446
7447
7448
7450
7451
7452
7454
7455
7456
7457
7458
7461
7462
7463
7464
7465
7466
7467
7468
7469
7470
7473
7474
7475
7476
7477
7478
7479
7480
7481
7484
7485
7486
7487
7489
7490
7491
7492
7493
7495
7497
7498
7500
7502
7503
7507
7509
7512
7513
7514
7515
7516
7517
7518
7520
7521
7523
7524
7525
7526
7527
7531
7533
7534
7535
7537
7542
7544
7546
7547
7549
7550
7551
7552
7554
7555
7556
7557
7558
7559
7560
7561
7562
7563
7564
7565
7566
7567
7568
7570
7571
7572
7573
7574
7575
7576
7577
7578
7579
7580
7581
7583
7584
7585
7588
7589
7590
7591
7592
7593
7594
7595
7596
7597
7598
7599
7600
7601
7602
7603
7604
7605
7606
7607
7608
7612
7613
7614
7615
7616
7617
7619
7620
7622
7623
7624
7626
7627
7629
7630
7632
7634
7635
7636
7637
7638
7639
7640
7641
7642
7643
7645
7646
7648
7649
7650
7651
7653
7654
7655
7656
7657
7658
7660
7663
7664
7665
7666
7667
7668
7669
7670
7672
7673
7674
7678
7680
7683
7684
7685
7686
7687
7688
7689
7690
7691
7693
7695
7698
7701
7702
7707
7708
7711
7714
7716
7721
7722
7723
7724
7725
7726
7727
7728
7730
7731
7732
7733
7735
7737
7738
7741
7742
7743
7745
7746
7748
7750
7752
7757
7763
7766
7772
7773
7774
7778
7779
7780
7782
7784
7787
7789
7791
7792
7793
7797
7798
7799
7800
7801
7804
7805
7806
7807
7808
7809
7811
7814
7815
7818
7822
7823
7827
7829
7833
7836
7837
7838
7839
7841
7842
7843
7845
7846
7848
7849
7851
7852
7854
7855
7856
7857
7858
7859
7860
7861
7862
7863
7864
7866
7867
7868
7869
7873
7882
7883
7884
7887
7889
7890
7891
7892
7893
7894
7895
7897
7899
7901
7902
7903
7904
7905
7906
7908
7910
7915
7916
7917
7919
7921
7922
7923
7924
7925
7926
7930
7932
7933
7934
7936
7937
7942
7943
7947
7948
7951
7952
7954
7956
7957
7962
7965
7969
7972
7973
7974
7975
7976
7978
7979
7982
7983
7987
7990
7992
7993
7995
7996
7997
7998
8000
8006
8007
8008
8013
8014
8018
8019
8020
8021
8023
8025
8026
8027
8028
8031
8034
8040
8041
8042
8045
8046
8047
8052
8053
8054
8055
8056
8061
8063
8064
8065
8066
8068
8072
8073
8076
8079
8081
8097
8098
8099
8100
8114
8117
8124
8129
8132
8136
8138
8142
8144
8147
8148
8149
8154
8156
8159
8160
8161
8164
8165
8166
8169
8171
8173
8174
8183
8186
8187
8192
8193
8194
8197
8201
8204
8208
8210
8217
8218
8220
8221
8224
8228
8232
8235
8238
8241
8246
8247
8249
8250
8251
8253
8256
8258
8260
8262
8263
8265
8271
8272
8286
8287
8289
8292
8293
8295
8296
8297
8298
8300
8308
8317
8318
8319
8323
8327
8328
8329
8330
8331
8333
8336
8342
8344
8346
8347
8363
8365
8373
8375
8376
8377
8378
8382
8384
8386
8387
8389
8393
8394
8396
8397
8398
8404
8406
8409
8411
8413
8414
8415
8417
8419
8421
8422
8426
8430
8431
8440
8441
8442
8444
8449
8456
8462
8464
8469
8470
8474
8475
8481
8485
8489
8490
8492
8493
8494
8495
8496
8497
8498
8503
8505
8506
8507
8508
8509
8514
8515
8518
8520
8521
8522
8523
8528
8529
8530
8532
8533
8534
8537
8538
8539
8540
8541
8542
8543
8544
8545
8546
8547
8548
8550
8551
8553
8554
8558
8559
8560
8561
8562
8565
8567
8568
8569
8572
8577
8579
8580
8585
8586
8588
8592
8594
8599
8600
8601
8603
8604
8609
8610
8615
8616
8617
8620
8622
8624
8625
8627
8628
8629
8636
8637
8639
8640
8642
8643
8649
8651
8652
8653
8654
8655
8658
8660
8661
8664
8671
8672
8673
8683
8685
8688
8690
8699
8702
8704
8705
8707
8720
8722
8724
8731
8732
8734
8736
8747
8748
8750
8753
8755
8756
8762
8765
8767
8768
8770
8775
8777
8786
8788
8790
8793
8795
8798
8799
8800
8804
8807
8808
8809
8813
8815
8816
8819
8820
8823
8824
8827
8828
8836
8837
8845
8846
8848
8852
8864
8870
8874
8885
8886
8889
8890
8892
8895
8896
8897
8899
8900
8901
8906
8911
8912
8920
8923
8924
8926
8930
8933
8934
8941
8943
8945
8946
8947
8948
8952
8957
8962
8965
8966
8972
8976
8978
8981
8985
8986
8988
8990
8996
8997
9003
9007
9008
9011
9014
9020
9021
9022
9027
9028
9029
9030
9031
9033
9035
9037
9038
9039
9041
9042
9043
9044
9045
9048
9050
9051
9052
9054
9055
9058
9059
9064
9066
9067
9068
9069
9072
9075
9077
9079
9081
9082
9084
9085
9086
9087
9088
9093
9094
9097
9101
9109
9115
9116
9118
9119
9121
9124
9125
9130
9131
9132
9135
9136
9137
9138
9140
9141
9144
9147
9148
9153
9155
9156
9159
9160
9162
9163
9167
9170
9174
9175
9177
9179
9180
9181
9182
9183
9184
9185
9190
9193
9194
9196
9198
9200
9201
9202
9203
9204
9205
9209
9210
9214
9216
9217
9220
9222
9225
9230
9231
9233
9234
9238
9239
9240
9242
9244
9245
9251
9253
9255
9256
9257
9259
9264
9268
9269
9271
9274
9275
9276
9279
9280
9282
9287
9289
9290
9291
9293
9294
9296
9303
9304
9305
9307
9309
9310
9312
9317
9318
9320
9324
9328
9330
9332
9333
9334
9335
9336
9337
9338
9339
9341
9342
9344
9345
9346
9349
9351
9353
9354
9355
9356
9357
9359
9363
9364
9365
9366
9369
9371
9372
9373
9374
9377
9379
9382
9384
9386
9390
9392
9393
9394
9395
9396
9398
9399
9402
9405
9406
9407
9411
9414
9415
9416
9418
9419
9420
9423
9425
9426
9429
9431
9432
9435
9436
9439
9441
9442
9443
9444
9445
9447
9448
9449
9451
9452
9454
9455
9460
9461
9462
9464
9465
9468
9470
9471
9472
9473
9474
9476
9478
9479
9481
9482
9485
9487
9488
9492
9494
9498
9499
9500
9501
9507
9508
9510
9511
9516
9519
9521
9522
9524
9525
9526
9527
9528
9529
9530
9531
9532
9533
9535
9537
9539
9541
9543
9546
9547
9549
9551
9552
9553
9554
9555
9556
9557
9558
9559
9561
9566
9570
9575
9576
9577
9580
9581
9585
9586
9587
9588
9589
9593
9594
9596
9597
9601
9602
9603
9605
9606
9607
9613
9614
9615
9617
9619
9621
9622
9623
9625
9631
9632
9633
9634
9635
9636
9637
9638
9641
9645
9647
9649
9651
9652
9653
9654
9656
9658
9660
9662
9664
9665
9666
9667
9669
9670
9671
9672
9673
9674
9675
9677
9678
9679
9680
9683
9684
9685
9686
9687
9690
9692
9693
9694
9695
9697
9703
9704
9707
9709
9710
9713
9716
9718
9720
9721
9723
9724
9727
9728
9729
9730
9734
9736
9737
9738
9740
9741
9742
9743
9744
9748
9749
9750
9752
9753
9754
9755
9756
9757
9758
9761
9762
9763
9764
9765
9766
9767
9768
9770
9771
9772
9773
9774
9776
9777
9778
9779
9781
9782
9783
9784
9786
9787
9789
9790
9792
9793
9794
9795
9796
9798
9802
9803
9804
9805
9806
9807
9809
9810
9811
9813
9814
9816
9817
9818
9822
9823
9824
9825
9826
9829
9833
9834
9836
9837
9838
9839
9840
9841
9842
9843
9844
9845
9846
9847
9851
9852
9853
9860
9861
9862
9866
9868
9869
9870
9871
9874
9875
9876
9878
9880
9881
9882
9885
9887
9888
9889
9891
9893
9894
9895
9896
9899
9900
9902
9903
9905
9907
9909
9910
9911
9914
9915
9916
9919
9920
9922
9923
9926
9928
9929
9930
9931
9932
9933
9934
9938
9941
9943
9946
9948
9949
9950
9951
9953
9954
9957
9961
9964
9966
9971
9972
9973
9975
9977
9978
9979
9980
9981
9983
9985
9986
9990
9992
9993
9994
9995
9997
10002
10003
10007
10008
10010
10012
10014
10015
10016
10017
10019
10020
10021
10026
10027
10030
10031
10032
10034
10035
10036
10040
10042
10043
10044
10045
10052
10059
10061
10062
10065
10066
10067
10068
10070
10071
10072
10074
10075
10080
10083
10084
10086
10087
10088
10089
10091
10094
10095
10096
10097
10100
10101
10102
10104
10105
10106
10107
10108
10110
10112
10113
10114
10115
10118
10119
10120
10121
10122
10123
10126
10128
10130
10132
10133
10134
10138
10139
10140
10142
10143
10144
10145
10148
10149
10151
10154
10155
10161
10162
10163
10164
10165
10166
10168
10169
10170
10171
10172
10173
10174
10175
10176
10178
10179
10182
10183
10184
10185
10186
10188
10189
10190
10192
10193
10194
10195
10196
10197
10199
10201
10202
10203
10204
10206
10207
10209
10210
10211
10212
10213
10215
10216
10219
10221
10222
10230
10232
10233
10234
10235
10237
10238
10241
10242
10243
10244
10245
10247
10248
10250
10252
10253
10255
10256
10257
10259
10260
10262
10263
10264
10265
10268
10269
10271
10275
10276
10280
10282
10283
10285
10287
10288
10290
10292
10294
10296
10304
10305
10307
10309
10310
10313
10314
10315
10316
10317
10320
10321
10322
10323
10324
10332
10334
10335
10336
10338
10339
10340
10341
10342
10345
10346
10347
10353
10356
10361
10362
10364
10365
10366
10367
10369
10371
10375
10378
10379
10380
10391
10392
10394
10395
10396
10401
10402
10403
10404
10408
10409
10410
10411
10412
10413
10415
10419
10426
10427
10429
10431
10434
10435
10436
10437
10439
10441
10443
10445
10448
10449
10450
10451
10456
10457
10462
10463
10465
10467
10470
10471
10472
10475
10476
10477
10478
10479
10480
10482
10483
10484
10487
10488
10489
10491
10492
10493
10496
10497
10500
10502
10504
10506
10507
10509
10511
10512
10513
10515
10520
10522
10523
10525
10526
10528
10529
10530
10531
10534
10535
10536
10537
10539
10543
10544
10545
10547
10548
10549
10551
10553
10555
10556
10560
10561
10562
10563
10564
10565
10568
10571
10572
10573
10575
10577
10579
10580
10587
10591
10593
10595
10597
10598
10599
10600
10603
10607
10608
10610
10611
10613
10617
10619
10620
10623
10625
10626
10629
10632
10633
10635
10637
10640
10641
10643
10646
10647
10648
10649
10650
10651
10652
10654
10655
10656
10662
10663
10667
10668
10671
10679
10681
10684
10685
10687
10688
10689
10691
10693
10694
10695
10696
10698
10699
10703
10704
10706
10708
10710
10712
10713
10715
10716
10718
10719
10720
10721
10723
10725
10728
10729
10731
10733
10737
10739
10743
10749
10750
10751
10752
10753
10762
10763
10765
10766
10767
10776
10777
10778
10782
10783
10784
10785
10787
10789
10790
10793
10794
10795
10797
10802
10804
10805
10807
10809
10811
10813
10816
10817
10818
10820
10821
10823
10826
10827
10828
10830
10831
10832
10835
10839
10840
10843
10845
10849
10850
10859
10860
10861
10862
10863
10865
10866
10868
10869
10870
10871
10872
10873
10874
10875
10876
10878
10880
10881
10882
10883
10884
10885
10886
10887
10888
10890
10891
10892
10893
10894
10895
10896
10897
10898
10899
10901
10902
10903
10904
10905
10906
10907
10909
10910
10911
10912
10913
10914
10915
10916
10917
10918
10919
10920
10921
10922
10923
10924
10928
10929
10930
10931
10932
10933
10934
10935
10936
10938
10939
10940
10941
10942
10943
10944
10949
10950
10953
10954
10955
10958
10962
10963
10964
10965
10967
10972
10973
10974
10975
10976
10977
10978
10980
10981
10982
10983
10985
10986
10988
10989
10990
10991
10992
10993
10994
10997
10998
10999
11000
11001
11003
11006
11007
11008
11011
11012
11013
11015
11016
11017
11018
11019
11020
11021
11022
11023
11028
11029
11030
11031
11033
11035
11038
11040
11042
11045
11046
11047
11048
11050
11051
11052
11053
11054
11055
11058
11059
11060
11061
11062
11063
11064
11065
11067
11068
11070
11071
11072
11074
11075
11076
11078
11079
11080
11081
11082
11083
11084
11085
11086
11087
11088
11089
11090
11091
11093
11094
11095
11096
11097
11099
11100
11101
11104
11105
11107
11109
11110
11111
11115
11117
11119
11120
11121
11124
11128
11130
11131
11132
11133
11134
11135
11137
11139
11140
11143
11144
11147
11148
11150
11152
11153
11154
11155
11156
11159
11160
11162
11163
11164
11165
11166
11167
11168
11169
11170
11171
11172
11173
11174
11176
11177
11178
11180
11181
11184
11187
11188
11189
11190
11191
11192
11193
11195
11196
11197
11198
11199
11201
11202
11203
11205
11208
11210
11211
11212
11214
11216
11217
11219
11220
11221
11222
11226
11227
11235
11242
11244
11248
11249
11253
11254
11255
11256
11257
11259
11260
11261
11263
11265
11266
11267
11270
11271
11273
11274
11276
11277
11278
11283
11286
11287
11290
11291
11294
11298
11301
11304
11310
11311
11312
11315
11316
11318
11319
11321
11322
11327
11329
11330
11333
11336
11337
11339
11340
11341
11346
11347
11348
11351
11352
11353
11355
11356
11358
11359
11360
11361
11363
11366
11367
11368
11369
11372
11374
11375
11378
11379
11380
11381
11382
11383
11384
11385
11386
11387
11388
11389
11391
11392
11393
11395
11396
11397
11399
11400
11401
11402
11404
11405
11407
11408
11409
11412
11413
11416
11418
11419
11421
11422
11423
11429
11432
11434
11436
11437
11438
11440
11441
11443
11444
11445
11446
11447
11448
11450
11451
11453
11454
11455
11456
11457
11460
11461
11462
11463
11464
11465
11466
11467
11468
11469
11472
11475
11476
11477
11480
11481
11482
11483
11486
11487
11492
11493
11495
11496
11498
11499
11500
11501
11503
11504
11505
11506
11507
11508
11509
11510
11513
11516
11519
11524
11526
11528
11529
11534
11536
11538
11541
11542
11543
11546
11551
11552
11554
11557
11559
11560
11561
11562
11563
11566
11574
11575
11576
11577
11578
11580
11583
11584
11585
11587
11588
11589
11592
11596
11597
11598
11609
11610
11614
11617
11622
11623
11626
11630
11631
11632
11633
11636
11641
11642
11643
11645
11649
11654
11658
11660
11665
11669
11671
11673
11676
11677
11679
11682
11684
11685
11687
11690
11691
11692
11693
11694
11696
11704
11707
11710
11711
11713
11719
11728
11733
11735
11740
11743
11746
11752
11754
11759
11760
11761
11765
11768
11770
11774
11775
11778
11780
11783
11786
11790
11791
11792
11796
11797
11799
11804
11809
11814
11815
11818
11820
11822
11823
11825
11827
11831
11832
11834
11835
11836
11838
11843
11844
11845
11849
11850
11851
11852
11853
11854
11855
11856
11857
11858
11859
11860
11861
11863
11864
11866
11868
11869
11871
11872
11874
11876
11879
11880
11881
11887
11888
11889
11890
11892
11893
11894
11895
11896
11897
11898
11899
11900
11903
11904
11905
11907
11908
11911
11913
11914
11915
11916
11918
11921
11922
11924
11925
11929
11930
11933
11935
11937
11938
11940
11941
11945
11946
11948
11955
11956
11957
11958
11959
11960
11961
11962
11963
11964
11965
11967
11969
11971
11976
11977
11979
11980
11981
11982
11983
11984
11986
11987
11989
11990
11994
11997
11998
12000
12003
12004
12006
12007
12008
12010
12011
12012
12013
12015
12016
12017
12021
12022
12023
12024
12025
12026
12027
12028
12029
12030
12031
12032
12033
12035
12039
12041
12042
12043
12044
12045
12046
12048
12050
12051
12052
12054
12055
12056
12058
12059
12061
12062
12064
12065
12067
12069
12070
12071
12074
12075
12080
12081
12082
12083
12084
12086
12087
12088
12091
12093
12095
12096
12098
12099
12100
12101
12103
12104
12105
12108
12110
12111
12113
12114
12116
12119
12120
12122
12123
12126
12127
12128
12131
12132
12135
12139
12140
12141
12144
12145
12146
12147
12148
12149
12150
12151
12152
12153
12155
12156
12157
12158
12159
12161
12162
12167
12168
12169
12170
12171
12174
12175
12176
12177
12178
12179
12182
12185
12188
12189
12190
12191
12192
12194
12196
12197
12198
12200
12202
12203
12206
12209
12211
12213
12214
12219
12220
12222
12224
12225
12226
12229
12232
12233
12235
12236
12237
12239
12241
12243
12245
12246
12247
12248
12249
12250
12252
12253
12254
12255
12257
12258
12259
12260
12261
12262
12263
12264
12265
12266
12268
12270
12271
12272
12273
12274
12275
12276
12278
12279
12281
12282
12284
12285
12286
12289
12291
12292
12293
12294
12295
12296
12299
12300
12301
12303
12305
12307
12308
12310
12311
12312
12314
12315
12316
12318
12319
12320
12321
12323
12324
12325
12326
12327
12328
12329
12330
12331
12332
12333
12334
12335
12336
12337
12338
12339
12340
12341
12342
12343
12344
12345
12346
12349
12350
12351
12353
12354
12355
12356
12357
12358
12360
12361
12362
12363
12364
12365
12366
12367
12369
12370
12371
12374
12375
12376
12378
12379
12380
12381
12382
12383
12384
12385
12388
12389
12390
12391
12392
12393
12395
12396
12397
12398
12399
12402
12404
12405
12406
12409
12410
12412
12414
12415
12416
12417
12418
12419
12420
12421
12422
12423
12426
12427
12428
12430
12431
12433
12437
12438
12439
12440
12446
12449
12450
12451
12452
12454
12455
12456
12459
12460
12461
12465
12466
12467
12470
12471
12472
12473
12474
12475
12476
12477
12479
12480
12481
12482
12483
12484
12486
12487
12488
12490
12491
12492
12493
12495
12496
12497
12498
12499
12500
12501
12502
12503
12505
12506
12507
12508
12510
12511
12512
12513
12515
12516
12517
12518
12519
12522
12525
12527
12531
12533
12534
12538
12540
12542
12543
12545
12546
12547
12548
12549
12552
12553
12554
12557
12558
12560
12562
12563
12564
12566
12567
12569
12570
12572
12573
12574
12575
12576
12577
12579
12580
12581
12582
12583
12584
12585
12586
12588
12589
12594
12596
12597
12598
12599
12600
12601
12603
12604
12606
12607
12608
12610
12611
12612
12613
12614
12615
12616
12617
12618
12621
12622
12623
12624
12625
12627
12628
12629
12630
12631
12632
12633
12634
12635
12636
12637
12639
12644
12647
12648
12649
12650
12652
12653
12654
12655
12656
12657
12658
12659
12660
12661
12664
12665
12666
12667
12668
12670
12672
12674
12675
12676
12677
12678
12679
12680
12681
12682
12684
12685
12687
12690
12694
12695
12696
12697
12698
12700
12701
12702
12703
12704
12705
12707
12709
12710
12711
12714
12718
12720
12721
12722
12726
12727
12729
12730
12732
12734
12735
12736
12738
12739
12740
12741
12742
12743
12744
12745
12746
12747
12748
12749
12750
12751
12752
12754
12755
12756
12757
12758
12759
12760
12761
12762
12763
12765
12766
12767
12769
12772
12773
12774
12775
12776
12777
12779
12780
12781
12782
12783
12784
12786
12787
12788
12789
12790
12791
12792
12793
12794
12799
12800
12803
12804
12806
12808
12810
12813
12814
12816
12819
12821
12823
12824
12825
12826
12829
12830
12833
12834
12835
12836
12837
12838
12839
12840
12841
12842
12843
12844
12845
12846
12847
12850
12851
12852
12853
12854
12855
12856
12858
12860
12861
12862
12863
12865
12866
12867
12868
12871
12872
12873
12874
12875
12876
12878
12879
12880
12881
12882
12883
12884
12886
12887
12888
12889
12890
12891
12892
12893
12894
12895
12896
12897
12898
12900
12901
12902
12903
12904
12905
12906
12907
12908
12909
12910
12911
12912
12913
12914
12916
12917
12918
12919
12920
12921
12922
12923
12924
12925
12926
12927
12928
12929
12930
12932
12933
12934
12935
12936
12937
12939
12942
12943
12944
12945
12946
12947
12948
12949
12950
12952
12957
12958
12959
12960
12961
12964
12965
12966
12967
12968
12969
12970
12972
12973
12974
12975
12976
12981
12982
12984
12985
12986
12987
12989
12991
12994
12995
12996
12997
12999
13000
13001
13003
13004
13005
13006
13009
13011
13012
13014
13015
13016
13017
13019
13024
13027
13030
13031
13032
13033
13034
13037
13038
13039
13041
13042
13045
13046
13047
13049
13050
13051
13052
13054
13055
13056
13059
13061
13062
13065
13066
13067
13069
13070
13071
13072
13074
13075
13076
13078
13083
13084
13085
13087
13088
13090
13091
13092
13094
13095
13096
13099
13100
13101
13102
13103
13104
13105
13107
13109
13110
13112
13114
13115
13117
13118
13119
13120
13121
13122
13123
13124
13125
13127
13128
13129
13131
13132
13133
13134
13135
13136
13137
13138
13140
13141
13142
13143
13144
13146
13147
13151
13152
13153
13154
13155
13156
13157
13158
13159
13160
13161
13162
13163
13164
13166
13168
13169
13170
13172
13173
13174
13175
13177
13178
13179
13180
13181
13182
13183
13184
13185
13186
13189
13191
13192
13193
13194
13195
13196
13197
13198
13199
13200
13201
13202
13203
13206
13207
13209
13211
13212
13217
13221
13222
13223
13224
13225
13226
13227
13228
13229
13230
13231
13232
13234
13236
13237
13238
13239
13240
13242
13243
13244
13245
13246
13247
13248
13249
13250
13251
13252
13253
13255
13257
13262
13263
13265
13266
13267
13268
13269
13270
13271
13272
13273
13274
13275
13276
13277
13279
13282
13283
13287
13288
13289
13290
13291
13292
13293
13294
13295
13297
13298
13299
13300
13301
13302
13303
13304
13305
13306
13309
13311
13312
13315
13316
13317
13318
13319
13322
13323
13324
13325
13328
13331
13332
13334
13336
13337
13338
13339
13340
13343
13344
13346
13348
13349
13352
13353
13354
13357
13358
13359
13360
13361
13362
13363
13365
13366
13367
13368
13369
13370
13372
13373
13374
13375
13376
13377
13379
13380
13381
13382
13383
13384
13385
13386
13387
13388
13389
13390
13391
13392
13393
13394
13395
13396
13397
13398
13401
13402
13404
13406
13407
13408
13409
13411
13413
13414
13416
13417
13419
13420
13421
13422
13423
13424
13426
13428
13429
13430
13432
13434
13436
13437
13438
13439
13440
13442
13444
13446
13449
13452
13453
13454
13455
13456
13457
13458
13459
13461
13463
13464
13465
13467
13468
13470
13472
13475
13476
13482
13485
13486
13488
13491
13493
13494
13496
13497
13498
13499
13501
13502
13503
13504
13506
13507
13510
13511
13512
13513
13514
13515
13516
13517
13518
13519
13520
13522
13523
13524
13526
13527
13530
13533
13534
13535
13536
13537
13538
13539
13540
13541
13542
13544
13545
13546
13548
13549
13550
13551
13552
13553
13554
13555
13556
13557
13558
13559
13560
13563
13564
13565
13567
13568
13571
13572
13573
13574
13575
13576
13579
13580
13581
13582
13583
13584
13585
13586
13587
13588
13590
13591
13592
13593
13595
13596
13597
13598
13599
13600
13601
13602
13603
13604
13605
13606
13607
13608
13609
13610
13612
13615
13616
13617
13618
13619
13620
13621
13622
13623
13624
13625
13626
13627
13628
13630
13631
13632
13634
13635
13638
13639
13642
13643
13644
13645
13646
13647
13648
13649
13650
13651
13653
13654
13655
13656
13657
13658
13659
13660
13661
13662
13663
13664
13665
13666
13667
13668
13669
13670
13671
13672
13673
13674
13675
13676
13677
13678
13679
13680
13681
13682
13683
13684
13685
13687
13688
13689
13691
13692
13695
13698
13699
13700
13701
13702
13703
13705
13706
13710
13711
13712
13713
13716
13717
13718
13719
13720
13721
13722
13723
13724
13725
13726
13727
13728
13729
13730
13731
13732
13734
13735
13736
13737
13739
13743
13744
13745
13749
13751
13752
13753
13754
13756
13757
13758
13759
13760
13761
13762
13763
13765
13766
13767
13768
13769
13771
13772
13773
13774
13775
13776
13778
13779
13780
13781
13782
13783
13784
13785
13786
13788
13789
13790
13791
13792
13793
13794
13795
13796
13797
13798
13800
13801
13802
13804
13805
13806
13808
13811
13812
13813
13815
13817
13818
13819
13820
13821
13822
13824
13825
13826
13827
13828
13829
13831
13832
13840
13841
13842
13844
13846
13847
13848
13849
13850
13851
13852
13855
13856
13857
13858
13859
13862
13866
13867
13869
13870
13874
13875
13876
13880
13881
13882
13883
13884
13885
13886
13888
13889
13890
13892
13893
13894
13895
13896
13897
13898
13899
13900
13902
13903
13904
13905
13906
13907
13908
13909
13910
13911
13912
13913
13914
13915
13916
13917
13918
13919
13920
13921
13922
13923
13924
13925
13928
13929
13930
13933
13934
13935
13936
13937
13939
13940
13941
13942
13944
13945
13946
13947
13948
13949
13950
13951
13952
13955
13957
13958
13959
13961
13964
13965
13967
13968
13969
13970
13971
13972
13973
13974
13975
13976
13977
13978
13980
13982
13984
13986
13987
13988
13989
13990
13992
13993
13995
13996
13997
13998
13999
14000
14001
14003
14005
14006
14007
14008
14010
14011
14012
14014
14015
14018
14019
14021
14023
14025
14027
14030
14031
14032
14033
14034
14035
14037
14038
14039
14040
14041
14042
14043
14046
14049
14050
14051
14052
14056
14057
14059
14060
14061
14062
14064
14066
14067
14068
14072
14074
14076
14078
14081
14084
14086
14088
14089
14092
14093
14095
14097
14099
14101
14102
14103
14104
14105
14106
14108
14112
14113
14115
14116
14117
14118
14119
14120
14121
14122
14123
14124
14125
14126
14127
14128
14129
14130
14131
14132
14133
14134
14135
14137
14138
14139
14140
14141
14142
14143
14144
14145
14146
14147
14148
14149
14150
14151
14152
14153
14154
14155
14156
14157
14158
14160
14161
14162
14163
14164
14165
14166
14167
14168
14169
14171
14172
14173
14174
14175
14177
14178
14179
14180
14182
14184
14186
14187
14188
14189
14191
14192
14194
14195
14196
14198
14199
14200
14201
14202
14203
14204
14205
14207
14209
14210
14211
14212
14215
14216
14217
14218
14219
14220
14221
14222
14223
14224
14225
14226
14227
14228
14229
14231
14232
14233
14234
14235
14236
14237
14238
14239
14244
14246
14247
14249
14250
14251
14252
14253
14255
14256
14257
14259
14261
14262
14263
14264
14265
14267
14273
14274
14276
14277
14282
14283
14284
14285
14287
14288
14289
14293
14294
14296
14297
14299
14300
14301
14305
14307
14308
14310
14312
14313
14314
14315
14316
14317
14318
14319
14320
14321
14322
14325
14327
14328
14329
14330
14331
14333
14334
14335
14337
14340
14342
14344
14345
14346
14347
14348
14350
14351
14352
14353
14354
14355
14356
14357
14358
14359
14360
14361
14362
14363
14365
14366
14369
14370
14371
14372
14374
14375
14377
14382
14383
14384
14385
14386
14387
14388
14389
14390
14391
14392
14394
14396
14399
14400
14401
14403
14404
14405
14407
14408
14409
14410
14411
14412
14413
14415
14418
14419
14420
14422
14425
14427
14428
14429
14430
14433
14434
14435
14436
14439
14444
14445
14448
14449
14450
14453
14455
14456
14461
14464
14466
14467
14470
14471
14472
14473
14474
14476
14477
14478
14481
14482
14483
14484
14485
14487
14489
14491
14494
14495
14499
14501
14502
14503
14504
14505
14506
14507
14509
14510
14513
14514
14515
14516
14517
14520
14522
14524
14526
14527
14531
14532
14533
14534
14536
14540
14541
14542
14543
14544
14546
14548
14549
14551
14552
14553
14554
14555
14556
14558
14559
14560
14561
14562
14563
14564
14565
14566
14567
14568
14569
14573
14574
14575
14576
14577
14578
14579
14580
14581
14582
14583
14584
14585
14586
14587
14588
14589
14590
14591
14593
14594
14595
14596
14597
14598
14599
14600
14601
14602
14603
14604
14605
14606
14607
14609
14610
14612
14613
14614
14615
14616
14617
14620
14625
14626
14627
14628
14631
14633
14638
14642
14644
14645
14647
14649
14650
14651
14654
14655
14657
14658
14661
14664
14665
14668
14670
14671
14673
14674
14676
14677
14678
14679
14680
14681
14682
14683
14686
14688
14690
14692
14694
14695
14696
14699
14700
14703
14705
14707
14709
14710
14712
14713
14714
14715
14718
14719
14721
14722
14723
14724
14725
14726
14727
14729
14730
14731
14732
14733
14734
14735
14736
14737
14738
14739
14740
14741
14742
14743
14744
14745
14746
14748
14749
14750
14751
14752
14756
14759
14760
14762
14763
14764
14765
14766
14768
14769
14770
14773
14775
14778
14779
14781
14783
14784
14786
14787
14788
14789
14791
14792
14793
14794
14795
14796
14797
14798
14799
14800
14801
14802
14803
14804
14805
14806
14807
14808
14809
14810
14811
14812
14813
14814
14815
14816
14817
14818
14819
14821
14822
14823
14824
14825
14826
14827
14828
14830
14832
14833
14834
14835
14836
14837
14839
14840
14841
14843
14844
14845
14848
14849
14851
14853
14854
14855
14856
14857
14858
14859
14860
14861
14862
14863
14864
14866
14867
14868
14869
14870
14871
14872
14873
14874
14876
14877
14879
14880
14881
14882
14883
14884
14885
14886
14887
14888
14889
14893
14894
14895
14896
14897
14898
14899
14900
14901
14902
14903
14904
14905
14907
14908
14909
14910
14911
14912
14914
14915
14917
14918
14919
14920
14921
14922
14923
14924
14925
14926
14928
14930
14931
14933
14934
14936
14937
14938
14939
14940
14941
14942
14943
14944
14945
14946
14947
14948
14950
14952
14953
14955
14957
14959
14961
14962
14963
14964
14965
14966
14967
14968
14969
14970
14972
14975
14976
14977
14980
14981
14982
14983
14984
14985
14986
14987
14988
14990
14991
14992
14993
14994
14996
14997
15001
15002
15003
15006
15008
15009
15010
15011
15014
15015
15016
15017
15019
15020
15021
15023
15025
15030
15031
15032
15033
15035
15036
15038
15040
15041
15042
15043
15044
15046
15047
15048
15049
15050
15051
15052
15054
15056
15057
15058
15059
15060
15062
15064
15065
15067
15068
15070
15071
15072
15073
15074
15075
15076
15078
15080
15081
15082
15083
15084
15086
15087
15088
15089
15090
15091
15092
15093
15094
15095
15096
15097
15098
15099
15101
15103
15105
15106
15107
15109
15110
15111
15112
15114
15115
15116
15117
15118
15119
15120
15121
15122
15123
15124
15125
15128
15129
15131
15132
15135
15136
15137
15139
15140
15141
15142
15143
15144
15145
15146
15147
15148
15149
15151
15152
15153
15154
15155
15159
15160
15161
15162
15163
15165
15166
15167
15168
15169
15171
15172
15173
15174
15175
15176
15177
15179
15180
15181
15182
15183
15184
15185
15186
15188
15189
15190
15191
15192
15193
15195
15196
15197
15198
15199
15201
15202
15203
15204
15205
15206
15207
15209
15211
15212
15214
15215
15216
15217
15219
15220
15221
15222
15223
15224
15226
15227
15228
15229
15230
15231
15232
15234
15235
15236
15237
15238
15239
15240
15241
15242
15243
15244
15245
15246
15247
15248
15249
15250
15251
15252
15253
15254
15255
15257
15259
15262
15263
15264
15265
15266
15268
15269
15270
15273
15274
15275
15276
15277
15278
15279
15280
15281
15283
15284
15286
15287
15288
15290
15291
15293
15294
15295
15296
15298
15299
15302
15303
15304
15306
15308
15309
15313
15314
15315
15317
15318
15319
15320
15321
15322
15323
15324
15329
15330
15332
15335
15336
15338
15339
15340
15341
15342
15344
15349
15351
15353
15355
15358
15360
15361
15363
15366
15367
15368
15369
15370
15371
15374
15376
15377
15378
15385
15386
15387
15388
15389
15390
15392
15393
15394
15395
15396
15397
15398
15399
15401
15409
15410
15413
15417
15418
15419
15421
15428
15429
15431
15432
15434
15435
15437
15439
15440
15442
15449
15453
15454
15455
15458
15460
15462
15465
15466
15467
15468
15469
15471
15472
15473
15474
15475
15476
15479
15480
15483
15484
15485
15486
15487
15488
15489
15490
15494
15496
15499
15501
15502
15503
15504
15506
15507
15508
15510
15511
15512
15514
15516
15517
15519
15520
15521
15522
15524
15532
15533
15534
15535
15537
15538
15540
15543
15544
15545
15546
15547
15549
15550
15552
15553
15555
15556
15558
15561
15562
15565
15566
15571
15573
15574
15575
15576
15577
15578
15579
15580
15581
15582
15583
15584
15585
15587
15590
15594
15596
15600
15603
15604
15605
15610
15613
15614
15620
15622
15625
15626
15629
15634
15636
15637
15638
15639
15642
15644
15648
15651
15652
15653
15654
15655
15657
15658
15659
15661
15663
15669
15670
15672
15677
15682
15685
15688
15690
15691
15694
15696
15697
15699
15700
15702
15703
15706
15709
15710
15712
15716
15717
15720
15722
15726
15727
15729
15735
15739
15741
15754
15756
15760
15768
15769
15770
15774
15779
15782
15783
15787
15795
15800
15810
15811
15814
15815
15816
15817
15820
15823
15830
15832
15836
15840
15841
15845
15847
15848
15850
15855
15856
15858
15859
15860
15861
15865
15871
15872
15874
15875
15879
15880
15881
15885
15889
15890
15892
15893
15894
15897
15898
15900
15901
15902
15908
15910
15913
15918
15920
15926
15939
15941
15942
15946
15947
15948
15949
15950
15951
15952
15955
15956
15960
15962
15964
15967
15968
15969
15970
15971
15975
15976
15978
15979
15980
15981
15986
15987
15992
15993
15995
15996
15997
15998
16001
16002
16003
16005
16012
16014
16016
16018
16021
16028
16031
16033
16034
16035
16036
16038
16040
16041
16042
16043
16045
16047
16048
16049
16050
16051
16057
16059
16066
16067
16070
16071
16072
16073
16076
16079
16083
16091
16092
16093
16094
16097
16098
16102
16107
16113
16114
16115
16118
16119
16122
16123
16125
16127
16128
16136
16139
16140
16141
16142
16145
16146
16149
16154
16157
16167
16173
16179
16180
16183
16185
16186
16187
16188
16189
16191
16192
16193
16194
16195
16196
16198
16199
16202
16204
16205
16209
16213
16219
16225
16228
16230
16239
16249
16251
16252
16258
16262
16263
16264
16265
16267
16268
16273
16276
16280
16285
16289
16291
16292
16294
16296
16303
16305
16306
16308
16309
16311
16313
16315
16318
16323
16324
16328
16332
16336
16337
16340
16341
16343
16347
16359
16364
16367
16369
16374
16385
16387
16388
16391
16395
16397
16398
16399
16402
16405
16409
16411
16415
16416
16417
16424
16425
16430
16431
16439
16450
16452
16453
16454
16456
16457
16458
16459
16462
16469
16472
16474
16476
16480
16481
16482
16483
16493
16496
16498
16499
16503
16504
16505
16511
16514
16515
16516
16519
16521
16525
16530
16531
16534
16537
16538
16540
16542
16544
16546
16547
16548
16551
16552
16553
16554
16555
16557
16559
16571
16573
16577
16579
16581
16587
16592
16594
16597
16599
16602
16606
16611
16612
16613
16618
16622
16623
16629
16631
16633
16636
16640
16641
16646
16647
16653
16660
16664
16665
16669
16670
16673
16678
16681
16688
16691
16692
16694
16699
16700
16701
16703
16705
16711
16715
16716
16719
16720
16723
16724
16728
16731
16732
16734
16735
16736
16737
16738
16741
16752
16755
16758
16759
16760
16763
16767
16769
16771
16772
16775
16777
16778
16779
16780
16785
16786
16787
16788
16791
16797
16806
16808
16811
16813
16816
16817
16821
16823
16825
16827
16830
16831
16832
16833
16834
16835
16836
16839
16840
16841
16842
16843
16845
16846
16851
16852
16853
16855
16857
16862
16868
16875
16877
16878
16881
16888
16889
16891
16895
16896
16898
16901
16902
16903
16904
16905
16907
16910
16914
16924
16925
16926
16927
16928
16930
16932
16938
16942
16943
16946
16949
16950
16952
16953
16955
16959
16961
16963
16964
16969
16974
16975
16976
16977
16979
16980
16981
16982
16983
16984
16985
16986
16991
16992
16994
16996
17002
17004
17008
17009
17011
17012
17016
17020
17021
17022
17023
17030
17031
17033
17034
17035
17036
17037
17042
17044
17049
17052
17053
17055
17061
17062
17063
17065
17066
17067
17070
17073
17074
17075
17078
17079
17081
17083
17085
17089
17090
17092
17093
17094
17096
17099
17102
17103
17104
17105
17106
17110
17111
17112
17115
17117
17119
17120
17122
17123
17125
17128
17130
17131
17134
17136
17137
17138
17139
17140
17141
17142
17143
17144
17146
17148
17149
17151
17153
17154
17156
17157
17159
17160
17162
17164
17165
17166
17167
17168
17170
17171
17174
17176
17177
17178
17179
17181
17185
17187
17188
17190
17191
17192
17193
17195
17197
17198
17200
17202
17203
17204
17205
17207
17209
17210
17212
17214
17215
17221
17222
17224
17225
17226
17227
17230
17232
17236
17237
17243
17244
17245
17247
17248
17250
17254
17255
17258
17266
17267
17269
17270
17271
17272
17273
17274
17275
17277
17279
17281
17282
17284
17285
17286
17287
17288
17289
17291
17294
17296
17301
17303
17304
17305
17308
17311
17312
17313
17314
17315
17317
17318
17321
17322
17323
17326
17327
17329
17330
17331
17332
17333
17336
17338
17339
17342
17345
17347
17348
17350
17352
17354
17355
17356
17358
17360
17361
17364
17365
17367
17368
17369
17370
17371
17372
17373
17375
17377
17378
17379
17380
17381
17383
17384
17386
17387
17388
17389
17390
17391
17392
17393
17394
17395
17399
17403
17404
17406
17407
17408
17409
17411
17412
17414
17417
17418
17419
17420
17421
17422
17423
17424
17425
17427
17428
17430
17432
17433
17434
17435
17436
17437
17439
17440
17441
17442
17443
17444
17445
17446
17447
17448
17449
17450
17451
17452
17453
17455
17456
17460
17461
17462
17465
17468
17469
17470
17471
17475
17476
17477
17478
17483
17484
17486
17488
17490
17491
17492
17493
17494
17495
17496
17497
17498
17499
17501
17502
17503
17504
17505
17508
17512
17518
17520
17521
17525
17526
17527
17528
17529
17531
17533
17535
17536
17538
17539
17540
17541
17542
17543
17544
17545
17546
17548
17549
17552
17553
17554
17555
17556
17558
17562
17566
17567
17571
17572
17573
17574
17575
17576
17577
17578
17579
17580
17581
17583
17584
17585
17586
17587
17590
17593
17594
17595
17597
17598
17599
17600
17601
17602
17603
17604
17605
17607
17608
17611
17612
17615
17617
17618
17620
17622
17626
17628
17629
17630
17631
17632
17634
17635
17636
17637
17638
17639
17642
17643
17645
17646
17647
17648
17649
17651
17652
17654
17657
17658
17659
17661
17662
17664
17665
17666
17669
17671
17672
17675
17678
17679
17680
17682
17683
17686
17687
17688
17689
17690
17691
17693
17694
17695
17699
17701
17706
17709
17711
17712
17715
17718
17719
17723
17726
17727
17733
17734
17735
17736
17738
17739
17740
17745
17746
17747
17751
17753
17755
17756
17757
17760
17762
17763
17764
17765
17766
17767
17768
17769
17773
17774
17776
17778
17780
17782
17783
17784
17785
17786
17790
17793
17794
17795
17796
17798
17799
17800
17801
17806
17807
17808
17809
17810
17811
17812
17813
17814
17815
17816
17817
17818
17819
17820
17821
17822
17823
17824
17826
17827
17828
17829
17830
17833
17834
17835
17836
17837
17838
17840
17841
17842
17843
17844
17848
17851
17853
17854
17856
17857
17858
17859
17861
17862
17864
17867
17868
17869
17870
17872
17873
17878
17880
17881
17882
17884
17885
17886
17887
17888
17889
17890
17891
17892
17893
17894
17895
17896
17897
17899
17901
17902
17903
17904
17906
17908
17911
17915
17916
17917
17919
17924
17927
17929
17933
17934
17936
17939
17945
17946
17947
17950
17951
17956
17958
17959
17961
17962
17964
17965
17967
17968
17971
17972
17973
17975
17976
17978
17986
17987
17988
17989
17990
17992
17994
17996
18000
18006
18012
18013
18014
18015
18016
18017
18020
18021
18022
18023
18029
18031
18033
18035
18037
18038
18039
18040
18044
18045
18047
18048
18052
18054
18056
18060
18062
18064
18067
18076
18078
18080
18081
18082
18083
18084
18085
18088
18090
18094
18098
18100
18101
18102
18107
18109
18112
18115
18120
18122
18126
18128
18129
18130
18132
18133
18134
18139
18140
18142
18144
18145
18146
18148
18150
18151
18152
18153
18155
18156
18157
18160
18161
18162
18163
18164
18165
18170
18171
18172
18174
18175
18177
18179
18181
18183
18184
18186
18189
18192
18193
18197
18198
18200
18202
18203
18205
18206
18207
18208
18210
18211
18212
18213
18214
18217
18218
18220
18222
18223
18224
18226
18227
18231
18236
18242
18244
18247
18248
18249
18253
18254
18258
18259
18262
18264
18265
18267
18270
18271
18273
18274
18276
18277
18283
18284
18287
18288
18291
18292
18293
18294
18295
18297
18300
18304
18305
18306
18310
18311
18312
18316
18317
18320
18321
18325
18329
18330
18331
18335
18336
18337
18338
18339
18340
18342
18343
18344
18345
18346
18349
18351
18352
18353
18354
18355
18356
18358
18361
18367
18369
18370
18377
18380
18381
18383
18385
18386
18387
18392
18396
18398
18400
18402
18404
18405
18406
18407
18409
18410
18411
18413
18414
18416
18417
18418
18428
18429
18430
18432
18434
18435
18440
18443
18444
18446
18447
18452
18453
18454
18456
18457
18458
18461
18462
18464
18466
18470
18471
18474
18475
18480
18481
18482
18486
18487
18490
18496
18499
18501
18503
18509
18511
18512
18513
18514
18516
18517
18518
18519
18520
18521
18522
18523
18527
18529
18530
18532
18533
18534
18536
18537
18538
18539
18541
18542
18543
18544
18546
18548
18549
18550
18552
18553
18555
18557
18560
18562
18563
18564
18565
18566
18567
18568
18569
18570
18573
18574
18575
18576
18578
18580
18581
18583
18585
18586
18587
18588
18589
18591
18592
18593
18594
18595
18596
18597
18599
18600
18601
18604
18605
18607
18608
18613
18614
18615
18616
18619
18620
18622
18623
18624
18626
18628
18629
18630
18631
18632
18633
18634
18636
18637
18638
18640
18641
18642
18643
18644
18645
18646
18648
18649
18650
18651
18652
18654
18657
18658
18659
18660
18661
18662
18663
18664
18665
18666
18667
18668
18669
18670
18672
18673
18674
18675
18679
18680
18681
18682
18684
18685
18686
18687
18688
18689
18690
18691
18692
18693
18694
18695
18696
18697
18698
18699
18700
18701
18702
18703
18704
18705
18706
18707
18709
18710
18711
18712
18714
18715
18716
18718
18719
18720
18722
18726
18727
18728
18729
18730
18731
18732
18733
18734
18735
18736
18737
18739
18740
18741
18742
18744
18745
18746
18747
18748
18749
18755
18756
18758
18762
18764
18766
18768
18770
18775
18776
18780
18781
18782
18783
18784
18786
18787
18788
18789
18790
18791
18793
18794
18795
18796
18798
18799
18800
18801
18802
18803
18806
18807
18809
18810
18811
18812
18814
18815
18816
18817
18818
18819
18820
18823
18824
18825
18827
18828
18829
18832
18834
18835
18840
18842
18843
18845
18846
18847
18849
18850
18851
18853
18854
18855
18858
18859
18861
18863
18866
18868
18870
18871
18872
18874
18877
18879
18884
18885
18886
18887
18890
18899
18900
18901
18902
18903
18904
18906
18907
18908
18909
18910
18911
18912
18914
18915
18916
18921
18922
18923
18924
18925
18926
18927
18931
18932
18935
18940
18941
18942
18943
18944
18945
18946
18947
18948
18949
18950
18952
18953
18959
18960
18961
18964
18966
18968
18969
18970
18971
18972
18973
18974
18975
18976
18978
18979
18981
18982
18983
18984
18985
18986
18987
18988
18989
18990
18991
18993
18994
18995
18999
19002
19003
19009
19011
19013
19016
19022
19025
19027
19029
19030
19031
19033
19034
19036
19040
19042
19043
19045
19046
19047
19048
19049
19050
19051
19052
19053
19054
19056
19059
19060
19065
19067
19071
19074
19075
19079
19081
19083
19084
19085
19087
19089
19091
19093
19095
19096
19097
19098
19100
19101
19104
19105
19106
19107
19109
19112
19113
19114
19117
19119
19120
19125
19127
19128
19129
19131
19132
19134
19135
19136
19140
19142
19143
19145
19146
19147
19148
19150
19151
19153
19154
19156
19157
19158
19159
19160
19161
19167
19171
19175
19177
19187
19188
19190
19197
19204
19205
19213
19216
19217
19219
19220
19225
19228
19231
19233
19234
19236
19249
19251
19253
19255
19257
19276
19284
19285
19289
19291
19296
19301
19303
19307
19308
19311
19312
19313
19315
19316
19317
19318
19322
19324
19325
19326
19327
19328
19335
19336
19343
19345
19348
19349
19351
19352
19358
19359
19365
19370
19375
19378
19379
19383
19384
19393
19394
19407
19409
19414
19419
19421
19423
19427
19432
19434
19436
19438
19441
19442
19443
19447
19448
19449
19453
19454
19455
19457
19458
19459
19461
19462
19463
19464
19465
19467
19469
19470
19471
19475
19476
19478
19481
19482
19483
19484
19485
19488
19489
19490
19491
19492
19493
19494
19495
19496
19499
19500
19503
19504
19505
19506
19507
19509
19513
19515
19516
19518
19519
19520
19521
19524
19525
19526
19527
19528
19529
19532
19533
19539
19540
19541
19542
19543
19544
19545
19546
19548
19549
19550
19552
19554
19556
19558
19559
19561
19562
19563
19564
19565
19567
19568
19569
19570
19572
19573
19576
19577
19579
19580
19581
19582
19584
19585
19587
19588
19594
19595
19600
19601
19607
19608
19609
19611
19612
19613
19615
19616
19617
19619
19620
19621
19623
19624
19627
19628
19629
19631
19635
19636
19637
19638
19642
19643
19646
19648
19651
19652
19653
19654
19656
19657
19658
19660
19661
19662
19663
19664
19666
19667
19669
19670
19671
19672
19674
19676
19677
19679
19680
19682
19683
19684
19687
19688
19689
19690
19692
19693
19695
19696
19697
19698
19700
19701
19702
19705
19709
19711
19712
19714
19715
19716
19717
19719
19720
19721
19722
19724
19725
19726
19727
19728
19729
19733
19735
19737
19741
19742
19743
19744
19745
19746
19747
19748
19750
19752
19753
19754
19756
19757
19758
19759
19761
19763
19764
19765
19766
19768
19769
19770
19771
19772
19773
19774
19775
19776
19777
19778
19779
19780
19781
19782
19783
19785
19786
19787
19790
19791
19792
19794
19795
19796
19798
19799
19800
19801
19802
19803
19805
19807
19808
19809
19810
19811
19812
19813
19814
19815
19816
19817
19818
19819
19820
19821
19822
19825
19826
19827
19829
19830
19832
19833
19834
19835
19837
19838
19839
19840
19841
19842
19843
19845
19848
19849
19850
19852
19859
19862
19863
19864
19865
19866
19868
19870
19873
19874
19877
19879
19880
19882
19883
19884
19888
19891
19892
19893
19895
19896
19898
19900
19901
19902
19903
19905
19906
19908
19909
19910
19911
19912
19913
19914
19915
19917
19918
19919
19922
19923
19924
19925
19926
19928
19929
19930
19933
19934
19935
19936
19937
19938
19939
19940
19941
19942
19943
19945
19947
19948
19949
19950
19951
19954
19955
19956
19957
19958
19960
19961
19962
19963
19966
19967
19969
19970
19971
19972
19973
19974
19975
19976
19977
19978
19979
19980
19981
19982
19983
19984
19985
19986
19987
19988
19989
19990
19991
19992
19993
19994
19995
19996
19997
19998
20000
20001
20002
20003
20004
20005
20006
20009
20011
20013
20014
20016
20017
20018
20019
20020
20021
20023
20025
20026
20027
20030
20032
20033
20034
20035
20037
20038
20039
20041
20042
20043
20045
20047
20048
20049
20050
20051
20053
20054
20055
20056
20057
20058
20059
20061
20062
20064
20065
20066
20068
20069
20070
20071
20072
20074
20075
20076
20077
20078
20079
20081
20082
20088
20090
20091
20092
20093
20094
20095
20096
20097
20098
20099
20101
20103
20105
20106
20107
20108
20109
20111
20112
20114
20116
20117
20120
20121
20122
20123
20124
20126
20127
20128
20129
20130
20131
20132
20133
20134
20135
20137
20138
20140
20141
20142
20143
20145
20146
20150
20151
20152
20153
20154
20155
20157
20158
20159
20160
20162
20163
20165
20166
20167
20168
20169
20170
20171
20173
20175
20176
20177
20178
20179
20183
20184
20185
20190
20192
20193
20194
20195
20196
20199
20200
20201
20204
20206
20212
20214
20217
20218
20220
20221
20222
20224
20225
20227
20228
20229
20230
20231
20232
20233
20234
20235
20239
20240
20242
20243
20244
20245
20246
20247
20248
20250
20252
20254
20255
20256
20257
20259
20261
20262
20263
20264
20266
20269
20272
20273
20274
20275
20276
20277
20278
20279
20280
20282
20283
20284
20285
20287
20288
20289
20292
20293
20294
20295
20297
20298
20300
20305
20306
20307
20308
20309
20310
20311
20312
20313
20314
20315
20316
20317
20318
20319
20321
20323
20324
20325
20326
20328
20329
20330
20331
20333
20334
20335
20336
20338
20339
20341
20344
20345
20347
20348
20352
20353
20354
20355
20356
20358
20360
20361
20362
20363
20364
20365
20367
20368
20369
20370
20371
20373
20377
20379
20380
20381
20382
20383
20384
20385
20387
20389
20390
20391
20392
20393
20394
20395
20396
20397
20398
20399
20400
20401
20402
20403
20405
20406
20407
20408
20409
20410
20411
20412
20414
20416
20417
20420
20421
20422
20423
20424
20426
20427
20431
20432
20434
20435
20437
20438
20440
20441
20442
20443
20444
20445
20446
20447
20448
20449
20450
20451
20452
20453
20454
20456
20457
20460
20461
20464
20465
20467
20468
20469
20470
20471
20472
20474
20475
20476
20477
20479
20480
20481
20483
20484
20485
20486
20487
20488
20489
20490
20491
20492
20493
20494
20495
20496
20497
20499
20500
20501
20502
20504
20505
20506
20507
20508
20511
20512
20513
20514
20515
20516
20517
20518
20519
20520
20521
20523
20524
20526
20527
20528
20529
20530
20531
20532
20534
20535
20536
20537
20538
20540
20541
20542
20543
20544
20547
20548
20549
20550
20551
20552
20553
20554
20555
20556
20557
20558
20559
20560
20561
20562
20563
20565
20566
20567
20568
20569
20570
20571
20572
20573
20574
20575
20576
20577
20579
20580
20581
20582
20583
20584
20585
20586
20587
20588
20590
20591
20592
20593
20595
20596
20597
20598
20603
20604
20605
20606
20607
20608
20609
20610
20615
20616
20619
20620
20623
20624
20625
20626
20628
20629
20630
20631
20632
20633
20635
20636
20638
20639
20640
20641
20642
20643
20645
20646
20647
20649
20650
20651
20652
20653
20654
20655
20658
20660
20664
20665
20667
20668
20669
20673
20674
20677
20678
20679
20680
20682
20684
20685
20687
20688
20690
20691
20692
20693
20694
20695
20696
20697
20702
20703
20704
20706
20709
20711
20713
20715
20716
20717
20718
20720
20721
20722
20723
20724
20726
20728
20729
20730
20731
20732
20735
20736
20737
20739
20740
20741
20742
20743
20744
20745
20746
20747
20748
20749
20750
20751
20752
20753
20754
20755
20756
20758
20759
20760
20761
20763
20764
20765
20766
20767
20769
20771
20773
20774
20775
20776
20777
20778
20779
20783
20784
20785
20786
20787
20788
20789
20790
20791
20792
20793
20794
20797
20798
20799
20801
20803
20805
20807
20808
20809
20810
20812
20813
20816
20817
20818
20819
20820
20821
20822
20823
20824
20825
20826
20827
20828
20829
20830
20831
20832
20833
20834
20835
20836
20837
20839
20840
20841
20842
20843
20844
20845
20847
20848
20849
20850
20853
20854
20855
20856
20857
20858
20860
20861
20863
20864
20869
20870
20871
20872
20873
20875
20876
20878
20879
20880
20881
20883
20884
20885
20886
20887
20888
20889
20890
20891
20892
20893
20894
20895
20896
20898
20899
20900
20901
20902
20903
20905
20906
20907
20908
20910
20912
20913
20914
20917
20918
20919
20920
20921
20922
20923
20924
20925
20926
20928
20930
20931
20932
20933
20934
20935
20937
20938
20939
20940
20941
20942
20943
20944
20946
20947
20951
20952
20953
20954
20955
20956
20957
20966
20967
20968
20970
20971
20972
20973
20974
20975
20976
20977
20978
20980
20981
20982
20984
20985
20986
20987
20988
20989
20990
20991
20992
20993
20994
20998
20999
21000
21002
21003
21004
21005
21006
21008
21009
21011
21012
21014
21017
21018
21019
21020
21021
21022
21024
21025
21026
21030
21031
21032
21033
21034
21035
21036
21037
21038
21039
21040
21041
21042
21043
21044
21046
21049
21050
21053
21054
21055
21056
21057
21058
21059
21060
21061
21062
21063
21065
21066
21067
21068
21069
21070
21071
21072
21073
21074
21075
21076
21079
21080
21081
21083
21084
21088
21089
21090
21091
21093
21095
21097
21098
21100
21101
21102
21103
21104
21105
21106
21107
21109
21111
21112
21113
21115
21117
21119
21120
21121
21125
21126
21127
21128
21130
21132
21134
21135
21136
21137
21139
21142
21143
21144
21145
21146
21149
21150
21151
21152
21153
21154
21155
21156
21157
21158
21159
21160
21161
21162
21163
21164
21166
21167
21168
21169
21170
21171
21173
21174
21175
21176
21177
21179
21180
21181
21183
21184
21185
21186
21187
21188
21189
21190
21191
21192
21194
21195
21196
21197
21198
21199
21200
21201
21202
21203
21204
21205
21206
21207
21208
21210
21211
21212
21213
21214
21215
21216
21217
21219
21220
21222
21223
21224
21226
21227
21228
21229
21230
21231
21232
21233
21234
21236
21237
21238
21239
21240
21242
21243
21244
21245
21246
21247
21248
21249
21250
21251
21252
21253
21254
21255
21256
21257
21258
21259
21261
21262
21263
21264
21266
21267
21268
21269
21270
21271
21273
21274
21275
21276
21278
21279
21280
21281
21282
21283
21284
21285
21286
21287
21288
21289
21290
21291
21292
21294
21295
21296
21297
21298
21300
21301
21303
21305
21306
21307
21308
21309
21310
21311
21312
21313
21314
21316
21317
21318
21319
21320
21321
21322
21324
21325
21326
21327
21328
21329
21330
21331
21332
21333
21334
21336
21338
21339
21340
21341
21343
21344
21349
21350
21351
21352
21353
21354
21355
21356
21358
21359
21360
21361
21362
21363
21364
21367
21368
21369
21370
21371
21372
21373
21374
21375
21376
21377
21378
21379
21380
21381
21382
21383
21384
21385
21386
21387
21390
21391
21392
21393
21394
21395
21396
21397
21398
21399
21401
21403
21404
21406
21407
21408
21410
21412
21413
21414
21415
21416
21417
21418
21422
21423
21425
21426
21428
21429
21430
21431
21432
21433
21434
21435
21436
21437
21438
21439
21440
21441
21442
21443
21445
21446
21447
21448
21449
21450
21451
21452
21453
21454
21455
21457
21458
21460
21462
21463
21465
21466
21469
21470
21474
21475
21476
21477
21478
21479
21480
21483
21485
21490
21491
21492
21493
21497
21498
21501
21502
21505
21507
21510
21512
21514
21515
21516
21517
21519
21520
21521
21522
21523
21527
21528
21529
21530
21533
21534
21535
21536
21537
21538
21539
21540
21541
21542
21543
21544
21545
21546
21547
21549
21550
21552
21554
21555
21556
21557
21558
21559
21560
21561
21563
21564
21565
21566
21567
21568
21569
21570
21571
21572
21573
21574
21575
21576
21577
21578
21579
21581
21582
21584
21585
21587
21588
21590
21591
21592
21593
21594
21595
21596
21597
21598
21600
21601
21603
21604
21605
21608
21610
21611
21612
21613
21614
21615
21617
21619
21620
21621
21622
21623
21624
21625
21626
21627
21628
21629
21631
21632
21633
21634
21635
21636
21637
21638
21639
21640
21641
21642
21643
21644
21645
21646
21647
21648
21649
21650
21651
21652
21654
21655
21656
21659
21661
21662
21663
21664
21665
21666
21667
21668
21669
21670
21672
21673
21676
21677
21680
21681
21682
21683
21684
21685
21686
21689
21690
21691
21692
21693
21694
21695
21696
21697
21699
21700
21701
21702
21703
21704
21706
21707
21711
21712
21713
21717
21718
21720
21721
21725
21726
21727
21728
21729
21730
21731
21732
21733
21734
21735
21737
21738
21739
21740
21741
21742
21743
21744
21746
21747
21749
21751
21752
21753
21756
21757
21760
21761
21762
21763
21765
21766
21767
21770
21771
21772
21773
21774
21775
21776
21777
21778
21779
21780
21781
21782
21783
21784
21785
21786
21787
21788
21789
21790
21791
21793
21794
21795
21796
21797
21798
21799
21800
21801
21802
21803
21804
21805
21806
21807
21809
21810
21812
21813
21814
21815
21816
21817
21818
21819
21820
21822
21823
21824
21825
21826
21827
21828
21829
21830
21831
21834
21835
21836
21837
21838
21839
21840
21841
21842
21843
21844
21846
21847
21848
21849
21850
21851
21852
21853
21854
21856
21858
21860
21861
21862
21863
21864
21865
21866
21867
21868
21869
21870
21871
21873
21874
21875
21876
21878
21880
21882
21883
21884
21885
21886
21887
21888
21889
21891
21892
21893
21894
21896
21897
21898
21902
21903
21904
21905
21906
21907
21909
21910
21913
21919
21920
21921
21922
21923
21924
21925
21927
21928
21929
21930
21931
21932
21933
21935
21937
21938
21939
21943
21944
21945
21947
21948
21950
21951
21952
21953
21954
21955
21959
21963
21964
21966
21967
21969
21971
21972
21973
21974
21975
21976
21977
21978
21979
21980
21981
21982
21983
21984
21986
21987
21988
21991
21992
21993
21994
21995
21996
21997
21999
22001
22002
22004
22005
22007
22008
22010
22011
22012
22014
22016
22017
22020
22021
22022
22023
22025
22026
22027
22028
22029
22030
22031
22032
22033
22036
22038
22042
22043
22044
22045
22046
22047
22050
22051
22052
22054
22058
22059
22060
22061
22063
22064
22067
22069
22072
22073
22074
22077
22079
22081
22083
22084
22086
22087
22088
22089
22090
22091
22095
22096
22097
22098
22099
22100
22102
22103
22104
22106
22107
22109
22110
22116
22118
22119
22120
22121
22122
22123
22126
22128
22129
22130
22131
22132
22136
22138
22139
22140
22142
22145
22148
22149
22150
22151
22153
22155
22156
22158
22159
22160
22161
22162
22163
22165
22166
22168
22169
22170
22171
22172
22173
22174
22175
22176
22177
22178
22179
22182
22183
22187
22188
22189
22191
22192
22193
22194
22197
22198
22200
22203
22204
22205
22206
22208
22209
22211
22212
22213
22214
22215
22216
22217
22218
22220
22221
22223
22224
22225
22226
22227
22228
22229
22230
22231
22232
22235
22236
22237
22238
22239
22240
22241
22242
22244
22245
22246
22247
22248
22249
22250
22251
22252
22254
22256
22259
22260
22261
22262
22264
22265
22266
22267
22268
22269
22270
22271
22274
22278
22280
22282
22283
22284
22285
22287
22288
22289
22290
22295
22296
22299
22301
22307
22309
22310
22312
22315
22317
22318
22319
22320
22321
22322
22323
22327
22328
22331
22332
22333
22335
22337
22338
22339
22340
22341
22342
22343
22344
22346
22348
22349
22351
22354
22355
22356
22358
22359
22361
22362
22363
22364
22367
22368
22369
22370
22373
22374
22375
22376
22377
22378
22379
22381
22383
22387
22388
22389
22391
22392
22393
22394
22395
22396
22397
22399
22401
22402
22403
22404
22405
22406
22408
22409
22410
22411
22413
22414
22415
22416
22418
22419
22420
22424
22426
22429
22430
22431
22432
22433
22434
22437
22438
22439
22440
22442
22443
22445
22446
22447
22448
22449
22450
22451
22452
22453
22454
22455
22456
22457
22458
22459
22460
22461
22462
22464
22465
22466
22467
22468
22470
22471
22472
22473
22474
22475
22477
22479
22480
22481
22483
22484
22485
22486
22487
22488
22489
22490
22491
22492
22493
22494
22495
22496
22498
22499
22502
22504
22506
22507
22508
22509
22510
22511
22512
22513
22514
22515
22516
22517
22518
22519
22520
22521
22522
22523
22525
22527
22528
22530
22534
22535
22536
22537
22538
22539
22540
22542
22543
22545
22546
22548
22549
22550
22551
22552
22554
22556
22557
22558
22559
22560
22561
22562
22563
22564
22565
22566
22568
22569
22570
22571
22572
22573
22574
22575
22576
22577
22578
22579
22581
22582
22584
22585
22587
22588
22589
22590
22591
22592
22593
22594
22595
22596
22597
22598
22599
22600
22601
22602
22603
22606
22607
22608
22609
22612
22613
22615
22616
22617
22619
22620
22621
22622
22623
22626
22627
22628
22630
22632
22633
22634
22637
22638
22639
22640
22641
22643
22645
22647
22649
22652
22653
22654
22658
22659
22661
22665
22666
22667
22669
22671
22672
22673
22674
22675
22676
22678
22680
22681
22683
22684
22690
22691
22692
22694
22695
22696
22697
22698
22699
22701
22702
22703
22704
22706
22707
22709
22710
22711
22712
22713
22715
22716
22718
22719
22721
22722
22723
22725
22726
22727
22728
22729
22732
22733
22734
22735
22736
22737
22738
22739
22740
22742
22743
22744
22745
22746
22749
22750
22752
22753
22756
22757
22759
22760
22761
22762
22763
22764
22765
22767
22768
22770
22771
22772
22773
22774
22775
22776
22778
22779
22780
22781
22782
22784
22785
22786
22789
22790
22791
22792
22793
22794
22796
22797
22798
22799
22800
22802
22804
22805
22809
22810
22811
22812
22813
22815
22816
22817
22818
22819
22820
22822
22823
22824
22825
22826
22827
22828
22830
22833
22834
22835
22836
22837
22838
22839
22841
22842
22843
22846
22848
22851
22852
22853
22855
22856
22857
22862
22863
22864
22866
22867
22868
22869
22871
22872
22873
22874
22875
22876
22877
22878
22879
22880
22881
22882
22884
22885
22886
22887
22888
22890
22891
22892
22893
22894
22895
22896
22897
22898
22899
22901
22902
22903
22904
22905
22906
22908
22909
22913
22914
22915
22916
22917
22919
22920
22921
22922
22924
22926
22927
22928
22930
22933
22934
22935
22937
22938
22940
22941
22942
22943
22944
22945
22946
22948
22949
22951
22952
22953
22955
22956
22960
22961
22962
22963
22965
22966
22967
22968
22969
22970
22972
22974
22975
22977
22978
22979
22980
22981
22987
22988
22992
22993
22994
22995
22997
23000
23001
23002
23003
23006
23007
23008
23009
23011
23012
23013
23016
23018
23019
23021
23024
23025
23026
23027
23028
23029
23031
23032
23034
23039
23040
23041
23042
23044
23045
23046
23047
23048
23049
23050
23052
23054
23059
23060
23061
23064
23065
23067
23068
23074
23075
23080
23082
23083
23085
23086
23089
23090
23091
23092
23093
23097
23101
23102
23103
23104
23105
23107
23108
23112
23117
23118
23119
23121
23124
23127
23129
23135
23136
23138
23139
23140
23141
23143
23144
23145
23148
23150
23151
23153
23154
23155
23156
23157
23159
23160
23161
23162
23165
23166
23170
23173
23175
23176
23178
23179
23183
23185
23187
23188
23189
23190
23191
23193
23194
23196
23197
23200
23201
23203
23205
23206
23207
23209
23212
23215
23216
23217
23218
23224
23225
23226
23227
23228
23229
23230
23231
23232
23233
23234
23236
23237
23238
23242
23244
23247
23252
23253
23255
23257
23258
23259
23261
23270
23272
23274
23277
23278
23282
23283
23285
23287
23288
23289
23290
23291
23292
23297
23302
23304
23306
23308
23309
23310
23312
23314
23315
23322
23323
23325
23327
23330
23332
23333
23334
23336
23339
23342
23344
23352
23356
23357
23361
23363
23367
23368
23372
23374
23378
23382
23394
23409
23414
23420
23421
23425
23426
23429
23435
23442
23444
23448
23450
23451
23458
23461
23462
23463
23464
23468
23469
23474
23475
23477
23478
23481
23488
23493
23495
23496
23497
23499
23500
23501
23507
23509
23510
23511
23513
23517
23521
23522
23526
23542
23546
23547
23548
23549
23552
23553
23556
23558
23559
23560
23561
23567
23568
23575
23576
23581
23587
23588
23589
23590
23592
23594
23597
23600
23602
23603
23605
23606
23612
23614
23619
23620
23622
23624
23625
23626
23627
23628
23630
23638
23642
23644
23645
23646
23647
23649
23650
23651
23654
23659
23662
23663
23665
23669
23670
23672
23673
23675
23676
23679
23680
23682
23683
23684
23686
23690
23691
23694
23696
23699
23702
23706
23708
23710
23713
23714
23715
23718
23733
23734
23739
23741
23744
23745
23748
23750
23753
23754
23765
23766
23767
23768
23772
23773
23776
23777
23778
23784
23790
23791
23792
23793
23797
23798
23799
23801
23805
23807
23808
23809
23812
23814
23818
23822
23823
23825
23826
23827
23828
23830
23831
23833
23834
23837
23840
23841
23842
23843
23844
23845
23846
23847
23852
23853
23854
23857
23858
23859
23863
23864
23865
23869
23870
23879
23886
23888
23891
23892
23894
23895
23902
23909
23913
23916
23917
23919
23924
23929
23930
23931
23933
23935
23941
23942
23943
23945
23946
23947
23949
23952
23954
23955
23956
23957
23964
23966
23970
23973
23976
23984
23994
23997
24007
24026
24033
24046
24047
24050
24051
24059
24065
24068
24070
24072
24073
24074
24076
24077
24079
24089
24092
24098
24100
24102
24103
24109
24110
24111
24114
24117
24128
24130
24131
24132
24133
24134
24138
24139
24141
24142
24150
24154
24155
24171
24172
24175
24186
24187
24188
24194
24195
24198
24200
24203
24204
24205
24210
24211
24215
24217
24221
24224
24225
24227
24235
24236
24238
24244
24248
24249
24252
24253
24264
24265
24272
24274
24279
24280
24281
24284
24287
24288
24298
24300
24301
24306
24309
24312
24315
24336
24337
24342
24343
24344
24345
24346
24347
24350
24351
24354
24356
24358
24365
24368
24371
24375
24376
24377
24386
24388
24392
24395
24402
24403
24409
24412
24413
24415
24416
24418
24419
24420
24425
24427
24428
24429
24431
24432
24434
24437
24438
24439
24440
24449
24450
24451
24453
24457
24459
24461
24463
24465
24466
24468
24469
24472
24474
24475
24476
24479
24481
24482
24484
24485
24486
24487
24488
24489
24490
24493
24495
24497
24498
24499
24500
24504
24505
24507
24509
24513
24515
24523
24527
24532
24535
24536
24538
24541
24542
24543
24544
24546
24547
24552
24554
24557
24558
24561
24562
24563
24564
24565
24566
24569
24570
24571
24572
24575
24576
24577
24578
24581
24583
24584
24592
24594
24595
24598
24600
24601
24602
24603
24605
24606
24607
24608
24609
24610
24611
24618
24619
24620
24621
24622
24624
24625
24627
24628
24630
24631
24632
24633
24636
24637
24638
24639
24644
24646
24650
24651
24653
24654
24657
24659
24664
24665
24667
24670
24673
24681
24682
24683
24684
24693
24695
24696
24700
24704
24705
24714
24717
24718
24720
24722
24724
24726
24727
24731
24732
24735
24736
24737
24738
24739
24740
24741
24743
24745
24746
24747
24748
24750
24755
24756
24757
24758
24761
24766
24772
24773
24774
24775
24776
24777
24780
24784
24788
24790
24793
24794
24795
24796
24797
24800
24801
24802
24803
24805
24806
24807
24808
24809
24811
24812
24813
24815
24816
24817
24819
24820
24821
24823
24824
24825
24826
24829
24830
24831
24832
24833
24834
24836
24837
24838
24839
24840
24842
24843
24844
24847
24848
24849
24851
24853
24854
24855
24858
24860
24862
24863
24864
24865
24866
24867
24868
24870
24872
24873
24874
24875
24876
24878
24882
24883
24886
24888
24894
24896
24901
24902
24903
24906
24907
24908
24910
24912
24916
24917
24922
24924
24927
24928
24929
24931
24933
24935
24936
24939
24941
24942
24944
24945
24946
24952
24954
24956
24958
24961
24963
24964
24965
24966
24967
24969
24973
24974
24976
24978
24979
24983
24984
24985
24986
24987
24988
24989
24992
24993
24994
24995
24996
24998
25000
25001
25002
25003
25004
25006
25007
25009
25010
25011
25013
25015
25016
25019
25020
25021
25022
25023
25025
25026
25029
25030
25031
25032
25034
25035
25036
25038
25039
25040
25043
25044
25045
25046
25049
25052
25055
25056
25057
25059
25060
25061
25063
25065
25066
25067
25070
25071
25072
25073
25074
25075
25076
25078
25079
25081
25082
25083
25084
25085
25088
25091
25093
25094
25095
25096
25098
25101
25102
25104
25107
25108
25110
25111
25112
25113
25115
25116
25117
25118
25120
25122
25123
25126
25127
25128
25129
25131
25132
25133
25135
25136
25137
25138
25139
25141
25142
25144
25145
25146
25147
25148
25149
25151
25152
25153
25156
25159
25160
25161
25162
25164
25165
25166
25168
25169
25170
25171
25175
25176
25177
25178
25180
25181
25182
25186
25187
25189
25190
25191
25193
25195
25196
25197
25198
25199
25200
25201
25203
25204
25205
25206
25208
25210
25214
25215
25216
25217
25219
25221
25222
25223
25227
25229
25230
25232
25234
25235
25236
25237
25238
25240
25241
25242
25243
25244
25245
25246
25247
25248
25249
25250
25251
25253
25255
25256
25258
25259
25260
25262
25263
25266
25269
25270
25271
25272
25273
25274
25277
25278
25279
25282
25283
25286
25287
25289
25291
25292
25293
25294
25295
25296
25297
25298
25299
25301
25303
25306
25309
25310
25312
25313
25314
25317
25318
25319
25323
25330
25334
25336
25337
25339
25341
25343
25344
25346
25347
25350
25351
25357
25366
25367
25369
25370
25372
25373
25375
25376
25378
25380
25383
25385
25386
25387
25393
25395
25397
25399
25400
25402
25403
25404
25405
25406
25407
25408
25410
25411
25412
25413
25415
25416
25417
25420
25422
25424
25425
25428
25430
25432
25433
25434
25437
25438
25440
25441
25442
25443
25444
25445
25446
25449
25450
25451
25453
25457
25458
25459
25460
25462
25465
25466
25467
25468
25469
25470
25472
25473
25474
25475
25476
25477
25478
25479
25480
25481
25482
25483
25484
25486
25487
25488
25489
25490
25492
25493
25494
25495
25496
25497
25500
25501
25502
25505
25507
25508
25509
25510
25511
25512
25513
25514
25515
25516
25517
25519
25520
25522
25523
25524
25525
25527
25528
25529
25531
25532
25533
25534
25535
25537
25538
25539
25542
25543
25544
25546
25547
25550
25552
25553
25554
25555
25556
25557
25560
25561
25562
25563
25564
25565
25566
25567
25569
25571
25572
25575
25578
25582
25585
25586
25590
25593
25596
25600
25602
25606
25608
25609
25610
25611
25612
25613
25615
25616
25619
25622
25623
25624
25625
25626
25629
25633
25634
25635
25636
25637
25638
25639
25640
25641
25642
25643
25645
25652
25655
25657
25659
25661
25663
25664
25665
25666
25668
25671
25672
25673
25674
25678
25679
25684
25686
25688
25690
25691
25692
25694
25695
25696
25699
25702
25703
25704
25709
25712
25713
25714
25716
25717
25718
25720
25721
25722
25725
25728
25730
25731
25732
25733
25734
25735
25736
25737
25739
25740
25749
25752
25753
25755
25757
25758
25759
25762
25763
25764
25765
25766
25769
25772
25773
25777
25778
25779
25780
25783
25784
25789
25790
25792
25794
25795
25796
25797
25798
25799
25800
25804
25805
25807
25808
25809
25810
25814
25816
25817
25819
25822
25823
25824
25825
25826
25827
25829
25830
25831
25832
25833
25834
25836
25840
25841
25842
25847
25849
25850
25851
25853
25854
25857
25858
25859
25860
25861
25862
25863
25864
25865
25867
25868
25870
25872
25873
25874
25875
25876
25877
25878
25879
25880
25881
25882
25888
25889
25890
25891
25893
25894
25896
25897
25899
25905
25908
25909
25910
25911
25914
25915
25917
25918
25920
25921
25926
25927
25928
25930
25934
25937
25938
25940
25943
25944
25949
25951
25958
25960
25962
25963
25964
25966
25967
25968
25972
25973
25975
25976
25978
25981
25982
25983
25985
25987
25989
25991
25992
25993
25994
25995
25996
25997
25998
26001
26003
26004
26005
26006
26007
26010
26012
26015
26016
26017
26021
26022
26025
26026
26028
26030
26032
26033
26034
26036
26037
26044
26045
26049
26050
26051
26052
26054
26055
26056
26058
26060
26061
26065
26066
26067
26068
26069
26078
26079
26080
26081
26082
26083
26084
26089
26090
26091
26092
26094
26097
26098
26099
26102
26105
26106
26111
26113
26117
26121
26122
26124
26125
26126
26128
26129
26130
26131
26132
26134
26135
26138
26139
26140
26141
26142
26143
26150
26151
26153
26154
26155
26160
26162
26164
26165
26166
26167
26168
26169
26170
26171
26172
26173
26174
26176
26177
26178
26179
26180
26181
26183
26184
26186
26187
26188
26189
26190
26191
26192
26193
26194
26196
26200
26201
26203
26205
26206
26207
26208
26210
26211
26212
26213
26214
26215
26216
26217
26218
26219
26220
26221
26222
26224
26225
26226
26227
26228
26229
26230
26231
26232
26233
26234
26235
26236
26237
26239
26240
26241
26243
26245
26246
26247
26248
26249
26252
26255
26256
26258
26259
26260
26261
26263
26264
26265
26266
26267
26269
26270
26271
26272
26273
26274
26275
26277
26279
26282
26283
26284
26285
26287
26291
26292
26293
26294
26295
26296
26300
26301
26302
26304
26305
26306
26307
26308
26309
26312
26313
26316
26318
26319
26320
26323
26324
26325
26328
26329
26330
26332
26333
26335
26337
26338
26339
26346
26347
26348
26349
26352
26354
26355
26356
26357
26358
26360
26361
26362
26363
26364
26365
26366
26367
26369
26370
26371
26372
26374
26375
26377
26378
26379
26380
26381
26382
26383
26384
26385
26387
26388
26389
26391
26392
26393
26395
26396
26397
26399
26401
26402
26404
26405
26406
26407
26408
26409
26410
26412
26413
26414
26416
26417
26419
26420
26421
26423
26424
26425
26426
26427
26429
26432
26433
26435
26436
26437
26438
26439
26441
26442
26443
26444
26445
26446
26449
26450
26451
26454
26455
26456
26457
26458
26461
26462
26464
26465
26467
26468
26469
26470
26471
26473
26474
26475
26476
26477
26478
26480
26483
26485
26486
26487
26489
26491
26492
26494
26495
26496
26498
26499
26500
26501
26504
26505
26506
26507
26508
26510
26512
26513
26514
26516
26517
26518
26519
26522
26524
26527
26528
26529
26536
26537
26539
26542
26548
26551
26554
26556
26557
26558
26559
26560
26561
26562
26565
26566
26567
26568
26569
26570
26572
26573
26574
26575
26576
26577
26578
26579
26581
26583
26587
26588
26589
26591
26592
26594
26595
26596
26597
26598
26599
26600
26603
26604
26606
26607
26608
26609
26611
26612
26613
26614
26616
26618
26619
26620
26621
26622
26623
26624
26626
26627
26629
26630
26634
26636
26637
26639
26640
26641
26644
26645
26646
26653
26654
26656
26658
26660
26663
26664
26666
26669
26670
26673
26674
26676
26679
26681
26682
26683
26684
26685
26686
26687
26690
26691
26692
26693
26694
26696
26697
26698
26699
26701
26705
26706
26707
26708
26709
26710
26713
26714
26715
26716
26717
26719
26723
26724
26725
26726
26727
26730
26732
26733
26734
26735
26736
26738
26740
26741
26742
26743
26745
26747
26748
26749
26750
26751
26752
26753
26754
26755
26756
26758
26759
26760
26762
26764
26765
26766
26768
26769
26771
26772
26774
26775
26778
26780
26782
26783
26785
26787
26788
26790
26791
26793
26794
26795
26797
26799
26801
26802
26804
26805
26806
26807
26808
26811
26813
26814
26815
26816
26820
26823
26824
26833
26835
26836
26844
26845
26848
26849
26851
26862
26870
26875
26876
26879
26885
26886
26888
26889
26890
26899
26900
26901
26902
26909
26912
26915
26917
26918
26920
26928
26929
26934
26938
26939
26942
26946
26947
26952
26954
26958
26961
26963
26966
26970
26973
26977
26980
26983
26984
26985
26986
26993
26994
26995
26996
27004
27005
27011
27019
27021
27023
27026
27030
27034
27035
27036
27039
27045
27046
27052
27054
27056
27060
27061
27062
27066
27069
27070
27071
27073
27077
27085
27086
27087
27092
27093
27094
27096
27100
27101
27103
27104
27105
27108
27109
27111
27112
27123
27124
27125
27128
27129
27130
27133
27135
27136
27140
27143
27144
27145
27146
27147
27149
27150
27151
27152
27153
27154
27155
27156
27157
27158
27159
27160
27161
27162
27166
27168
27170
27172
27173
27174
27177
27178
27181
27182
27183
27185
27187
27190
27193
27194
27200
27202
27203
27205
27206
27207
27209
27210
27212
27213
27215
27216
27218
27219
27220
27221
27222
27226
27227
27228
27234
27235
27236
27238
27240
27241
27244
27246
27252
27253
27255
27256
27258
27259
27260
27261
27264
27266
27267
27269
27270
27271
27277
27279
27280
27282
27284
27286
27287
27289
27293
27294
27296
27298
27299
27300
27302
27303
27304
27305
27306
27307
27308
27310
27312
27313
27315
27316
27317
27318
27319
27320
27321
27323
27324
27325
27326
27327
27328
27329
27330
27333
27334
27335
27336
27339
27340
27341
27342
27343
27345
27347
27348
27351
27352
27353
27355
27356
27357
27358
27360
27361
27362
27363
27366
27367
27368
27369
27370
27371
27374
27375
27376
27377
27378
27379
27380
27383
27384
27386
27387
27389
27390
27391
27392
27393
27394
27395
27397
27398
27399
27400
27401
27403
27404
27406
27407
27410
27411
27414
27415
27416
27417
27419
27420
27423
27424
27425
27427
27428
27429
27430
27431
27434
27436
27437
27438
27439
27441
27442
27445
27446
27447
27448
27450
27451
27452
27454
27456
27458
27459
27461
27462
27463
27464
27465
27467
27468
27469
27471
27472
27473
27474
27475
27476
27478
27479
27484
27485
27486
27490
27492
27494
27495
27496
27497
27498
27500
27501
27502
27503
27505
27507
27509
27510
27513
27514
27518
27519
27521
27522
27523
27524
27526
27527
27528
27530
27531
27533
27536
27537
27540
27544
27546
27549
27550
27551
27552
27553
27554
27555
27557
27558
27559
27560
27561
27562
27563
27564
27565
27568
27570
27574
27575
27576
27578
27579
27580
27581
27583
27584
27586
27587
27588
27590
27591
27592
27593
27594
27595
27596
27599
27600
27601
27603
27605
27606
27607
27609
27610
27611
27613
27614
27617
27619
27621
27622
27623
27624
27626
27627
27628
27630
27631
27632
27636
27637
27638
27639
27640
27641
27642
27643
27644
27645
27646
27647
27648
27649
27650
27651
27652
27653
27654
27656
27657
27658
27659
27661
27662
27663
27664
27665
27667
27668
27669
27670
27671
27673
27674
27676
27677
27679
27680
27683
27684
27685
27686
27687
27688
27690
27691
27692
27693
27694
27696
27697
27698
27699
27701
27702
27703
27704
27705
27706
27707
27708
27710
27711
27712
27713
27714
27715
27716
27717
27718
27719
27720
27721
27722
27723
27724
27725
27726
27728
27729
27730
27732
27735
27736
27740
27741
27742
27743
27745
27746
27748
27752
27753
27754
27757
27758
27759
27761
27762
27763
27764
27765
27769
27770
27771
27773
27774
27776
27778
27779
27780
27781
27782
27783
27784
27785
27786
27787
27788
27789
27790
27791
27793
27794
27795
27796
27797
27798
27799
27803
27804
27805
27806
27807
27808
27809
27810
27811
27812
27813
27814
27816
27817
27818
27819
27820
27821
27826
27827
27828
27829
27830
27831
27832
27834
27835
27837
27840
27842
27844
27845
27846
27847
27849
27850
27852
27855
27856
27857
27858
27859
27861
27862
27866
27868
27869
27871
27873
27875
27876
27877
27878
27879
27880
27881
27882
27883
27884
27885
27886
27887
27888
27889
27890
27891
27893
27896
27897
27898
27899
27901
27902
27903
27905
27906
27908
27912
27913
27914
27915
27917
27922
27923
27924
27926
27927
27928
27929
27930
27931
27933
27934
27935
27936
27938
27939
27940
27944
27945
27946
27948
27949
27950
27951
27952
27953
27957
27958
27960
27961
27962
27963
27964
27966
27967
27968
27969
27970
27971
27972
27973
27974
27975
27978
27979
27981
27982
27984
27985
27986
27987
27989
27991
27993
27995
28002
28003
28004
28005
28006
28007
28009
28011
28012
28014
28015
28016
28017
28020
28021
28025
28028
28031
28032
28033
28034
28036
28037
28039
28040
28041
28042
28044
28045
28046
28047
28050
28051
28053
28054
28055
28056
28057
28058
28059
28061
28062
28063
28064
28065
28066
28067
28068
28069
28070
28071
28074
28075
28077
28078
28079
28081
28083
28084
28085
28086
28087
28088
28089
28090
28091
28094
28095
28100
28101
28102
28103
28106
28107
28108
28109
28110
28112
28113
28115
28116
28118
28119
28120
28121
28123
28126
28127
28128
28129
28130
28131
28133
28135
28136
28137
28138
28139
28140
28141
28142
28143
28144
28145
28146
28147
28150
28151
28152
28153
28154
28155
28156
28157
28162
28163
28164
28165
28166
28167
28168
28169
28170
28171
28172
28173
28175
28178
28179
28180
28181
28182
28183
28184
28185
28186
28187
28188
28189
28190
28192
28193
28194
28196
28201
28202
28203
28204
28205
28206
28207
28208
28209
28210
28211
28212
28213
28214
28215
28216
28217
28218
28219
28220
28221
28223
28224
28225
28226
28228
28229
28230
28231
28232
28233
28234
28235
28236
28237
28238
28239
28241
28242
28243
28244
28245
28246
28248
28249
28252
28253
28254
28255
28256
28257
28259
28260
28261
28264
28265
28266
28267
28268
28269
28270
28271
28272
28273
28274
28275
28276
28277
28278
28279
28280
28281
28282
28283
28285
28286
28288
28291
28292
28293
28294
28297
28298
28300
28301
28302
28303
28305
28306
28307
28308
28309
28310
28311
28312
28313
28315
28316
28317
28318
28319
28321
28322
28323
28324
28325
28326
28328
28329
28331
28332
28334
28335
28336
28337
28339
28340
28341
28342
28345
28349
28351
28352
28353
28354
28355
28356
28358
28359
28360
28361
28362
28364
28365
28366
28367
28368
28369
28370
28371
28372
28373
28374
28375
28376
28377
28379
28380
28386
28387
28390
28391
28392
28393
28394
28395
28397
28398
28400
28402
28403
28404
28405
28406
28407
28410
28411
28412
28415
28416
28417
28418
28419
28420
28421
28422
28423
28424
28425
28426
28427
28428
28429
28430
28431
28433
28435
28436
28437
28439
28440
28442
28443
28444
28445
28447
28448
28449
28451
28452
28453
28456
28457
28458
28459
28460
28462
28463
28464
28465
28466
28467
28468
28469
28470
28471
28472
28473
28474
28476
28477
28478
28479
28480
28481
28482
28483
28486
28487
28488
28490
28492
28493
28494
28495
28497
28499
28500
28501
28502
28503
28504
28505
28506
28507
28509
28510
28511
28513
28514
28516
28519
28521
28525
28526
28527
28528
28529
28530
28531
28532
28533
28534
28535
28536
28537
28538
28539
28540
28541
28542
28543
28544
28545
28546
28547
28549
28550
28551
28552
28553
28554
28555
28558
28559
28561
28562
28564
28565
28567
28568
28569
28570
28571
28573
28574
28575
28576
28577
28578
28579
28580
28581
28582
28584
28587
28589
28590
28591
28592
28593
28594
28597
28599
28600
28601
28603
28604
28605
28606
28608
28610
28613
28614
28615
28616
28617
28619
28620
28621
28622
28623
28625
28626
28627
28630
28632
28633
28636
28639
28640
28641
28642
28643
28644
28645
28646
28647
28649
28650
28651
28652
28653
28654
28659
28660
28663
28665
28667
28668
28669
28670
28671
28672
28673
28674
28675
28677
28679
28681
28682
28683
28684
28685
28687
28688
28689
28690
28692
28693
28694
28695
28696
28697
28699
28700
28701
28703
28704
28706
28707
28709
28711
28712
28713
28715
28718
28719
28720
28721
28722
28723
28725
28727
28728
28729
28730
28731
28733
28734
28736
28737
28741
28742
28743
28746
28750
28751
28752
28753
28754
28755
28756
28759
28761
28763
28764
28765
28766
28770
28771
28772
28774
28775
28778
28779
28781
28782
28786
28787
28788
28790
28793
28794
28795
28796
28798
28800
28801
28802
28803
28804
28805
28806
28807
28808
28809
28810
28811
28812
28813
28814
28815
28816
28817
28818
28819
28820
28821
28823
28825
28826
28827
28829
28830
28831
28832
28833
28836
28837
28839
28840
28841
28842
28843
28844
28845
28846
28847
28848
28849
28850
28851
28852
28854
28855
28856
28857
28858
28859
28860
28862
28863
28864
28865
28866
28867
28868
28871
28872
28873
28874
28875
28877
28879
28880
28882
28883
28884
28885
28886
28887
28888
28889
28890
28891
28892
28893
28894
28895
28896
28899
28901
28902
28903
28904
28905
28906
28907
28908
28909
28910
28911
28913
28914
28917
28919
28920
28921
28922
28923
28925
28926
28927
28928
28929
28930
28931
28933
28934
28935
28936
28937
28938
28941
28943
28944
28945
28946
28948
28949
28950
28952
28958
28959
28960
28961
28963
28964
28965
28966
28967
28968
28970
28971
28972
28973
28974
28975
28976
28977
28978
28979
28980
28981
28983
28984
28985
28987
28988
28989
28991
28992
28993
28994
28995
28996
28997
28999
29000
29001
29002
29004
29005
29007
29008
29009
29010
29012
29013
29016
29017
29018
29019
29020
29021
29022
29023
29024
29026
29027
29028
29029
29031
29032
29033
29034
29035
29036
29037
29038
29039
29041
29042
29044
29046
29047
29048
29050
29051
29052
29053
29054
29055
29057
29058
29059
29060
29061
29062
29063
29064
29065
29066
29067
29068
29069
29071
29072
29073
29074
29077
29078
29080
29082
29083
29084
29085
29086
29087
29088
29090
29091
29092
29093
29094
29095
29096
29097
29098
29099
29100
29101
29102
29103
29104
29105
29106
29107
29108
29109
29110
29113
29114
29115
29116
29117
29118
29119
29120
29121
29123
29124
29125
29126
29127
29130
29132
29133
29135
29136
29138
29141
29142
29143
29145
29147
29148
29149
29155
29157
29159
29160
29162
29163
29164
29165
29166
29169
29170
29171
29173
29174
29175
29176
29177
29178
29182
29184
29185
29186
29187
29189
29190
29191
29192
29193
29194
29195
29196
29197
29198
29200
29201
29203
29205
29206
29207
29208
29209
29210
29213
29215
29216
29218
29219
29220
29222
29223
29224
29228
29229
29230
29232
29234
29235
29238
29239
29240
29241
29242
29243
29246
29247
29248
29249
29250
29251
29253
29254
29255
29256
29258
29259
29261
29262
29263
29265
29267
29268
29269
29270
29271
29272
29273
29275
29277
29279
29281
29282
29283
29284
29286
29287
29288
29289
29290
29291
29292
29295
29298
29299
29300
29301
29302
29303
29304
29305
29306
29307
29308
29310
29312
29313
29314
29315
29316
29317
29318
29319
29320
29321
29322
29324
29326
29327
29328
29329
29330
29331
29333
29334
29335
29336
29337
29338
29339
29340
29343
29344
29345
29346
29352
29354
29355
29356
29357
29360
29366
29369
29370
29371
29373
29375
29377
29379
29380
29381
29382
29383
29384
29385
29386
29388
29390
29393
29395
29397
29398
29399
29400
29404
29405
29406
29407
29410
29412
29413
29417
29418
29419
29420
29422
29423
29424
29425
29426
29427
29428
29429
29430
29431
29432
29433
29434
29436
29437
29438
29439
29440
29441
29442
29443
29444
29445
29446
29447
29448
29449
29450
29451
29452
29453
29454
29455
29456
29458
29460
29461
29463
29464
29465
29466
29467
29470
29471
29472
29473
29474
29475
29476
29477
29478
29479
29480
29481
29482
29483
29484
29485
29487
29488
29489
29490
29491
29492
29493
29494
29495
29496
29497
29498
29499
29500
29501
29502
29503
29504
29505
29506
29507
29508
29509
29511
29513
29514
29515
29516
29517
29518
29519
29520
29521
29522
29524
29526
29528
29529
29530
29532
29533
29534
29535
29538
29539
29541
29542
29544
29545
29546
29547
29548
29549
29550
29554
29555
29558
29559
29562
29564
29567
29569
29570
29571
29572
29574
29575
29576
29578
29579
29582
29583
29585
29586
29589
29590
29591
29593
29595
29598
29599
29600
29602
29603
29604
29606
29607
29608
29612
29615
29616
29617
29618
29620
29621
29622
29623
29625
29626
29627
29628
29630
29633
29634
29635
29637
29638
29639
29642
29643
29644
29647
29649
29652
29653
29655
29656
29657
29658
29659
29661
29662
29663
29666
29667
29671
29672
29673
29674
29676
29677
29678
29679
29680
29681
29682
29684
29685
29686
29687
29691
29692
29693
29695
29696
29697
29698
29699
29700
29701
29703
29704
29705
29706
29707
29708
29709
29710
29711
29712
29714
29716
29718
29722
29724
29725
29726
29728
29729
29731
29732
29733
29734
29735
29740
29741
29742
29744
29746
29750
29751
29752
29753
29756
29758
29762
29763
29776
29777
29778
29780
29781
29783
29784
29785
29786
29787
29788
29792
29793
29795
29796
29797
29798
29802
29803
29807
29809
29812
29813
29814
29815
29816
29819
29820
29824
29825
29826
29827
29830
29831
29832
29833
29836
29838
29839
29841
29842
29843
29847
29848
29849
29850
29851
29853
29855
29856
29857
29859
29860
29862
29863
29864
29865
29866
29867
29868
29871
29872
29873
29874
29875
29876
29877
29878
29879
29880
29881
29882
29883
29884
29885
29886
29887
29888
29889
29890
29892
29895
29896
29897
29899
29900
29901
29903
29904
29905
29906
29907
29908
29909
29910
29911
29913
29914
29915
29916
29917
29920
29922
29928
29929
29930
29932
29934
29936
29940
29941
29942
29943
29944
29949
29950
29952
29954
29955
29957
29958
29959
29961
29962
29966
29967
29968
29970
29971
29972
29973
29976
29977
29979
29980
29981
29984
29985
29986
29990
29991
29992
29994
29996
29997
30001
30003
30004
30006
30007
30008
30009
30011
30013
30014
30015
30016
30018
30019
30020
30021
30024
30025
30026
30027
30028
30029
30030
30031
30033
30034
30035
30036
30038
30039
30041
30042
30044
30045
30046
30047
30048
30049
30050
30051
30056
30058
30059
30060
30061
30064
30065
30067
30068
30069
30071
30075
30076
30078
30080
30081
30082
30083
30085
30088
30089
30091
30092
30093
30094
30095
30096
30098
30099
30100
30101
30102
30103
30104
30105
30106
30107
30108
30109
30110
30112
30113
30114
30115
30116
30117
30118
30119
30121
30122
30123
30124
30125
30126
30127
30128
30129
30130
30131
30132
30134
30135
30136
30137
30138
30139
30140
30141
30142
30144
30146
30147
30148
30149
30150
30151
30152
30153
30154
30155
30157
30158
30159
30160
30161
30162
30164
30165
30166
30167
30168
30169
30170
30171
30172
30173
30174
30175
30177
30178
30179
30181
30182
30185
30186
30187
30188
30189
30190
30191
30193
30194
30196
30197
30198
30199
30200
30202
30203
30205
30207
30208
30209
30210
30211
30212
30213
30214
30215
30216
30217
30218
30219
30220
30221
30222
30223
30224
30225
30226
30227
30228
30229
30230
30232
30233
30235
30238
30239
30240
30241
30244
30245
30247
30248
30249
30250
30251
30252
30253
30254
30259
30260
30262
30263
30264
30265
30266
30267
30268
30269
30270
30272
30275
30277
30279
30280
30281
30283
30284
30285
30286
30287
30288
30291
30292
30293
30294
30295
30297
30298
30300
30303
30304
30305
30310
30311
30313
30314
30317
30318
30321
30322
30323
30324
30325
30330
30332
30333
30334
30335
30338
30342
30343
30346
30348
30349
30351
30352
30353
30354
30356
30357
30358
30359
30360
30361
30363
30364
30366
30367
30369
30372
30373
30375
30376
30377
30379
30380
30381
30383
30384
30385
30386
30387
30388
30389
30390
30391
30392
30393
30394
30396
30399
30401
30403
30405
30406
30407
30408
30409
30412
30413
30414
30415
30416
30418
30419
30420
30421
30422
30423
30424
30425
30426
30427
30430
30431
30432
30433
30434
30435
30437
30438
30440
30443
30446
30447
30448
30449
30450
30452
30453
30454
30455
30457
30458
30459
30460
30461
30463
30464
30466
30467
30468
30470
30471
30472
30475
30476
30477
30478
30479
30481
30483
30484
30485
30486
30487
30488
30489
30490
30491
30493
30494
30495
30496
30497
30499
30500
30502
30504
30505
30506
30507
30508
30509
30512
30513
30514
30518
30519
30521
30522
30525
30527
30528
30529
30530
30531
30532
30533
30534
30535
30537
30538
30539
30541
30542
30543
30546
30547
30548
30550
30551
30552
30553
30554
30555
30556
30558
30559
30560
30562
30563
30564
30566
30567
30568
30569
30570
30571
30572
30573
30574
30576
30577
30578
30579
30581
30582
30583
30584
30585
30586
30587
30589
30590
30591
30592
30593
30594
30595
30597
30598
30599
30601
30607
30609
30611
30612
30614
30615
30616
30617
30618
30619
30620
30621
30622
30624
30626
30628
30629
30630
30633
30636
30637
30638
30643
30644
30645
30646
30647
30649
30651
30652
30654
30657
30658
30659
30660
30663
30664
30667
30669
30670
30672
30673
30676
30678
30679
30680
30682
30686
30687
30690
30691
30692
30695
30696
30697
30698
30700
30701
30703
30704
30709
30711
30714
30716
30717
30723
30726
30728
30729
30731
30733
30734
30735
30736
30738
30739
30740
30742
30745
30746
30750
30751
30752
30754
30755
30756
30758
30760
30761
30762
30763
30766
30769
30770
30771
30774
30775
30777
30778
30779
30781
30782
30783
30784
30789
30790
30792
30793
30794
30797
30798
30801
30802
30805
30806
30807
30808
30809
30810
30811
30812
30813
30814
30815
30816
30817
30819
30821
30825
30831
30837
30838
30839
30841
30844
30845
30846
30847
30848
30849
30852
30853
30855
30858
30863
30866
30867
30868
30872
30874
30875
30876
30877
30878
30879
30881
30883
30884
30885
30886
30888
30889
30896
30897
30899
30900
30901
30903
30904
30905
30906
30911
30912
30913
30916
30917
30918
30919
30922
30923
30924
30925
30927
30930
30931
30935
30937
30938
30941
30944
30946
30947
30949
30951
30954
30956
30957
30958
30959
30966
30968
30969
30970
30971
30972
30975
30976
30982
30983
30987
30989
30991
30992
30993
30994
30995
30996
30997
30998
30999
31004
31008
31011
31012
31018
31019
31020
31027
31028
31029
31031
31035
31039
31056
31061
31064
31065
31068
31076
31085
31089
31091
31094
31097
31100
31101
31104
31106
31108
31112
31113
31114
31115
31116
31117
31120
31122
31125
31126
31127
31131
31134
31135
31136
31144
31147
31148
31153
31154
31155
31157
31158
31161
31162
31163
31167
31172
31173
31177
31181
31184
31185
31186
31191
31192
31195
31199
31200
31203
31204
31214
31215
31216
31217
31220
31227
31228
31229
31233
31234
31235
31238
31239
31241
31242
31243
31244
31247
31248
31250
31251
31253
31254
31256
31259
31260
31264
31267
31270
31274
31275
31279
31281
31289
31290
31292
31296
31297
31298
31299
31300
31302
31309
31311
31314
31315
31320
31322
31327
31331
31337
31339
31340
31342
31343
31345
31346
31347
31348
31350
31352
31354
31355
31356
31358
31361
31364
31365
31372
31373
31378
31382
31385
31392
31393
31394
31395
31396
31404
31405
31407
31408
31415
31416
31422
31423
31425
31427
31428
31432
31440
31442
31443
31446
31448
31451
31454
31459
31460
31462
31468
31471
31473
31474
31475
31476
31479
31481
31482
31483
31484
31485
31486
31487
31488
31490
31493
31494
31495
31496
31497
31499
31501
31503
31504
31505
31506
31507
31510
31515
31519
31520
31521
31523
31526
31532
31538
31539
31540
31548
31550
31552
31553
31560
31561
31566
31567
31569
31575
31576
31583
31586
31587
31593
31594
31596
31597
31598
31604
31605
31607
31609
31611
31614
31616
31617
31623
31624
31627
31630
31637
31649
31677
31690
31693
31695
31697
31707
31709
31710
31713
31719
31720
31721
31723
31724
31726
31728
31734
31737
31740
31744
31751
31752
31754
31755
31757
31760
31761
31764
31773
31777
31779
31782
31786
31789
31790
31791
31792
31795
31798
31800
31801
31806
31808
31809
31810
31813
31819
31823
31830
31831
31832
31834
31836
31837
31839
31840
31841
31847
31848
31853
31854
31855
31860
31865
31867
31869
31870
31871
31874
31883
31884
31885
31901
31904
31905
31909
31911
31912
31913
31918
31923
31924
31928
31930
31931
31932
31933
31935
31937
31938
31939
31940
31941
31945
31947
31949
31952
31954
31956
31960
31961
31962
31963
31966
31970
31974
31979
31982
31989
31993
31994
31996
31998
31999
32000
32001
32002
32009
32011
32015
32016
32018
32019
32020
32021
32022
32026
32035
32036
32039
32048
32049
32051
32052
32058
32061
32064
32065
32066
32069
32073
32074
32075
32077
32079
32080
32083
32086
32088
32089
32090
32091
32093
32097
32102
32104
32110
32111
32112
32113
32115
32116
32117
32118
32119
32123
32124
32126
32127
32128
32130
32131
32132
32133
32134
32135
32137
32138
32139
32140
32144
32147
32149
32152
32156
32157
32158
32159
32163
32168
32177
32180
32181
32186
32189
32190
32191
32192
32193
32197
32198
32204
32208
32212
32213
32215
32220
32225
32226
32227
32228
32229
32230
32235
32240
32243
32244
32245
32247
32248
32249
32252
32256
32257
32258
32259
32260
32263
32265
32270
32273
32274
32275
32276
32278
32279
32280
32281
32282
32284
32285
32286
32289
32290
32291
32292
32293
32297
32298
32302
32304
32305
32306
32315
32316
32320
32321
32322
32325
32327
32329
32330
32332
32333
32334
32335
32336
32337
32338
32339
32343
32346
32348
32350
32351
32352
32354
32355
32359
32361
32364
32365
32367
32372
32373
32378
32383
32385
32388
32389
32392
32394
32395
32396
32397
32398
32402
32407
32412
32413
32415
32417
32418
32419
32420
32421
32423
32424
32425
32426
32429
32433
32435
32436
32437
32438
32442
32443
32446
32447
32449
32450
32453
32456
32457
32459
32464
32465
32467
32468
32469
32470
32471
32472
32474
32475
32476
32478
32479
32480
32481
32482
32483
32484
32485
32486
32487
32488
32489
32491
32492
32493
32494
32495
32496
32497
32498
32499
32500
32503
32505
32506
32507
32510
32511
32512
32514
32515
32516
32517
32518
32523
32526
32527
32528
32529
32530
32531
32534
32536
32537
32539
32540
32541
32542
32546
32547
32548
32549
32550
32552
32554
32555
32556
32558
32559
32560
32563
32566
32568
32571
32573
32574
32575
32576
32577
32578
32580
32581
32582
32584
32586
32587
32588
32590
32591
32592
32594
32596
32597
32599
32601
32602
32603
32604
32605
32608
32611
32612
32613
32614
32615
32616
32617
32618
32619
32620
32621
32623
32626
32627
32628
32631
32632
32633
32635
32637
32638
32639
32640
32645
32646
32647
32648
32650
32655
32657
32658
32659
32660
32662
32665
32666
32668
32669
32670
32671
32672
32673
32674
32675
32677
32678
32680
32681
32682
32683
32684
32685
32686
32687
32688
32689
32690
32691
32692
32693
32694
32696
32697
32698
32699
32701
32702
32703
32706
32707
32708
32710
32711
32712
32713
32715
32716
32718
32719
32721
32722
32723
32724
32725
32726
32727
32728
32729
32732
32733
32734
32736
32737
32738
32740
32744
32745
32746
32750
32751
32752
32754
32755
32757
32758
32761
32762
32763
32764
32765
32767
32770
32771
32773
32776
32777
32778
32779
32780
32782
32783
32784
32785
32786
32787
32788
32789
32792
32794
32795
32796
32797
32798
32799
32800
32802
32804
32806
32807
32808
32810
32812
32813
32814
32815
32816
32818
32819
32820
32821
32822
32825
32827
32828
32829
32831
32832
32833
32834
32835
32837
32838
32840
32841
32842
32846
32847
32848
32849
32852
32853
32855
32856
32857
32858
32860
32861
32862
32864
32867
32868
32869
32870
32873
32874
32877
32878
32880
32881
32882
32883
32884
32885
32886
32887
32891
32892
32893
32895
32896
32897
32898
32900
32901
32902
32903
32906
32908
32910
32911
32913
32916
32918
32921
32922
32927
32928
32929
32931
32932
32933
32934
32939
32942
32943
32944
32945
32946
32947
32948
32949
32950
32953
32954
32955
32956
32959
32960
32961
32962
32963
32964
32965
32967
32968
32969
32970
32972
32973
32974
32975
32977
32978
32980
32981
32983
32987
32988
32989
32990
32992
32994
32995
32999
33001
33002
33004
33007
33008
33010
33014
33015
33017
33020
33021
33025
33028
33030
33031
33034
33036
33038
33039
33040
33041
33042
33043
33044
33046
33047
33048
33050
33051
33053
33054
33055
33063
33064
33065
33067
33068
33069
33071
33072
33074
33078
33080
33082
33083
33088
33090
33092
33093
33095
33096
33097
33098
33102
33103
33104
33105
33106
33108
33109
33110
33113
33114
33115
33116
33117
33118
33119
33120
33121
33122
33123
33124
33125
33126
33127
33128
33129
33130
33131
33132
33134
33135
33136
33137
33139
33140
33141
33142
33143
33144
33145
33146
33147
33151
33152
33154
33155
33158
33159
33160
33161
33162
33163
33164
33166
33167
33169
33170
33172
33173
33174
33175
33178
33179
33180
33181
33182
33183
33184
33185
33186
33188
33189
33190
33191
33192
33193
33195
33197
33198
33199
33200
33201
33202
33203
33204
33205
33206
33208
33211
33212
33213
33214
33215
33217
33218
33220
33221
33222
33224
33226
33228
33229
33231
33233
33236
33240
33247
33248
33252
33255
33256
33257
33258
33260
33261
33262
33265
33268
33270
33271
33273
33274
33277
33280
33281
33288
33289
33290
33291
33293
33294
33295
33296
33298
33300
33301
33302
33304
33308
33312
33315
33318
33319
33322
33323
33324
33325
33329
33333
33341
33345
33346
33348
33351
33355
33356
33363
33367
33370
33371
33372
33373
33377
33379
33380
33381
33383
33384
33386
33387
33388
33391
33392
33394
33395
33397
33398
33399
33403
33404
33405
33408
33410
33411
33415
33420
33430
33432
33434
33437
33440
33441
33443
33444
33447
33448
33449
33450
33451
33452
33453
33455
33456
33458
33459
33461
33462
33463
33464
33465
33467
33468
33469
33472
33473
33474
33475
33476
33477
33479
33480
33483
33484
33485
33487
33491
33492
33495
33498
33499
33500
33501
33502
33504
33505
33506
33507
33508
33512
33513
33521
33524
33525
33527
33528
33529
33530
33536
33539
33541
33544
33548
33550
33552
33558
33562
33563
33564
33565
33566
33568
33569
33571
33573
33576
33577
33579
33580
33581
33584
33587
33589
33593
33594
33595
33596
33599
33601
33604
33606
33614
33615
33616
33617
33620
33622
33624
33625
33626
33627
33628
33630
33633
33636
33637
33638
33639
33640
33641
33643
33644
33645
33646
33647
33648
33649
33650
33651
33652
33654
33655
33656
33657
33659
33662
33663
33666
33667
33669
33670
33671
33675
33676
33677
33683
33685
33688
33689
33690
33692
33693
33696
33698
33699
33701
33702
33705
33706
33708
33709
33710
33711
33715
33716
33718
33719
33730
33731
33732
33733
33734
33735
33737
33738
33741
33743
33745
33746
33747
33748
33749
33750
33752
33753
33756
33757
33764
33765
33768
33769
33778
33781
33784
33785
33786
33789
33792
33794
33796
33798
33799
33802
33803
33805
33806
33808
33811
33813
33815
33817
33819
33820
33821
33822
33823
33824
33826
33827
33828
33829
33832
33834
33835
33836
33837
33840
33841
33842
33843
33845
33846
33847
33849
33850
33851
33855
33856
33857
33858
33860
33861
33862
33863
33864
33865
33866
33867
33868
33869
33870
33872
33873
33874
33876
33877
33880
33881
33882
33884
33885
33886
33888
33889
33890
33892
33893
33894
33897
33898
33900
33901
33902
33907
33909
33911
33914
33916
33918
33919
33920
33921
33922
33923
33925
33926
33927
33928
33930
33931
33933
33934
33935
33936
33939
33941
33942
33943
33946
33947
33950
33951
33953
33958
33960
33962
33964
33965
33967
33968
33969
33970
33971
33973
33974
33975
33976
33977
33979
33980
33981
33982
33983
33985
33986
33987
33988
33990
33991
33992
33993
33995
33996
33999
34000
34001
34002
34003
34005
34006
34007
34008
34011
34012
34013
34014
34015
34016
34017
34018
34019
34020
34021
34023
34025
34027
34028
34029
34030
34031
34034
34035
34036
34037
34038
34039
34040
34041
34042
34043
34044
34046
34048
34049
34050
34054
34055
34056
34057
34059
34060
34063
34065
34067
34068
34070
34071
34072
34076
34077
34078
34079
34080
34081
34082
34083
34084
34086
34089
34091
34092
34093
34094
34095
34096
34099
34100
34102
34104
34105
34106
34107
34108
34109
34111
34112
34113
34114
34115
34116
34117
34119
34120
34121
34122
34123
34126
34127
34128
34129
34130
34131
34132
34133
34134
34135
34136
34137
34138
34141
34142
34143
34144
34146
34148
34149
34153
34154
34155
34156
34157
34158
34159
34160
34161
34165
34166
34167
34169
34170
34172
34173
34174
34175
34179
34181
34183
34187
34188
34189
34190
34191
34193
34198
34202
34207
34208
34209
34210
34212
34213
34214
34218
34219
34220
34223
34224
34225
34226
34227
34228
34229
34233
34236
34237
34240
34242
34243
34244
34245
34247
34250
34251
34252
34253
34256
34257
34260
34263
34264
34265
34267
34268
34269
34270
34271
34272
34273
34274
34275
34276
34277
34279
34280
34281
34283
34284
34285
34287
34288
34292
34293
34294
34295
34298
34299
34300
34301
34302
34303
34304
34305
34306
34307
34308
34309
34310
34311
34315
34321
34322
34323
34325
34326
34329
34332
34334
34337
34341
34343
34347
34348
34349
34350
34352
34354
34355
34357
34358
34359
34360
34361
34362
34363
34365
34370
34373
34375
34377
34383
34384
34389
34392
34393
34394
34395
34397
34399
34400
34402
34403
34404
34405
34406
34408
34409
34410
34411
34412
34413
34416
34418
34421
34422
34423
34426
34428
34431
34432
34433
34438
34439
34441
34442
34443
34445
34446
34447
34448
34451
34452
34453
34454
34456
34458
34459
34460
34463
34464
34468
34469
34470
34472
34474
34475
34481
34482
34484
34486
34487
34488
34494
34496
34498
34500
34501
34502
34503
34508
34517
34518
34527
34528
34530
34531
34536
34538
34539
34544
34545
34547
34549
34552
34559
34561
34563
34569
34575
34578
34580
34582
34585
34588
34589
34595
34601
34602
34607
34612
34617
34619
34624
34626
34629
34632
34637
34638
34639
34640
34644
34646
34648
34649
34659
34660
34662
34665
34666
34668
34673
34677
34681
34685
34686
34692
34695
34697
34706
34711
34718
34721
34722
34730
34734
34736
34740
34741
34742
34743
34744
34745
34746
34750
34751
34752
34755
34756
34757
34761
34763
34765
34766
34769
34771
34773
34774
34777
34778
34780
34783
34784
34787
34788
34789
34792
34793
34794
34797
34801
34802
34803
34804
34805
34806
34807
34808
34810
34811
34812
34814
34816
34817
34819
34820
34822
34823
34825
34827
34828
34829
34833
34834
34836
34837
34840
34845
34850
34851
34852
34853
34854
34856
34859
34860
34864
34867
34868
34869
34870
34875
34879
34882
34883
34884
34885
34886
34891
34892
34893
34899
34901
34902
34903
34904
34907
34908
34909
34910
34911
34912
34914
34916
34917
34918
34919
34921
34922
34926
34933
34934
34936
34937
34938
34939
34941
34944
34946
34952
34953
34954
34955
34956
34957
34958
34959
34961
34962
34963
34964
34966
34967
34968
34969
34970
34972
34973
34974
34976
34977
34978
34979
34980
34983
34984
34985
34986
34987
34988
34989
34990
34991
34992
34993
34994
34995
34996
34997
34998
34999
35002
35003
35005
35006
35007
35010
35011
35016
35017
35018
35019
35020
35022
35023
35026
35028
35029
35030
35032
35033
35037
35038
35039
35041
35043
35044
35048
35049
35050
35051
35054
35055
35056
35059
35060
35061
35062
35064
35065
35066
35067
35069
35071
35073
35074
35078
35080
35081
35082
35083
35084
35087
35088
35089
35090
35094
35096
35097
35098
35099
35101
35102
35103
35105
35107
35110
35112
35113
35114
35115
35116
35118
35119
35120
35121
35122
35124
35125
35126
35127
35129
35130
35131
35133
35137
35141
35143
35144
35145
35146
35151
35152
35154
35155
35156
35158
35160
35162
35165
35166
35167
35168
35169
35172
35173
35177
35179
35181
35182
35183
35185
35187
35190
35193
35194
35195
35197
35199
35201
35202
35203
35204
35205
35206
35208
35209
35210
35211
35212
35213
35214
35215
35216
35217
35218
35219
35221
35223
35224
35225
35226
35228
35230
35231
35232
35233
35234
35235
35236
35238
35239
35241
35242
35243
35245
35247
35248
35249
35251
35252
35253
35254
35255
35256
35257
35259
35262
35263
35265
35266
35268
35269
35270
35271
35272
35273
35274
35275
35276
35277
35278
35279
35281
35283
35284
35285
35288
35289
35290
35291
35292
35293
35294
35295
35296
35298
35299
35302
35303
35304
35307
35308
35309
35310
35311
35312
35313
35314
35315
35316
35317
35318
35319
35320
35321
35322
35323
35324
35325
35326
35327
35328
35329
35331
35335
35336
35338
35339
35340
35341
35344
35346
35347
35348
35349
35350
35351
35352
35353
35354
35355
35356
35357
35358
35360
35361
35362
35363
35364
35366
35367
35368
35369
35370
35371
35372
35373
35374
35375
35376
35377
35380
35381
35382
35385
35386
35387
35388
35391
35392
35393
35395
35396
35397
35399
35400
35402
35403
35404
35405
35408
35411
35415
35416
35417
35418
35419
35421
35422
35423
35424
35425
35427
35428
35429
35430
35431
35432
35433
35434
35436
35438
35439
35441
35442
35444
35445
35446
35447
35448
35449
35450
35451
35452
35454
35455
35456
35457
35458
35459
35461
35463
35464
35465
35468
35469
35471
35472
35473
35475
35477
35478
35480
35484
35485
35486
35487
35488
35490
35491
35492
35493
35494
35496
35498
35499
35500
35501
35503
35504
35505
35506
35508
35509
35515
35516
35520
35521
35522
35523
35524
35525
35527
35528
35529
35530
35531
35532
35533
35535
35536
35537
35538
35539
35540
35542
35544
35546
35547
35549
35550
35552
35553
35554
35555
35556
35557
35559
35560
35561
35563
35564
35565
35566
35567
35568
35569
35570
35571
35573
35574
35575
35578
35579
35580
35581
35582
35583
35584
35585
35587
35589
35590
35594
35595
35597
35598
35600
35601
35602
35604
35607
35608
35609
35611
35612
35613
35614
35617
35618
35619
35620
35621
35623
35624
35625
35626
35627
35628
35630
35631
35632
35633
35636
35637
35638
35639
35641
35643
35645
35646
35648
35650
35652
35653
35655
35656
35657
35658
35660
35662
35663
35665
35669
35670
35671
35672
35674
35676
35678
35679
35680
35681
35683
35684
35685
35686
35687
35688
35689
35691
35692
35693
35694
35695
35696
35697
35698
35701
35702
35703
35704
35705
35706
35707
35708
35709
35711
35712
35713
35714
35716
35717
35718
35719
35720
35721
35722
35724
35725
35726
35727
35728
35729
35730
35731
35732
35735
35736
35737
35738
35739
35740
35742
35743
35744
35745
35746
35750
35751
35753
35755
35756
35757
35759
35760
35761
35766
35767
35769
35770
35772
35774
35776
35779
35784
35787
35788
35789
35790
35791
35792
35793
35795
35796
35797
35798
35800
35801
35803
35804
35805
35806
35807
35808
35809
35810
35811
35812
35813
35814
35815
35816
35817
35818
35820
35823
35824
35826
35827
35828
35829
35830
35831
35832
35833
35834
35835
35837
35838
35839
35840
35843
35844
35846
35847
35848
35849
35850
35851
35852
35853
35854
35855
35856
35857
35858
35859
35860
35861
35862
35863
35864
35865
35866
35867
35868
35869
35870
35871
35872
35873
35874
35875
35876
35877
35878
35879
35880
35881
35882
35883
35884
35885
35888
35889
35890
35892
35893
35894
35895
35896
35898
35899
35900
35903
35907
35908
35909
35910
35915
35916
35918
35922
35923
35925
35926
35927
35928
35929
35931
35933
35934
35936
35937
35938
35940
35941
35942
35944
35945
35946
35947
35948
35949
35950
35952
35954
35956
35957
35958
35959
35960
35961
35962
35963
35965
35966
35967
35968
35970
35971
35974
35975
35976
35980
35981
35982
35983
35986
35989
35990
35991
35993
35994
35996
35998
36001
36002
36003
36004
36006
36007
36008
36009
36011
36012
36013
36014
36015
36016
36017
36018
36019
36020
36021
36022
36024
36025
36026
36028
36030
36031
36032
36033
36034
36036
36037
36038
36041
36042
36044
36045
36047
36048
36049
36050
36051
36053
36054
36055
36056
36057
36058
36059
36060
36061
36063
36064
36066
36067
36068
36069
36070
36071
36072
36073
36074
36075
36076
36077
36078
36079
36080
36081
36082
36084
36085
36086
36089
36092
36093
36094
36095
36096
36097
36098
36099
36100
36103
36104
36105
36106
36107
36109
36110
36111
36113
36114
36115
36116
36117
36118
36119
36120
36121
36122
36123
36124
36125
36126
36128
36129
36130
36131
36132
36133
36134
36135
36136
36137
36139
36140
36141
36142
36144
36145
36146
36147
36148
36150
36152
36153
36154
36155
36156
36157
36158
36159
36160
36161
36162
36163
36165
36167
36168
36170
36172
36173
36174
36176
36177
36178
36179
36180
36181
36182
36183
36184
36186
36187
36189
36190
36191
36192
36193
36194
36195
36196
36197
36198
36199
36200
36201
36202
36204
36205
36206
36209
36210
36211
36215
36216
36217
36220
36222
36223
36226
36227
36228
36229
36233
36236
36237
36238
36239
36240
36241
36242
36243
36244
36246
36247
36248
36249
36250
36252
36254
36255
36257
36258
36259
36260
36261
36263
36264
36265
36266
36267
36268
36269
36271
36272
36273
36274
36275
36276
36277
36278
36279
36281
36282
36285
36287
36289
36290
36291
36292
36294
36295
36296
36297
36298
36300
36302
36303
36306
36307
36308
36309
36310
36311
36312
36316
36318
36319
36320
36322
36324
36325
36326
36327
36328
36329
36332
36333
36334
36335
36336
36337
36338
36339
36340
36341
36342
36343
36344
36345
36346
36347
36348
36350
36351
36352
36353
36354
36355
36356
36357
36358
36359
36360
36361
36362
36363
36364
36366
36367
36368
36369
36371
36372
36373
36374
36375
36376
36377
36379
36383
36384
36385
36388
36389
36390
36391
36392
36393
36394
36395
36396
36398
36399
36400
36401
36403
36405
36406
36407
36410
36412
36414
36415
36418
36421
36422
36423
36427
36428
36429
36434
36437
36438
36439
36440
36442
36444
36445
36446
36447
36451
36452
36453
36454
36455
36456
36457
36458
36459
36460
36461
36462
36463
36464
36465
36467
36469
36470
36471
36473
36474
36475
36476
36477
36478
36479
36480
36481
36482
36483
36484
36486
36487
36490
36491
36492
36493
36495
36496
36497
36498
36500
36501
36502
36503
36505
36506
36508
36509
36510
36511
36512
36514
36515
36516
36517
36518
36519
36521
36522
36523
36525
36526
36527
36529
36530
36531
36532
36533
36534
36536
36537
36538
36539
36541
36542
36543
36544
36545
36546
36547
36550
36551
36552
36553
36554
36555
36556
36557
36558
36559
36560
36561
36562
36564
36569
36570
36571
36572
36573
36574
36575
36577
36578
36579
36580
36581
36582
36583
36584
36585
36586
36587
36588
36589
36590
36591
36592
36593
36595
36596
36597
36599
36600
36601
36602
36603
36606
36607
36608
36609
36610
36611
36612
36614
36616
36617
36618
36619
36620
36621
36622
36623
36624
36626
36627
36628
36629
36630
36633
36634
36635
36636
36637
36638
36642
36643
36644
36646
36647
36650
36651
36652
36653
36654
36655
36656
36658
36660
36661
36662
36663
36664
36665
36668
36669
36671
36672
36673
36674
36675
36677
36679
36681
36682
36683
36684
36687
36689
36690
36693
36694
36695
36697
36698
36699
36701
36702
36703
36704
36705
36708
36709
36712
36715
36716
36717
36718
36719
36720
36721
36723
36724
36725
36726
36727
36728
36729
36731
36732
36733
36734
36735
36737
36738
36739
36740
36741
36742
36743
36744
36745
36746
36747
36748
36750
36752
36753
36755
36756
36759
36760
36763
36764
36765
36766
36767
36768
36769
36770
36771
36772
36773
36775
36776
36777
36778
36779
36782
36783
36784
36786
36789
36790
36791
36793
36795
36796
36797
36798
36799
36801
36802
36803
36804
36807
36808
36811
36812
36813
36817
36818
36820
36821
36822
36824
36825
36826
36828
36830
36835
36836
36838
36840
36841
36842
36844
36845
36847
36848
36849
36850
36851
36852
36853
36854
36856
36857
36858
36859
36860
36861
36863
36864
36865
36866
36867
36869
36870
36871
36872
36873
36874
36876
36877
36878
36879
36880
36881
36883
36884
36886
36887
36889
36890
36891
36893
36894
36895
36896
36897
36898
36901
36902
36903
36907
36909
36910
36912
36913
36914
36918
36919
36921
36922
36923
36924
36925
36926
36927
36928
36929
36933
36935
36936
36937
36938
36939
36940
36941
36942
36944
36945
36946
36949
36950
36951
36952
36953
36954
36955
36956
36957
36958
36959
36960
36961
36963
36964
36965
36966
36967
36969
36971
36972
36974
36975
36976
36978
36979
36981
36982
36983
36984
36985
36988
36989
36990
36991
36992
36993
36994
36995
36996
36997
36998
36999
37000
37002
37003
37005
37006
37008
37009
37012
37014
37016
37017
37018
37019
37020
37022
37026
37027
37031
37032
37033
37034
37035
37036
37041
37045
37046
37048
37049
37051
37053
37054
37056
37057
37058
37063
37067
37068
37069
37070
37072
37073
37074
37075
37076
37077
37078
37079
37080
37081
37082
37083
37084
37085
37086
37087
37089
37090
37092
37093
37094
37095
37096
37097
37099
37100
37101
37102
37103
37104
37105
37106
37107
37108
37109
37110
37111
37112
37113
37114
37115
37116
37117
37118
37119
37120
37121
37122
37123
37124
37125
37126
37128
37129
37130
37131
37133
37134
37135
37136
37140
37141
37142
37143
37144
37146
37147
37148
37149
37150
37151
37152
37153
37154
37155
37156
37157
37158
37159
37160
37161
37162
37164
37165
37166
37167
37168
37169
37170
37172
37173
37174
37176
37177
37179
37180
37181
37182
37183
37185
37186
37187
37190
37192
37193
37195
37196
37197
37198
37199
37200
37202
37204
37205
37206
37207
37208
37209
37210
37213
37214
37215
37216
37217
37220
37222
37223
37224
37225
37226
37227
37230
37231
37232
37233
37234
37236
37241
37242
37244
37245
37246
37247
37249
37250
37251
37252
37253
37254
37255
37256
37259
37261
37264
37265
37266
37267
37268
37269
37270
37271
37272
37274
37276
37277
37278
37279
37281
37283
37284
37285
37286
37287
37288
37289
37292
37293
37295
37296
37297
37299
37301
37302
37303
37304
37305
37306
37307
37308
37309
37310
37311
37312
37313
37315
37316
37318
37320
37322
37325
37327
37329
37330
37331
37332
37337
37338
37340
37341
37344
37346
37347
37348
37349
37350
37351
37352
37354
37355
37356
37357
37358
37359
37360
37361
37363
37364
37365
37367
37368
37371
37379
37383
37385
37388
37390
37391
37392
37393
37394
37395
37398
37399
37401
37402
37403
37404
37407
37411
37412
37413
37414
37416
37419
37425
37426
37427
37428
37432
37434
37436
37437
37438
37439
37441
37442
37443
37445
37446
37449
37451
37452
37453
37454
37455
37460
37462
37463
37464
37465
37466
37467
37468
37470
37473
37476
37478
37479
37481
37482
37483
37485
37488
37490
37491
37492
37493
37495
37496
37497
37498
37501
37502
37503
37504
37505
37507
37511
37512
37514
37516
37517
37518
37520
37521
37522
37523
37524
37525
37526
37527
37528
37529
37530
37531
37534
37536
37537
37538
37539
37541
37543
37546
37547
37548
37549
37550
37551
37552
37553
37554
37555
37556
37557
37560
37561
37562
37565
37566
37568
37569
37571
37575
37576
37577
37578
37580
37583
37587
37588
37593
37594
37595
37596
37598
37600
37602
37605
37606
37609
37613
37614
37615
37616
37617
37618
37619
37620
37621
37622
37623
37624
37626
37628
37631
37633
37634
37635
37636
37638
37639
37640
37641
37645
37646
37647
37649
37651
37652
37653
37654
37656
37657
37658
37660
37662
37663
37664
37665
37667
37668
37670
37671
37672
37674
37677
37679
37680
37681
37682
37683
37684
37685
37686
37687
37688
37689
37690
37691
37692
37693
37695
37696
37697
37699
37703
37707
37708
37709
37710
37712
37713
37716
37717
37718
37721
37722
37724
37725
37727
37728
37729
37730
37731
37732
37733
37734
37736
37738
37739
37740
37741
37742
37743
37744
37745
37746
37747
37749
37750
37751
37752
37753
37754
37755
37756
37757
37758
37759
37760
37761
37762
37763
37764
37765
37766
37767
37768
37769
37770
37772
37773
37774
37775
37776
37777
37779
37780
37781
37782
37783
37786
37787
37788
37789
37790
37791
37792
37793
37794
37795
37798
37800
37803
37804
37805
37806
37807
37808
37809
37810
37811
37812
37813
37814
37815
37817
37818
37819
37820
37821
37822
37823
37824
37825
37826
37828
37829
37830
37831
37832
37834
37835
37836
37837
37838
37839
37840
37841
37842
37844
37845
37846
37847
37848
37850
37851
37852
37853
37854
37855
37856
37857
37858
37859
37860
37861
37862
37863
37864
37865
37866
37867
37870
37871
37872
37873
37874
37875
37876
37877
37878
37879
37880
37881
37882
37883
37886
37887
37889
37891
37892
37894
37895
37896
37899
37902
37903
37904
37905
37906
37908
37909
37910
37911
37912
37913
37914
37915
37917
37919
37920
37921
37922
37923
37924
37925
37930
37931
37933
37935
37936
37937
37938
37939
37941
37943
37944
37947
37949
37950
37951
37952
37954
37955
37961
37962
37963
37965
37967
37968
37969
37970
37973
37974
37975
37976
37979
37980
37984
37985
37987
37988
37989
37990
37993
37994
37995
37997
37999
38000
38001
38002
38003
38004
38005
38006
38007
38009
38010
38012
38013
38015
38016
38017
38019
38020
38021
38022
38023
38026
38028
38029
38030
38031
38032
38033
38034
38035
38036
38038
38039
38040
38041
38044
38045
38048
38050
38051
38052
38054
38055
38057
38058
38059
38060
38061
38063
38064
38065
38066
38067
38068
38069
38071
38072
38073
38074
38076
38077
38078
38079
38080
38081
38082
38083
38084
38085
38086
38087
38088
38089
38091
38092
38096
38097
38098
38099
38100
38101
38104
38105
38106
38108
38109
38110
38112
38113
38114
38115
38116
38117
38118
38119
38120
38122
38123
38124
38125
38127
38128
38129
38131
38132
38133
38135
38136
38137
38139
38140
38141
38142
38143
38144
38145
38146
38147
38148
38149
38151
38154
38155
38157
38158
38159
38161
38163
38164
38165
38166
38168
38169
38172
38174
38175
38176
38178
38179
38180
38183
38184
38186
38187
38188
38191
38192
38193
38194
38195
38196
38199
38201
38202
38203
38204
38205
38206
38207
38208
38211
38212
38213
38214
38216
38217
38219
38220
38221
38223
38224
38227
38228
38229
38231
38232
38233
38234
38235
38236
38238
38240
38243
38244
38245
38247
38248
38249
38253
38254
38255
38257
38258
38260
38262
38263
38264
38265
38266
38269
38270
38272
38273
38275
38276
38278
38282
38284
38288
38289
38290
38291
38293
38296
38297
38298
38299
38301
38303
38304
38305
38312
38313
38314
38318
38319
38323
38324
38325
38326
38327
38329
38331
38333
38334
38335
38336
38341
38342
38343
38345
38346
38347
38348
38349
38351
38353
38354
38356
38361
38362
38365
38367
38368
38369
38371
38372
38373
38374
38375
38380
38382
38384
38386
38387
38394
38396
38399
38401
38404
38405
38406
38409
38411
38412
38414
38415
38417
38418
38419
38421
38422
38426
38432
38436
38437
38439
38440
38441
38442
38443
38444
38447
38448
38449
38452
38455
38458
38460
38461
38462
38463
38464
38465
38466
38467
38470
38471
38472
38473
38474
38475
38487
38489
38491
38495
38496
38497
38499
38500
38501
38502
38503
38504
38506
38507
38508
38509
38511
38512
38513
38515
38519
38522
38523
38526
38527
38529
38530
38531
38532
38533
38535
38536
38538
38546
38547
38548
38549
38550
38554
38556
38557
38559
38560
38561
38562
38563
38565
38567
38570
38574
38575
38576
38578
38584
38588
38589
38591
38593
38596
38597
38598
38602
38605
38607
38609
38610
38621
38622
38624
38626
38632
38633
38635
38638
38644
38645
38646
38649
38650
38653
38654
38655
38656
38657
38658
38659
38660
38661
38665
38668
38669
38670
38676
38680
38688
38689
38692
38710
38714
38715
38722
38725
38726
38729
38737
38748
38752
38754
38756
38763
38765
38766
38770
38771
38775
38777
38780
38785
38788
38789
38790
38794
38796
38799
38808
38811
38812
38814
38815
38816
38817
38823
38826
38828
38832
38840
38847
38851
38853
38854
38855
38857
38858
38859
38861
38862
38866
38867
38874
38876
38879
38886
38890
38893
38894
38896
38899
38900
38901
38902
38903
38904
38908
38909
38914
38915
38916
38920
38921
38926
38927
38929
38930
38931
38932
38933
38934
38941
38944
38949
38950
38958
38959
38963
38964
38966
38967
38968
38972
38974
38977
38978
38986
38987
38988
38989
38992
38993
38997
38998
39000
39005
39008
39015
39016
39017
39022
39025
39026
39027
39034
39036
39038
39044
39045
39046
39048
39054
39060
39061
39063
39064
39066
39069
39072
39073
39078
39082
39083
39084
39089
39091
39093
39094
39096
39098
39099
39100
39101
39102
39105
39108
39111
39119
39121
39123
39126
39127
39128
39130
39132
39133
39134
39135
39137
39141
39142
39144
39145
39146
39147
39148
39149
39150
39151
39152
39155
39156
39157
39160
39161
39164
39165
39166
39167
39170
39171
39173
39177
39178
39182
39183
39189
39190
39194
39195
39196
39197
39199
39204
39205
39211
39212
39218
39219
39220
39221
39225
39229
39230
39231
39233
39234
39240
39243
39244
39246
39248
39249
39250
39252
39253
39255
39256
39257
39258
39259
39260
39262
39265
39267
39268
39270
39272
39275
39276
39278
39279
39281
39282
39286
39288
39291
39313
39314
39326
39327
39328
39334
39340
39345
39349
39351
39357
39359
39360
39363
39364
39368
39369
39371
39372
39378
39379
39386
39388
39391
39394
39398
39399
39403
39404
39408
39409
39410
39412
39413
39417
39420
39421
39429
39432
39433
39435
39443
39446
39448
39449
39450
39452
39455
39456
39457
39460
39463
39464
39476
39478
39481
39483
39484
39486
39487
39490
39491
39492
39493
39500
39504
39505
39507
39509
39511
39513
39522
39524
39526
39528
39530
39533
39534
39541
39544
39551
39556
39559
39566
39573
39574
39576
39579
39580
39581
39582
39583
39585
39586
39588
39589
39590
39594
39595
39597
39600
39605
39607
39608
39611
39618
39619
39621
39624
39625
39630
39631
39639
39640
39645
39646
39649
39651
39652
39653
39655
39656
39659
39660
39663
39667
39668
39670
39671
39672
39677
39678
39683
39687
39688
39690
39691
39693
39694
39700
39701
39705
39707
39710
39712
39714
39716
39717
39725
39726
39728
39731
39734
39736
39737
39739
39740
39745
39757
39758
39759
39760
39764
39765
39766
39767
39768
39769
39770
39774
39776
39777
39779
39781
39782
39783
39784
39785
39786
39787
39788
39789
39790
39791
39793
39794
39795
39797
39799
39800
39805
39806
39807
39809
39810
39812
39813
39816
39822
39825
39835
39836
39837
39838
39841
39843
39848
39849
39850
39852
39853
39855
39856
39857
39858
39859
39860
39862
39866
39867
39868
39871
39872
39873
39877
39878
39881
39887
39894
39895
39898
39904
39905
39907
39909
39911
39912
39913
39915
39916
39919
39920
39921
39922
39926
39927
39929
39930
39933
39934
39936
39937
39938
39941
39947
39948
39949
39957
39958
39959
39962
39964
39965
39969
39970
39971
39972
39978
39979
39981
39984
39985
39986
39989
39995
39997
40001
40002
40003
40004
40007
40008
40009
40010
40011
40014
40020
40021
40022
40025
40026
40027
40028
40031
40032
40034
40039
40040
40041
40043
40044
40045
40046
40049
40053
40055
40056
40057
40058
40060
40064
40066
40067
40068
40069
40070
40072
40073
40074
40075
40078
40081
40082
40084
40085
40087
40088
40090
40091
40092
40094
40095
40102
40103
40105
40106
40109
40110
40112
40113
40114
40115
40116
40117
40118
40119
40120
40121
40122
40123
40126
40127
40128
40130
40131
40134
40135
40136
40137
40138
40139
40143
40144
40145
40147
40149
40150
40151
40153
40155
40156
40157
40158
40160
40162
40163
40164
40167
40169
40170
40172
40174
40175
40180
40181
40182
40185
40188
40190
40191
40193
40197
40198
40199
40200
40203
40204
40205
40207
40208
40209
40210
40212
40215
40219
40222
40223
40224
40226
40228
40229
40232
40233
40235
40236
40237
40240
40241
40244
40245
40246
40247
40248
40249
40250
40251
40252
40254
40259
40260
40261
40262
40263
40264
40266
40267
40268
40270
40271
40272
40273
40274
40275
40278
40280
40281
40282
40283
40286
40287
40288
40289
40290
40291
40294
40296
40297
40299
40301
40303
40306
40307
40309
40311
40313
40314
40315
40316
40317
40318
40319
40320
40321
40322
40323
40324
40325
40326
40328
40329
40331
40332
40333
40335
40336
40337
40338
40339
40340
40341
40342
40343
40344
40345
40346
40347
40349
40350
40353
40354
40358
40359
40360
40363
40364
40367
40368
40369
40370
40371
40372
40373
40376
40377
40378
40380
40381
40382
40384
40385
40387
40388
40389
40390
40392
40393
40394
40395
40396
40397
40398
40399
40400
40403
40404
40405
40406
40407
40408
40409
40411
40413
40414
40415
40416
40417
40420
40421
40422
40423
40424
40426
40427
40428
40430
40431
40432
40433
40435
40436
40437
40438
40439
40440
40441
40443
40445
40446
40447
40448
40449
40450
40452
40453
40454
40455
40457
40458
40459
40462
40464
40466
40467
40468
40472
40473
40476
40478
40479
40480
40481
40483
40485
40486
40487
40488
40489
40490
40491
40492
40493
40498
40499
40500
40501
40503
40507
40508
40509
40510
40511
40512
40515
40516
40517
40519
40520
40523
40524
40526
40527
40530
40531
40533
40534
40535
40536
40537
40542
40544
40545
40547
40548
40551
40552
40554
40555
40556
40557
40558
40559
40561
40563
40564
40565
40569
40571
40572
40573
40574
40575
40577
40580
40584
40585
40586
40588
40590
40596
40598
40599
40601
40603
40605
40606
40607
40608
40610
40612
40613
40615
40618
40619
40620
40621
40622
40625
40627
40628
40630
40631
40639
40640
40641
40642
40643
40644
40645
40647
40650
40651
40652
40658
40662
40664
40665
40666
40667
40668
40669
40670
40672
40673
40675
40678
40679
40683
40687
40691
40692
40695
40696
40697
40698
40699
40700
40701
40703
40705
40706
40709
40714
40715
40716
40717
40718
40719
40721
40725
40726
40727
40728
40729
40730
40731
40732
40734
40736
40742
40743
40745
40746
40753
40754
40756
40760
40763
40764
40765
40767
40768
40769
40770
40771
40772
40773
40774
40775
40776
40777
40778
40779
40780
40783
40785
40786
40788
40789
40790
40791
40792
40793
40794
40795
40796
40797
40799
40803
40804
40806
40807
40808
40809
40810
40811
40812
40813
40814
40815
40817
40820
40821
40823
40824
40825
40826
40828
40829
40831
40833
40834
40835
40838
40839
40840
40841
40842
40843
40844
40845
40846
40847
40849
40850
40851
40852
40854
40856
40857
40859
40860
40861
40862
40864
40865
40868
40869
40873
40876
40877
40882
40884
40886
40887
40891
40892
40894
40897
40899
40902
40904
40906
40908
40909
40910
40912
40913
40916
40917
40919
40920
40921
40922
40924
40926
40927
40928
40930
40931
40932
40936
40939
40940
40941
40942
40943
40946
40948
40949
40956
40958
40959
40965
40967
40968
40970
40974
40977
40978
40989
40993
40995
40996
40997
41000
41002
41003
41005
41006
41007
41010
41014
41018
41022
41023
41028
41029
41030
41031
41033
41034
41035
41036
41037
41039
41040
41042
41045
41049
41051
41058
41059
41061
41062
41066
41067
41069
41070
41071
41075
41079
41081
41082
41083
41084
41088
41090
41091
41092
41093
41095
41099
41100
41101
41104
41105
41106
41107
41110
41112
41113
41115
41116
41117
41118
41121
41122
41123
41124
41125
41126
41128
41133
41136
41139
41142
41143
41144
41145
41146
41149
41150
41151
41152
41153
41155
41157
41158
41159
41160
41162
41163
41165
41167
41168
41172
41173
41177
41178
41179
41180
41181
41187
41188
41193
41195
41198
41200
41202
41205
41206
41207
41208
41211
41212
41213
41215
41216
41217
41219
41222
41224
41226
41227
41228
41229
41230
41232
41238
41239
41240
41242
41246
41249
41251
41252
41253
41254
41259
41260
41263
41264
41265
41266
41268
41270
41272
41273
41274
41275
41276
41277
41278
41279
41281
41284
41285
41286
41289
41291
41292
41293
41294
41295
41296
41297
41298
41299
41300
41302
41303
41304
41307
41308
41309
41310
41311
41312
41314
41315
41316
41317
41318
41320
41321
41322
41323
41327
41328
41329
41332
41333
41334
41339
41340
41341
41347
41349
41352
41353
41354
41357
41358
41359
41360
41362
41363
41364
41367
41369
41371
41381
41382
41385
41388
41389
41390
41391
41394
41396
41400
41405
41408
41412
41416
41418
41420
41421
41422
41423
41424
41426
41427
41428
41429
41431
41432
41434
41435
41436
41437
41438
41439
41441
41442
41443
41445
41446
41450
41454
41455
41456
41459
41461
41462
41466
41467
41468
41469
41470
41471
41473
41474
41475
41476
41477
41478
41479
41480
41481
41482
41484
41485
41486
41488
41489
41491
41492
41493
41495
41497
41500
41501
41502
41503
41505
41506
41507
41508
41509
41511
41513
41514
41515
41516
41517
41518
41520
41521
41523
41524
41525
41526
41527
41528
41529
41531
41532
41533
41534
41535
41537
41538
41539
41540
41542
41543
41545
41546
41550
41552
41553
41554
41555
41557
41559
41560
41561
41565
41566
41567
41568
41571
41572
41573
41574
41575
41576
41577
41579
41582
41583
41584
41585
41586
41587
41588
41589
41590
41592
41594
41595
41596
41597
41599
41601
41604
41605
41606
41608
41609
41610
41611
41612
41615
41616
41617
41619
41620
41621
41622
41623
41625
41626
41628
41629
41630
41632
41636
41637
41639
41640
41642
41644
41645
41646
41647
41649
41650
41652
41653
41654
41656
41657
41658
41659
41660
41661
41662
41663
41664
41665
41666
41667
41669
41670
41671
41672
41673
41674
41675
41676
41679
41682
41683
41685
41686
41687
41688
41689
41690
41691
41692
41693
41694
41697
41699
41701
41706
41708
41709
41711
41712
41713
41715
41716
41718
41719
41720
41721
41724
41725
41727
41728
41730
41732
41734
41735
41736
41737
41738
41739
41740
41744
41745
41747
41749
41752
41753
41755
41756
41757
41758
41760
41762
41763
41764
41765
41766
41767
41768
41769
41771
41772
41773
41774
41776
41777
41778
41779
41780
41781
41784
41789
41790
41791
41792
41793
41794
41795
41796
41797
41798
41800
41801
41804
41805
41806
41807
41808
41809
41810
41812
41815
41817
41820
41824
41825
41826
41827
41828
41830
41832
41834
41840
41841
41842
41843
41847
41853
41855
41856
41857
41858
41859
41860
41861
41862
41863
41864
41865
41866
41867
41869
41870
41872
41874
41876
41877
41878
41880
41884
41888
41891
41892
41894
41895
41896
41897
41898
41899
41900
41901
41902
41903
41905
41906
41908
41911
41913
41914
41915
41917
41919
41920
41921
41922
41923
41924
41926
41927
41929
41930
41931
41932
41933
41934
41936
41937
41938
41940
41941
41943
41945
41946
41947
41950
41951
41953
41955
41960
41961
41962
41963
41965
41967
41972
41973
41975
41976
41982
41986
41987
41988
41989
41990
41991
41993
41994
41996
41998
41999
42000
42001
42002
42003
42005
42007
42008
42009
42011
42012
42014
42015
42017
42018
42020
42021
42022
42023
42024
42026
42027
42029
42034
42036
42040
42042
42043
42045
42046
42049
42050
42052
42053
42055
42057
42058
42059
42060
42063
42064
42065
42067
42068
42070
42072
42074
42079
42081
42082
42090
42092
42096
42097
42098
42099
42102
42105
42107
42108
42109
42110
42112
42114
42115
42118
42120
42121
42122
42127
42128
42135
42142
42146
42148
42150
42151
42163
42164
42169
42178
42180
42185
42188
42190
42198
42201
42203
42209
42218
42219
42221
42224
42233
42235
42236
42240
42242
42245
42249
42258
42259
42260
42262
42263
42264
42265
42268
42269
42270
42271
42272
42275
42278
42280
42281
42283
42285
42286
42287
42288
42289
42290
42292
42293
42296
42297
42298
42306
42315
42316
42317
42323
42325
42327
42333
42336
42337
42343
42346
42350
42352
42356
42361
42369
42370
42372
42375
42385
42387
42390
42391
42392
42393
42395
42397
42399
42402
42403
42407
42410
42411
42415
42417
42419
42421
42422
42424
42425
42427
42431
42434
42435
42438
42439
42441
42442
42443
42444
42445
42448
42452
42455
42456
42457
42458
42459
42461
42462
42463
42464
42467
42468
42469
42471
42473
42474
42475
42476
42477
42479
42481
42482
42485
42487
42488
42489
42493
42495
42496
42500
42502
42503
42504
42506
42507
42508
42509
42510
42511
42513
42514
42516
42518
42519
42521
42523
42524
42525
42526
42527
42528
42529
42531
42532
42533
42534
42536
42539
42541
42542
42543
42546
42549
42550
42553
42554
42555
42556
42560
42562
42563
42564
42565
42566
42567
42568
42570
42571
42572
42574
42578
42579
42580
42581
42582
42585
42586
42589
42590
42592
42593
42595
42596
42601
42603
42604
42605
42606
42607
42608
42609
42610
42611
42612
42613
42614
42615
42617
42618
42619
42620
42621
42622
42623
42624
42626
42627
42628
42629
42630
42632
42633
42634
42635
42637
42639
42643
42645
42646
42647
42648
42650
42651
42652
42653
42654
42655
42656
42657
42659
42660
42661
42665
42666
42667
42668
42671
42673
42676
42678
42683
42684
42688
42689
42692
42693
42694
42697
42698
42699
42700
42702
42703
42704
42708
42709
42711
42713
42714
42715
42716
42717
42721
42722
42724
42725
42729
42730
42731
42732
42733
42734
42736
42738
42739
42740
42742
42743
42745
42746
42747
42749
42750
42751
42752
42753
42754
42755
42756
42757
42758
42760
42762
42764
42765
42766
42767
42768
42769
42770
42771
42772
42773
42774
42775
42776
42777
42778
42779
42781
42782
42786
42787
42788
42789
42790
42791
42795
42796
42797
42799
42801
42805
42808
42809
42811
42812
42814
42815
42824
42828
42829
42830
42831
42836
42838
42839
42840
42842
42843
42844
42847
42848
42849
42850
42851
42853
42854
42855
42856
42857
42860
42861
42862
42863
42864
42865
42866
42869
42870
42871
42875
42877
42878
42879
42880
42881
42882
42883
42884
42885
42886
42887
42888
42889
42892
42893
42894
42895
42896
42897
42902
42903
42904
42905
42906
42907
42909
42910
42911
42913
42914
42916
42918
42920
42921
42923
42924
42925
42926
42927
42928
42929
42930
42931
42932
42934
42935
42936
42937
42938
42939
42940
42942
42943
42945
42946
42947
42948
42949
42950
42951
42952
42955
42956
42957
42958
42961
42964
42966
42967
42968
42969
42970
42972
42973
42976
42977
42978
42979
42980
42981
42983
42984
42985
42986
42987
42988
42989
42991
42992
42994
42997
42998
43000
43001
43002
43003
43004
43005
43006
43007
43008
43009
43010
43011
43012
43013
43014
43015
43016
43017
43018
43019
43020
43021
43022
43023
43024
43025
43027
43028
43029
43031
43032
43033
43035
43036
43042
43043
43044
43045
43046
43047
43049
43050
43052
43053
43055
43056
43057
43058
43059
43060
43063
43064
43065
43066
43067
43068
43071
43076
43077
43078
43079
43080
43081
43082
43083
43084
43085
43086
43087
43088
43089
43090
43091
43092
43093
43094
43096
43097
43098
43099
43100
43101
43102
43103
43104
43105
43106
43107
43108
43109
43110
43111
43112
43113
43114
43115
43116
43117
43119
43121
43122
43126
43127
43128
43129
43131
43132
43134
43135
43138
43140
43141
43142
43144
43145
43147
43151
43152
43154
43156
43157
43158
43160
43166
43167
43168
43170
43171
43173
43174
43175
43176
43177
43178
43179
43180
43181
43182
43183
43184
43186
43187
43189
43190
43191
43193
43194
43195
43196
43197
43198
43201
43202
43203
43204
43205
43206
43207
43208
43210
43211
43212
43214
43215
43216
43217
43219
43220
43221
43224
43225
43226
43227
43230
43232
43233
43235
43236
43237
43239
43240
43241
43243
43246
43248
43252
43253
43254
43255
43257
43258
43259
43260
43261
43263
43264
43265
43266
43267
43268
43269
43270
43271
43272
43273
43274
43276
43277
43279
43280
43281
43282
43283
43284
43285
43286
43287
43288
43289
43291
43293
43294
43295
43302
43304
43306
43307
43309
43310
43311
43313
43316
43320
43321
43322
43324
43325
43327
43330
43331
43333
43334
43337
43338
43339
43341
43342
43343
43344
43345
43346
43347
43348
43349
43350
43352
43353
43355
43356
43357
43358
43359
43360
43361
43362
43363
43364
43365
43369
43371
43373
43375
43376
43377
43379
43380
43381
43382
43383
43384
43385
43386
43388
43389
43390
43391
43393
43395
43396
43397
43401
43402
43403
43404
43408
43410
43412
43413
43414
43415
43416
43417
43418
43420
43421
43422
43423
43424
43425
43426
43427
43429
43430
43431
43432
43433
43434
43435
43436
43438
43439
43440
43441
43442
43443
43445
43446
43447
43448
43449
43451
43452
43453
43454
43455
43456
43457
43458
43459
43461
43462
43463
43464
43465
43466
43468
43470
43471
43474
43475
43476
43477
43479
43480
43482
43483
43484
43485
43486
43487
43489
43491
43495
43496
43497
43498
43500
43501
43503
43504
43505
43508
43509
43510
43511
43512
43513
43514
43515
43516
43517
43518
43519
43520
43521
43522
43523
43525
43526
43527
43528
43529
43530
43531
43532
43533
43534
43535
43536
43537
43538
43539
43540
43541
43542
43544
43545
43546
43547
43550
43552
43554
43558
43559
43560
43561
43563
43564
43565
43567
43568
43570
43571
43572
43573
43574
43577
43578
43579
43580
43583
43584
43585
43586
43587
43588
43589
43590
43591
43593
43594
43595
43598
43600
43601
43604
43605
43606
43607
43608
43610
43611
43612
43615
43616
43617
43621
43622
43623
43627
43628
43629
43632
43633
43635
43636
43638
43641
43642
43643
43645
43646
43648
43652
43653
43654
43655
43656
43657
43658
43659
43660
43661
43662
43664
43665
43666
43667
43670
43672
43674
43675
43676
43679
43684
43687
43688
43689
43690
43691
43692
43693
43695
43696
43697
43699
43700
43701
43702
43703
43704
43705
43706
43707
43708
43710
43711
43712
43713
43714
43715
43718
43719
43720
43721
43722
43723
43724
43725
43726
43727
43728
43729
43730
43731
43732
43733
43734
43735
43736
43739
43740
43742
43744
43745
43746
43747
43748
43749
43751
43752
43753
43754
43755
43756
43757
43758
43759
43761
43764
43766
43767
43768
43769
43770
43771
43772
43773
43774
43776
43777
43779
43780
43781
43782
43784
43785
43786
43787
43788
43789
43791
43792
43793
43794
43795
43796
43797
43798
43799
43802
43803
43805
43807
43808
43810
43812
43813
43814
43815
43816
43817
43819
43820
43822
43824
43825
43826
43827
43828
43829
43830
43831
43832
43833
43834
43835
43836
43838
43839
43840
43841
43842
43843
43844
43845
43846
43847
43848
43850
43851
43852
43853
43854
43855
43856
43857
43858
43859
43860
43861
43864
43865
43866
43867
43869
43872
43873
43874
43876
43877
43878
43879
43880
43881
43883
43884
43885
43887
43888
43891
43892
43893
43894
43895
43896
43898
43902
43903
43905
43906
43908
43909
43910
43913
43914
43916
43918
43919
43920
43922
43923
43924
43925
43926
43927
43928
43930
43931
43932
43933
43934
43937
43939
43940
43941
43942
43946
43948
43949
43952
43954
43955
43956
43957
43958
43959
43961
43962
43964
43965
43967
43968
43969
43970
43971
43973
43974
43975
43976
43977
43979
43981
43983
43984
43985
43987
43988
43989
43990
43991
43992
43993
43994
43995
43997
43999
44000
44001
44003
44004
44005
44006
44007
44008
44009
44010
44013
44014
44015
44016
44017
44019
44020
44021
44022
44023
44024
44025
44026
44027
44028
44030
44033
44034
44036
44039
44040
44041
44042
44043
44045
44049
44050
44058
44060
44061
44063
44065
44069
44072
44074
44075
44077
44078
44079
44081
44083
44087
44088
44090
44091
44092
44095
44096
44098
44099
44100
44101
44102
44103
44105
44106
44107
44108
44109
44110
44111
44112
44113
44114
44116
44117
44118
44119
44120
44122
44124
44125
44126
44127
44128
44129
44130
44131
44132
44135
44136
44137
44138
44139
44140
44142
44143
44145
44146
44147
44148
44149
44151
44152
44153
44154
44155
44156
44157
44158
44159
44160
44162
44163
44164
44165
44166
44168
44169
44170
44171
44173
44174
44176
44177
44179
44180
44181
44183
44184
44185
44187
44188
44189
44191
44192
44193
44194
44195
44196
44198
44199
44200
44201
44202
44203
44204
44205
44206
44207
44208
44209
44210
44212
44213
44215
44216
44219
44221
44222
44223
44225
44226
44227
44228
44229
44230
44231
44232
44233
44234
44236
44237
44238
44240
44243
44244
44245
44246
44247
44249
44252
44253
44255
44256
44257
44258
44259
44261
44262
44263
44265
44266
44267
44268
44269
44270
44271
44272
44274
44277
44278
44279
44280
44281
44282
44283
44284
44285
44288
44289
44290
44291
44292
44293
44295
44296
44298
44299
44300
44301
44302
44303
44305
44306
44307
44308
44309
44310
44313
44314
44315
44316
44317
44318
44319
44320
44321
44322
44323
44324
44325
44326
44327
44328
44329
44330
44331
44332
44333
44334
44335
44337
44338
44339
44341
44342
44344
44345
44348
44350
44352
44353
44354
44355
44356
44359
44360
44362
44363
44364
44365
44366
44368
44369
44370
44371
44374
44378
44380
44382
44383
44384
44385
44386
44387
44389
44390
44391
44392
44393
44394
44395
44396
44397
44398
44399
44400
44401
44402
44403
44404
44405
44406
44407
44408
44410
44411
44415
44416
44417
44418
44419
44420
44422
44423
44424
44426
44427
44429
44430
44432
44433
44434
44435
44437
44439
44444
44446
44447
44449
44451
44452
44454
44456
44457
44458
44459
44461
44462
44463
44464
44468
44470
44471
44476
44477
44478
44479
44480
44481
44482
44483
44485
44486
44487
44489
44490
44491
44492
44493
44494
44495
44496
44497
44498
44500
44501
44502
44504
44505
44507
44509
44510
44511
44512
44513
44515
44516
44517
44518
44519
44520
44521
44522
44524
44525
44527
44528
44529
44531
44532
44533
44537
44538
44540
44541
44543
44544
44545
44546
44548
44549
44550
44551
44552
44553
44555
44560
44561
44562
44563
44564
44565
44566
44567
44568
44569
44571
44572
44573
44579
44580
44581
44582
44583
44585
44586
44589
44590
44591
44593
44594
44595
44596
44597
44600
44601
44602
44603
44604
44605
44606
44607
44608
44609
44610
44611
44612
44614
44615
44616
44617
44618
44621
44623
44624
44626
44627
44628
44630
44631
44632
44634
44636
44638
44639
44640
44641
44642
44643
44644
44645
44646
44647
44648
44649
44650
44652
44653
44654
44656
44657
44658
44660
44662
44664
44665
44667
44668
44669
44671
44672
44673
44674
44677
44679
44680
44681
44682
44683
44684
44685
44686
44689
44692
44696
44697
44699
44702
44705
44706
44707
44709
44710
44711
44713
44714
44717
44718
44720
44721
44722
44723
44724
44725
44726
44727
44728
44729
44730
44731
44732
44733
44734
44735
44736
44737
44738
44740
44741
44742
44743
44744
44745
44746
44747
44749
44750
44751
44752
44753
44754
44756
44758
44759
44760
44761
44762
44763
44766
44767
44768
44769
44770
44771
44773
44774
44775
44776
44777
44779
44780
44781
44782
44784
44785
44786
44787
44788
44791
44793
44794
44795
44796
44797
44798
44799
44800
44801
44802
44803
44804
44805
44806
44807
44808
44809
44810
44811
44812
44813
44814
44815
44816
44817
44819
44820
44821
44822
44824
44825
44826
44828
44829
44830
44831
44832
44833
44834
44835
44836
44837
44838
44839
44840
44841
44843
44846
44847
44848
44849
44850
44852
44853
44856
44857
44858
44860
44861
44862
44863
44867
44868
44869
44871
44873
44874
44875
44876
44878
44879
44880
44881
44883
44884
44885
44887
44889
44890
44893
44895
44896
44897
44900
44901
44902
44903
44904
44905
44908
44911
44914
44915
44917
44918
44919
44920
44921
44922
44923
44924
44925
44926
44928
44930
44931
44932
44933
44934
44936
44937
44938
44939
44940
44941
44942
44943
44945
44946
44947
44949
44951
44952
44953
44954
44955
44956
44957
44958
44959
44962
44963
44964
44965
44967
44968
44969
44970
44971
44972
44973
44974
44975
44976
44977
44980
44982
44984
44985
44986
44988
44989
44990
44993
44995
44997
44998
44999
45000
45002
45003
45004
45005
45006
45007
45009
45010
45011
45012
45015
45016
45018
45019
45022
45023
45026
45027
45028
45032
45033
45034
45037
45038
45039
45040
45041
45045
45046
45047
45048
45052
45053
45056
45057
45058
45061
45062
45063
45064
45065
45068
45069
45071
45072
45073
45074
45075
45077
45080
45081
45082
45083
45085
45087
45088
45089
45090
45092
45093
45096
45097
45098
45099
45100
45101
45102
45103
45104
45106
45108
45109
45111
45113
45114
45115
45116
45117
45119
45121
45122
45123
45124
45125
45128
45131
45134
45135
45136
45137
45138
45139
45140
45141
45142
45144
45145
45147
45148
45149
45151
45152
45154
45155
45156
45157
45158
45159
45160
45161
45162
45163
45164
45165
45167
45168
45169
45170
45171
45172
45174
45176
45177
45178
45179
45180
45181
45183
45185
45186
45187
45188
45189
45191
45192
45193
45194
45195
45196
45197
45198
45199
45201
45203
45204
45205
45206
45207
45208
45209
45210
45211
45212
45213
45216
45217
45219
45220
45221
45222
45223
45224
45227
45229
45230
45231
45234
45239
45244
45246
45247
45248
45250
45253
45257
45260
45263
45264
45266
45267
45268
45270
45271
45273
45274
45277
45278
45281
45282
45283
45284
45285
45286
45288
45294
45295
45296
45297
45300
45301
45305
45306
45308
45309
45310
45316
45317
45319
45322
45324
45325
45326
45328
45330
45331
45332
45333
45334
45335
45336
45338
45339
45341
45342
45343
45344
45346
45347
45348
45349
45350
45351
45353
45354
45356
45357
45358
45359
45363
45364
45367
45368
45369
45371
45373
45374
45375
45377
45381
45383
45384
45385
45387
45388
45390
45391
45393
45394
45395
45396
45397
45398
45399
45400
45401
45402
45403
45404
45405
45406
45407
45408
45409
45410
45411
45412
45413
45414
45416
45417
45418
45419
45420
45421
45422
45423
45424
45425
45426
45427
45428
45429
45431
45432
45433
45434
45436
45437
45438
45439
45440
45441
45442
45443
45445
45446
45447
45448
45449
45450
45451
45453
45455
45456
45457
45459
45460
45461
45462
45463
45465
45466
45467
45468
45469
45470
45471
45472
45473
45474
45475
45476
45477
45479
45481
45482
45484
45485
45486
45487
45489
45490
45491
45492
45493
45494
45496
45498
45499
45501
45502
45503
45505
45506
45507
45509
45510
45511
45512
45513
45514
45516
45517
45518
45519
45520
45521
45523
45524
45525
45526
45527
45528
45529
45530
45531
45532
45533
45534
45535
45536
45537
45540
45542
45543
45545
45546
45547
45550
45553
45554
45555
45556
45557
45561
45562
45564
45565
45568
45569
45570
45571
45572
45573
45574
45575
45576
45577
45578
45581
45582
45583
45586
45588
45592
45594
45595
45596
45597
45600
45601
45604
45606
45608
45609
45610
45612
45617
45619
45620
45621
45623
45624
45626
45628
45629
45630
45631
45634
45635
45636
45637
45639
45640
45645
45646
45647
45648
45651
45652
45653
45655
45656
45658
45659
45660
45661
45663
45664
45665
45666
45668
45671
45672
45673
45676
45679
45680
45681
45682
45685
45686
45687
45688
45689
45691
45693
45695
45696
45699
45700
45701
45705
45706
45707
45708
45709
45710
45711
45712
45714
45715
45716
45717
45718
45719
45720
45722
45723
45724
45725
45728
45729
45730
45731
45732
45733
45734
45735
45739
45740
45741
45742
45743
45744
45745
45747
45748
45749
45750
45751
45755
45758
45759
45761
45762
45763
45764
45766
45767
45768
45769
45770
45771
45772
45773
45774
45775
45776
45777
45778
45779
45780
45782
45783
45784
45788
45789
45791
45793
45795
45796
45797
45798
45799
45800
45801
45802
45808
45809
45810
45811
45812
45814
45817
45818
45820
45822
45823
45824
45825
45826
45829
45830
45831
45833
45834
45835
45837
45838
45839
45841
45843
45844
45845
45846
45847
45849
45850
45851
45852
45853
45854
45855
45856
45857
45858
45859
45860
45861
45862
45863
45865
45866
45867
45868
45870
45872
45873
45876
45878
45879
45881
45882
45883
45884
45885
45886
45887
45888
45889
45890
45891
45893
45894
45896
45897
45898
45899
45900
45902
45903
45904
45905
45906
45908
45911
45913
45915
45916
45917
45919
45920
45921
45922
45924
45928
45929
45931
45932
45936
45937
45938
45940
45941
45943
45944
45945
45947
45948
45950
45951
45953
45954
45956
45962
45966
45968
45969
45971
45975
45977
45978
45979
45980
45982
45984
45986
45987
45993
45997
45998
45999
46000
46002
46007
46009
46010
46013
46014
46016
46018
46019
46020
46022
46024
46025
46035
46037
46038
46044
46045
46046
46047
46050
46052
46056
46057
46059
46060
46061
46063
46064
46066
46067
46068
46069
46072
46075
46076
46079
46080
46087
46088
46089
46091
46092
46094
46099
46100
46104
46105
46106
46109
46110
46111
46112
46113
46114
46116
46118
46121
46122
46124
46125
46127
46128
46129
46130
46134
46135
46138
46140
46141
46147
46148
46149
46150
46151
46154
46156
46157
46158
46159
46160
46162
46164
46165
46168
46169
46170
46171
46173
46174
46175
46176
46177
46178
46179
46180
46181
46182
46183
46184
46185
46186
46187
46188
46189
46197
46198
46202
46204
46206
46207
46209
46211
46215
46218
46222
46223
46225
46227
46231
46241
46244
46245
46247
46250
46252
46253
46254
46255
46256
46258
46261
46264
46266
46270
46276
46277
46281
46285
46289
46290
46295
46296
46297
46299
46300
46301
46302
46303
46304
46308
46309
46318
46319
46320
46321
46323
46330
46331
46335
46340
46357
46359
46367
46368
46383
46386
46403
46411
46414
46415
46419
46420
46424
46426
46427
46428
46431
46435
46436
46441
46443
46449
46450
46451
46452
46459
46461
46463
46464
46468
46470
46473
46475
46476
46477
46479
46487
46488
46490
46491
46495
46496
46497
46498
46500
46502
46504
46505
46506
46509
46511
46513
46514
46518
46519
46522
46525
46526
46527
46528
46532
46540
46541
46543
46548
46551
46552
46553
46559
46562
46563
46564
46565
46568
46569
46572
46573
46574
46575
46576
46577
46581
46583
46585
46586
46590
46591
46593
46599
46602
46604
46616
46619
46622
46633
46634
46635
46636
46637
46639
46640
46641
46642
46643
46644
46647
46648
46649
46651
46654
46656
46661
46663
46666
46667
46672
46673
46675
46677
46679
46680
46684
46685
46696
46697
46705
46709
46710
46712
46715
46717
46718
46724
46729
46730
46731
46732
46734
46736
46738
46739
46741
46742
46743
46744
46746
46747
46748
46751
46753
46755
46756
46757
46759
46761
46762
46763
46769
46774
46775
46776
46779
46781
46783
46784
46785
46788
46790
46791
46792
46795
46796
46797
46798
46799
46801
46804
46815
46817
46819
46822
46823
46831
46842
46848
46851
46853
46854
46855
46856
46862
46863
46869
46871
46872
46874
46878
46880
46881
46884
46887
46888
46896
46897
46898
46899
46905
46906
46907
46911
46913
46918
46919
46920
46924
46927
46928
46930
46932
46937
46940
46942
46947
46949
46962
46992
46999
47001
47007
47008
47010
47015
47016
47018
47022
47023
47027
47028
47033
47034
47042
47043
47044
47045
47049
47050
47052
47053
47054
47055
47059
47063
47065
47068
47069
47070
47072
47075
47076
47077
47078
47079
47081
47084
47087
47091
47095
47097
47100
47101
47102
47103
47105
47108
47120
47127
47130
47132
47134
47135
47137
47139
47141
47143
47144
47147
47148
47149
47150
47151
47153
47155
47157
47163
47166
47167
47169
47170
47171
47177
47178
47180
47187
47190
47191
47199
47200
47201
47204
47205
47215
47216
47218
47223
47224
47225
47230
47236
47237
47239
47240
47243
47247
47251
47253
47254
47256
47259
47260
47262
47263
47264
47265
47266
47267
47268
47277
47280
47281
47282
47285
47290
47292
47293
47297
47299
47303
47304
47305
47307
47311
47316
47321
47322
47326
47327
47330
47332
47339
47340
47341
47348
47355
47356
47363
47370
47373
47376
47379
47380
47382
47387
47388
47389
47394
47395
47404
47408
47410
47411
47412
47414
47415
47417
47418
47419
47421
47423
47427
47430
47432
47435
47436
47438
47439
47440
47441
47443
47444
47446
47450
47451
47454
47455
47456
47458
47459
47464
47469
47473
47479
47480
47482
47486
47488
47492
47493
47494
47498
47499
47503
47504
47505
47506
47507
47508
47510
47512
47514
47517
47519
47520
47527
47528
47529
47530
47535
47536
47538
47542
47545
47547
47549
47551
47554
47555
47563
47564
47565
47567
47569
47570
47572
47578
47579
47580
47581
47582
47583
47584
47587
47588
47592
47593
47594
47596
47599
47600
47601
47605
47606
47607
47608
47615
47616
47619
47620
47621
47622
47624
47629
47631
47634
47636
47637
47639
47644
47647
47649
47650
47652
47655
47656
47660
47663
47669
47672
47673
47674
47675
47677
47678
47682
47683
47684
47686
47687
47688
47689
47690
47691
47693
47694
47695
47696
47697
47698
47699
47700
47702
47705
47707
47708
47709
47711
47715
47716
47718
47722
47726
47728
47729
47730
47732
47734
47736
47737
47739
47740
47743
47753
47755
47756
47757
47761
47763
47764
47766
47767
47768
47769
47772
47773
47774
47776
47777
47778
47780
47781
47782
47783
47784
47786
47787
47788
47790
47792
47794
47795
47796
47798
47802
47804
47805
47806
47807
47808
47809
47811
47814
47815
47819
47820
47821
47826
47827
47829
47830
47831
47832
47833
47834
47835
47838
47839
47840
47844
47847
47848
47849
47850
47851
47852
47854
47855
47856
47858
47859
47862
47863
47865
47868
47869
47870
47871
47873
47874
47876
47878
47879
47882
47883
47886
47887
47888
47889
47890
47891
47892
47893
47897
47898
47899
47901
47902
47903
47907
47908
47909
47910
47911
47912
47913
47914
47915
47916
47917
47919
47921
47922
47925
47926
47927
47928
47932
47933
47934
47936
47938
47940
47941
47942
47943
47945
47947
47948
47949
47950
47951
47952
47954
47956
47957
47958
47960
47961
47962
47963
47964
47965
47967
47968
47971
47973
47975
47977
47978
47979
47980
47981
47982
47983
47984
47985
47986
47987
47988
47989
47990
47993
47994
47995
47996
47998
48000
48002
48004
48006
48007
48008
48011
48013
48015
48018
48019
48020
48021
48023
48024
48025
48026
48027
48028
48030
48033
48034
48036
48038
48039
48040
48042
48043
48044
48045
48046
48047
48048
48050
48054
48055
48056
48057
48058
48060
48063
48065
48066
48067
48071
48073
48074
48075
48078
48079
48080
48081
48083
48084
48085
48086
48087
48088
48092
48094
48095
48096
48097
48098
48099
48100
48101
48102
48103
48104
48106
48107
48112
48114
48115
48118
48121
48122
48124
48125
48127
48128
48129
48130
48132
48134
48135
48136
48137
48138
48139
48140
48142
48143
48144
48146
48147
48148
48149
48150
48151
48152
48153
48155
48156
48158
48159
48161
48162
48163
48165
48166
48167
48168
48169
48170
48172
48173
48174
48175
48176
48177
48178
48180
48181
48182
48183
48184
48185
48187
48188
48189
48191
48194
48195
48196
48197
48198
48200
48205
48206
48208
48209
48213
48215
48218
48222
48223
48225
48228
48229
48231
48235
48236
48237
48238
48240
48241
48244
48245
48246
48249
48250
48252
48253
48255
48256
48258
48261
48267
48268
48270
48271
48274
48276
48277
48278
48279
48282
48284
48289
48290
48291
48294
48295
48296
48297
48298
48302
48303
48307
48310
48317
48318
48321
48322
48324
48327
48328
48330
48331
48334
48339
48344
48347
48349
48353
48354
48355
48356
48361
48363
48365
48366
48367
48369
48370
48371
48372
48373
48375
48376
48378
48379
48380
48381
48388
48391
48395
48396
48398
48404
48405
48412
48414
48415
48416
48418
48419
48420
48422
48423
48424
48425
48426
48427
48428
48429
48430
48431
48432
48433
48434
48435
48436
48439
48441
48442
48443
48444
48445
48446
48447
48449
48450
48451
48454
48455
48457
48458
48459
48460
48462
48463
48464
48465
48467
48468
48470
48471
48472
48473
48474
48476
48477
48478
48479
48480
48481
48482
48483
48485
48486
48488
48489
48493
48494
48495
48496
48497
48498
48499
48500
48501
48504
48505
48506
48507
48508
48509
48511
48514
48518
48519
48520
48522
48525
48526
48528
48529
48531
48538
48542
48543
48545
48549
48550
48553
48554
48555
48556
48557
48559
48562
48563
48566
48569
48572
48573
48575
48576
48578
48579
48582
48586
48589
48590
48591
48593
48594
48596
48597
48600
48602
48603
48604
48608
48609
48610
48611
48613
48616
48618
48621
48622
48623
48624
48625
48626
48638
48640
48643
48645
48646
48647
48648
48650
48651
48657
48659
48660
48661
48663
48664
48665
48666
48668
48669
48670
48672
48673
48674
48675
48677
48680
48681
48683
48684
48685
48687
48688
48689
48690
48693
48697
48698
48699
48700
48702
48703
48705
48706
48708
48709
48710
48713
48716
48717
48718
48722
48724
48726
48730
48731
48732
48733
48734
48735
48738
48739
48741
48742
48743
48744
48746
48747
48748
48751
48754
48756
48757
48759
48761
48763
48764
48765
48767
48769
48770
48772
48773
48774
48775
48776
48777
48778
48780
48781
48784
48785
48796
48797
48798
48800
48802
48803
48804
48806
48808
48810
48817
48820
48822
48824
48825
48828
48829
48837
48838
48839
48840
48844
48845
48846
48849
48852
48859
48861
48868
48870
48871
48873
48876
48878
48879
48880
48882
48885
48886
48887
48895
48899
48900
48901
48904
48907
48909
48910
48914
48915
48921
48923
48924
48925
48926
48927
48929
48933
48935
48937
48938
48939
48941
48942
48943
48944
48945
48946
48947
48948
48949
48950
48952
48953
48955
48956
48957
48958
48960
48962
48963
48964
48965
48966
48967
48968
48971
48980
48982
48983
48984
48985
48992
48996
48997
48998
48999
49000
49002
49004
49007
49008
49011
49012
49013
49018
49019
49020
49021
49022
49023
49032
49033
49034
49036
49037
49039
49043
49044
49045
49048
49050
49056
49057
49059
49061
49064
49066
49067
49069
49072
49073
49074
49075
49077
49078
49079
49080
49082
49087
49088
49089
49093
49094
49095
49101
49107
49111
49113
49115
49116
49117
49119
49120
49122
49124
49125
49126
49128
49129
49130
49131
49133
49134
49135
49137
49138
49139
49140
49141
49142
49143
49144
49146
49148
49150
49151
49152
49153
49155
49156
49157
49158
49159
49163
49165
49166
49167
49168
49169
49170
49171
49172
49173
49174
49176
49177
49178
49179
49180
49182
49183
49184
49185
49186
49187
49188
49189
49190
49191
49192
49193
49194
49195
49196
49197
49199
49203
49204
49206
49207
49210
49212
49213
49214
49216
49217
49218
49219
49221
49222
49223
49224
49226
49227
49228
49229
49230
49231
49233
49235
49236
49238
49241
49242
49243
49244
49245
49246
49247
49248
49249
49253
49255
49256
49260
49264
49265
49266
49267
49269
49270
49271
49272
49273
49274
49275
49276
49277
49278
49280
49281
49282
49283
49285
49286
49287
49288
49289
49290
49292
49293
49294
49295
49296
49297
49300
49301
49303
49304
49305
49306
49307
49308
49309
49310
49311
49312
49313
49314
49315
49316
49317
49318
49319
49320
49321
49325
49326
49327
49328
49329
49330
49331
49332
49333
49334
49335
49336
49339
49340
49341
49342
49343
49344
49345
49346
49347
49352
49354
49356
49358
49359
49361
49362
49363
49364
49365
49366
49367
49369
49371
49373
49375
49378
49379
49380
49381
49382
49384
49385
49386
49388
49390
49391
49393
49394
49395
49397
49398
49399
49400
49402
49403
49404
49405
49406
49407
49408
49410
49411
49413
49414
49415
49416
49420
49421
49422
49423
49425
49428
49429
49430
49431
49432
49433
49436
49437
49438
49439
49442
49443
49445
49446
49447
49448
49449
49451
49452
49454
49455
49456
49458
49459
49461
49463
49467
49470
49471
49472
49473
49474
49476
49477
49481
49485
49487
49489
49490
49491
49495
49497
49502
49505
49508
49509
49510
49511
49512
49514
49515
49516
49517
49518
49519
49520
49525
49527
49530
49531
49533
49534
49535
49536
49540
49544
49546
49547
49548
49549
49550
49553
49554
49555
49556
49558
49559
49561
49562
49563
49564
49565
49567
49569
49570
49574
49575
49576
49577
49580
49581
49583
49584
49585
49586
49587
49588
49589
49591
49592
49593
49594
49595
49596
49597
49598
49599
49602
49603
49604
49605
49606
49610
49612
49614
49615
49616
49617
49618
49620
49622
49623
49624
49627
49629
49634
49636
49637
49638
49639
49640
49641
49643
49644
49646
49647
49649
49650
49651
49652
49654
49656
49661
49662
49663
49664
49667
49669
49671
49675
49676
49677
49678
49679
49680
49681
49686
49689
49690
49691
49692
49694
49695
49696
49697
49698
49699
49702
49703
49704
49705
49707
49711
49713
49715
49716
49717
49720
49721
49722
49725
49728
49731
49733
49735
49739
49740
49741
49742
49744
49746
49747
49748
49750
49751
49752
49753
49754
49755
49756
49757
49758
49759
49760
49763
49764
49765
49766
49769
49772
49777
49778
49781
49782
49783
49787
49789
49794
49796
49797
49799
49801
49809
49815
49816
49819
49825
49828
49829
49834
49838
49839
49846
49849
49851
49855
49863
49865
49868
49870
49871
49872
49876
49878
49880
49884
49886
49887
49892
49901
49903
49905
49913
49914
49918
49919
49920
49927
49931
49932
49934
49935
49936
49937
49938
49940
49941
49942
49946
49947
49948
49949
49952
49958
49965
49972
49974
49982
49986
49988
49991
49992
49996
49997
50003
50004
50007
50010
50012
50014
50015
50019
50021
50023
50029
50031
50033
50038
50040
50042
50046
50049
50051
50052
50053
50054
50058
50063
50066
50068
50070
50071
50072
50073
50076
50077
50080
50081
50082
50083
50087
50089
50090
50091
50092
50093
50096
50097
50099
50101
50102
50104
50106
50107
50108
50109
50110
50113
50114
50115
50116
50118
50119
50120
50121
50123
50124
50127
50128
50129
50130
50132
50133
50135
50136
50137
50139
50140
50141
50143
50146
50147
50150
50151
50153
50155
50158
50159
50160
50165
50166
50168
50169
50170
50171
50172
50174
50175
50176
50178
50179
50181
50182
50183
50184
50185
50186
50187
50192
50193
50194
50196
50199
50200
50201
50202
50204
50207
50212
50213
50215
50217
50218
50219
50221
50225
50226
50229
50230
50231
50232
50235
50236
50237
50239
50241
50245
50246
50248
50249
50250
50251
50252
50254
50255
50257
50258
50259
50260
50261
50264
50265
50266
50267
50269
50271
50272
50273
50274
50275
50276
50277
50279
50280
50281
50285
50286
50288
50289
50290
50291
50292
50293
50294
50295
50300
50302
50303
50305
50308
50310
50311
50312
50313
50315
50316
50317
50318
50319
50320
50321
50322
50323
50324
50325
50326
50327
50328
50331
50332
50334
50335
50336
50339
50340
50342
50344
50345
50346
50347
50348
50350
50353
50355
50357
50359
50360
50361
50362
50364
50365
50366
50367
50370
50371
50372
50375
50377
50380
50381
50382
50383
50384
50385
50387
50388
50390
50391
50392
50394
50396
50398
50399
50400
50401
50402
50404
50405
50408
50409
50410
50411
50412
50415
50417
50418
50419
50420
50421
50422
50423
50424
50425
50426
50427
50428
50429
50431
50432
50433
50435
50436
50438
50441
50442
50443
50444
50445
50447
50448
50449
50450
50451
50452
50453
50454
50455
50457
50458
50459
50461
50462
50464
50465
50466
50467
50469
50471
50472
50473
50475
50479
50480
50481
50483
50484
50485
50488
50490
50493
50495
50496
50497
50500
50501
50504
50505
50506
50507
50508
50509
50510
50511
50512
50513
50514
50516
50517
50518
50519
50520
50521
50522
50523
50526
50527
50528
50529
50530
50531
50532
50533
50534
50535
50536
50537
50538
50539
50540
50541
50542
50543
50544
50545
50546
50547
50548
50549
50550
50551
50554
50555
50556
50558
50559
50560
50561
50562
50563
50564
50565
50566
50567
50568
50571
50572
50573
50574
50575
50576
50577
50578
50579
50580
50581
50582
50583
50584
50585
50587
50588
50591
50592
50593
50595
50596
50597
50598
50599
50600
50601
50602
50603
50604
50605
50606
50607
50609
50610
50611
50613
50614
50615
50616
50617
50618
50619
50621
50624
50625
50627
50628
50631
50632
50633
50634
50636
50637
50638
50639
50640
50641
50642
50643
50644
50646
50647
50648
50649
50650
50651
50652
50653
50655
50656
50657
50658
50659
50660
50662
50663
50664
50665
50666
50667
50668
50669
50670
50671
50673
50674
50675
50676
50677
50678
50679
50681
50682
50684
50686
50689
50693
50694
50695
50696
50697
50698
50699
50700
50701
50702
50705
50706
50707
50709
50711
50713
50714
50715
50719
50720
50721
50724
50725
50726
50727
50728
50730
50731
50732
50733
50734
50735
50736
50738
50739
50740
50742
50743
50744
50745
50747
50748
50749
50750
50751
50752
50754
50755
50756
50757
50758
50759
50760
50762
50763
50765
50766
50767
50768
50770
50771
50772
50773
50776
50777
50781
50782
50783
50786
50792
50793
50794
50795
50796
50797
50798
50800
50801
50802
50803
50804
50805
50806
50808
50811
50813
50816
50818
50819
50821
50822
50824
50826
50827
50829
50830
50831
50832
50833
50834
50835
50837
50838
50839
50841
50842
50843
50845
50846
50848
50849
50850
50852
50853
50854
50855
50857
50858
50859
50861
50862
50863
50865
50866
50867
50869
50870
50872
50873
50874
50877
50878
50879
50881
50882
50883
50884
50885
50886
50887
50888
50890
50891
50892
50893
50896
50899
50902
50903
50904
50905
50906
50907
50908
50909
50910
50911
50913
50914
50915
50916
50917
50919
50920
50921
50922
50924
50925
50926
50927
50928
50931
50932
50933
50934
50935
50936
50937
50938
50939
50940
50942
50945
50946
50948
50949
50953
50955
50957
50958
50959
50961
50964
50965
50968
50969
50971
50972
50973
50983
50984
50985
50987
50989
50990
50992
50993
50994
50995
50997
50999
51000
51003
51004
51006
51007
51008
51009
51010
51011
51012
51013
51014
51015
51016
51017
51019
51020
51021
51023
51024
51027
51028
51030
51031
51032
51033
51034
51036
51037
51039
51040
51041
51044
51046
51047
51052
51053
51054
51056
51057
51058
51059
51060
51061
51062
51065
51067
51068
51069
51070
51072
51073
51074
51077
51078
51079
51080
51081
51082
51084
51085
51087
51088
51089
51090
51091
51092
51093
51094
51098
51099
51100
51101
51102
51103
51105
51106
51107
51108
51109
51110
51111
51112
51113
51114
51115
51116
51117
51118
51119
51120
51124
51126
51127
51128
51129
51130
51131
51132
51133
51134
51135
51136
51137
51138
51139
51140
51141
51142
51144
51145
51146
51147
51148
51149
51151
51152
51153
51154
51155
51156
51157
51158
51159
51160
51161
51162
51163
51164
51165
51166
51167
51168
51169
51170
51171
51172
51173
51174
51175
51176
51177
51178
51179
51180
51181
51182
51183
51184
51185
51186
51187
51188
51189
51190
51191
51192
51194
51195
51196
51197
51198
51200
51201
51202
51203
51204
51205
51206
51207
51208
51209
51210
51214
51215
51217
51219
51222
51223
51224
51225
51226
51229
51230
51233
51234
51235
51236
51237
51238
51239
51240
51242
51244
51245
51246
51248
51249
51251
51252
51253
51255
51256
51257
51259
51260
51262
51263
51265
51269
51271
51272
51275
51276
51277
51280
51282
51283
51286
51292
51293
51296
51297
51298
51299
51303
51304
51305
51306
51307
51309
51311
51314
51316
51317
51318
51321
51325
51326
51327
51329
51330
51331
51332
51334
51338
51340
51341
51342
51343
51344
51345
51346
51348
51349
51350
51351
51352
51353
51354
51355
51356
51357
51358
51359
51361
51362
51363
51364
51365
51366
51367
51368
51369
51370
51371
51372
51373
51374
51375
51376
51377
51378
51379
51380
51381
51382
51383
51385
51386
51390
51391
51392
51393
51394
51395
51396
51398
51399
51400
51402
51403
51404
51405
51406
51407
51409
51410
51412
51413
51414
51415
51416
51417
51418
51419
51420
51423
51424
51425
51426
51427
51428
51431
51432
51433
51435
51436
51437
51438
51439
51440
51442
51443
51444
51445
51447
51448
51449
51450
51452
51453
51454
51458
51459
51460
51463
51464
51466
51467
51469
51472
51473
51475
51478
51479
51480
51481
51482
51484
51485
51486
51487
51488
51489
51490
51491
51492
51493
51494
51495
51496
51497
51499
51501
51502
51503
51504
51505
51506
51507
51508
51510
51511
51512
51513
51515
51516
51517
51518
51519
51520
51521
51524
51527
51528
51529
51531
51532
51534
51536
51537
51539
51540
51542
51543
51544
51545
51546
51547
51550
51551
51552
51553
51554
51555
51556
51557
51558
51559
51560
51561
51562
51564
51565
51566
51568
51569
51571
51574
51575
51576
51577
51578
51579
51581
51583
51584
51589
51590
51592
51593
51594
51595
51597
51598
51599
51600
51603
51604
51606
51607
51608
51609
51610
51611
51612
51615
51616
51617
51619
51620
51621
51622
51623
51624
51626
51627
51628
51629
51630
51631
51633
51635
51636
51638
51640
51641
51643
51644
51646
51647
51648
51649
51650
51651
51653
51654
51657
51658
51659
51661
51662
51663
51665
51666
51667
51668
51669
51670
51671
51672
51673
51674
51675
51676
51677
51678
51679
51680
51681
51686
51687
51690
51692
51693
51694
51696
51697
51699
51700
51701
51702
51705
51706
51707
51710
51711
51714
51716
51718
51720
51722
51724
51725
51726
51728
51730
51731
51735
51736
51737
51738
51739
51741
51742
51743
51744
51746
51748
51750
51752
51753
51754
51756
51757
51758
51759
51762
51763
51764
51766
51767
51768
51769
51770
51771
51774
51775
51776
51777
51778
51779
51780
51781
51782
51783
51784
51785
51786
51787
51788
51789
51791
51792
51793
51794
51795
51796
51797
51798
51799
51800
51801
51802
51803
51804
51805
51806
51807
51808
51809
51810
51813
51814
51815
51816
51817
51818
51819
51820
51821
51822
51823
51824
51825
51826
51827
51828
51829
51831
51832
51833
51834
51836
51837
51839
51840
51841
51842
51843
51844
51845
51846
51847
51849
51850
51851
51852
51853
51854
51855
51856
51857
51858
51859
51860
51861
51864
51866
51867
51868
51870
51871
51872
51873
51874
51875
51876
51877
51878
51879
51880
51881
51882
51883
51884
51885
51886
51887
51888
51889
51890
51891
51894
51896
51897
51898
51899
51902
51903
51905
51906
51908
51909
51910
51911
51912
51913
51914
51915
51916
51917
51918
51919
51920
51921
51922
51924
51925
51926
51928
51929
51931
51932
51934
51935
51936
51937
51938
51939
51940
51941
51942
51943
51944
51945
51946
51947
51948
51949
51950
51951
51953
51954
51956
51957
51958
51959
51960
51961
51962
51963
51965
51966
51967
51968
51969
51970
51971
51973
51974
51975
51977
51978
51979
51980
51981
51982
51983
51985
51986
51988
51989
51990
51992
51993
51995
51997
51998
52000
52001
52004
52005
52006
52007
52008
52010
52011
52013
52014
52016
52018
52019
52020
52021
52023
52024
52025
52026
52027
52029
52030
52031
52032
52033
52035
52036
52037
52039
52040
52041
52042
52044
52046
52047
52048
52049
52050
52051
52052
52054
52055
52056
52057
52058
52059
52061
52065
52066
52068
52069
52070
52072
52073
52074
52078
52080
52083
52084
52086
52089
52091
52094
52096
52098
52099
52100
52104
52107
52108
52110
52111
52112
52113
52114
52115
52118
52119
52120
52121
52124
52126
52127
52128
52130
52132
52134
52136
52137
52138
52139
52140
52141
52142
52143
52144
52146
52147
52148
52150
52151
52152
52153
52154
52157
52158
52159
52160
52162
52163
52164
52165
52166
52167
52168
52169
52171
52172
52173
52174
52176
52177
52179
52181
52182
52183
52184
52187
52188
52189
52190
52191
52192
52194
52195
52196
52197
52198
52199
52200
52201
52202
52203
52204
52205
52206
52207
52209
52211
52212
52213
52214
52215
52217
52218
52219
52220
52221
52223
52224
52225
52226
52227
52228
52229
52230
52231
52233
52234
52235
52237
52241
52242
52245
52246
52247
52249
52251
52252
52254
52255
52256
52258
52259
52262
52263
52265
52266
52268
52269
52270
52272
52273
52274
52275
52276
52277
52278
52280
52282
52283
52284
52285
52286
52287
52289
52290
52291
52292
52293
52294
52295
52296
52297
52299
52300
52301
52303
52305
52306
52308
52309
52310
52311
52313
52316
52320
52321
52322
52323
52324
52325
52326
52329
52330
52331
52332
52334
52335
52336
52337
52338
52339
52340
52341
52343
52344
52346
52347
52349
52353
52355
52356
52357
52360
52361
52362
52364
52365
52367
52369
52371
52372
52373
52374
52376
52377
52378
52379
52380
52381
52385
52386
52387
52388
52389
52390
52392
52393
52394
52395
52396
52397
52399
52400
52401
52403
52404
52405
52406
52407
52408
52409
52410
52411
52413
52414
52415
52416
52417
52418
52419
52421
52422
52423
52424
52426
52427
52428
52429
52430
52431
52432
52433
52434
52436
52437
52439
52440
52441
52442
52443
52444
52446
52448
52450
52451
52452
52453
52454
52455
52456
52457
52458
52459
52460
52461
52462
52463
52464
52465
52466
52468
52470
52471
52472
52473
52474
52475
52476
52477
52480
52481
52482
52483
52485
52486
52487
52488
52489
52490
52491
52492
52493
52494
52495
52496
52497
52498
52499
52500
52501
52502
52503
52504
52506
52507
52508
52509
52510
52511
52512
52513
52514
52515
52517
52518
52519
52520
52522
52524
52525
52526
52527
52528
52529
52531
52532
52533
52536
52537
52538
52541
52543
52544
52545
52546
52547
52548
52550
52551
52552
52553
52554
52555
52556
52557
52558
52561
52562
52563
52564
52565
52566
52570
52571
52573
52576
52577
52578
52579
52580
52581
52582
52583
52584
52585
52586
52587
52588
52589
52591
52592
52593
52594
52595
52596
52599
52601
52602
52603
52604
52605
52606
52607
52608
52611
52612
52613
52614
52615
52616
52617
52618
52619
52620
52621
52622
52625
52626
52627
52628
52633
52634
52635
52637
52640
52641
52642
52643
52644
52646
52649
52651
52652
52653
52654
52655
52656
52657
52658
52660
52663
52664
52665
52666
52668
52670
52671
52672
52673
52679
52681
52683
52684
52686
52690
52692
52693
52696
52698
52699
52700
52701
52702
52704
52705
52706
52709
52711
52712
52713
52714
52715
52717
52724
52728
52731
52732
52733
52734
52735
52737
52743
52744
52746
52747
52749
52751
52752
52753
52754
52755
52756
52757
52759
52760
52761
52762
52763
52764
52765
52766
52767
52769
52770
52772
52773
52774
52775
52776
52777
52778
52779
52780
52781
52783
52784
52785
52786
52787
52790
52791
52792
52793
52794
52796
52797
52799
52800
52801
52802
52804
52805
52806
52808
52809
52813
52814
52815
52816
52817
52819
52820
52822
52823
52825
52826
52828
52829
52830
52831
52832
52834
52837
52838
52839
52840
52843
52845
52846
52847
52848
52849
52850
52852
52853
52854
52855
52856
52857
52858
52860
52861
52862
52864
52865
52867
52868
52869
52870
52871
52872
52874
52875
52876
52878
52879
52883
52885
52886
52890
52891
52892
52895
52898
52902
52908
52911
52912
52918
52920
52921
52923
52926
52927
52928
52930
52931
52932
52933
52934
52935
52936
52939
52940
52942
52945
52947
52949
52951
52953
52954
52955
52956
52957
52959
52960
52962
52963
52964
52966
52968
52970
52971
52972
52973
52974
52976
52977
52979
52981
52982
52984
52985
52986
52987
52991
52992
52993
52995
52996
52997
52998
52999
53000
53003
53004
53008
53009
53010
53011
53012
53013
53014
53015
53016
53017
53018
53020
53021
53022
53026
53028
53029
53033
53034
53036
53039
53041
53042
53043
53044
53045
53046
53047
53048
53049
53050
53051
53052
53053
53054
53055
53056
53057
53058
53059
53060
53061
53062
53064
53065
53066
53067
53068
53069
53070
53071
53072
53073
53074
53075
53076
53077
53078
53079
53080
53082
53083
53084
53085
53088
53089
53090
53091
53092
53093
53094
53095
53096
53097
53099
53100
53102
53103
53104
53105
53106
53107
53108
53109
53110
53111
53112
53113
53114
53116
53117
53118
53120
53121
53123
53124
53125
53126
53128
53130
53131
53133
53134
53135
53137
53138
53139
53140
53141
53142
53143
53144
53145
53147
53148
53149
53150
53152
53153
53154
53155
53156
53157
53158
53159
53160
53161
53162
53163
53164
53165
53166
53167
53169
53170
53171
53172
53173
53174
53175
53176
53177
53178
53179
53180
53182
53183
53184
53185
53186
53187
53188
53189
53191
53192
53193
53194
53197
53198
53200
53201
53204
53205
53206
53207
53208
53211
53212
53215
53216
53217
53218
53219
53220
53221
53223
53224
53225
53226
53227
53228
53230
53233
53234
53235
53236
53238
53240
53245
53247
53249
53250
53251
53252
53255
53259
53260
53261
53262
53263
53264
53265
53266
53267
53270
53271
53274
53275
53278
53281
53282
53284
53286
53290
53291
53294
53296
53301
53302
53303
53304
53306
53307
53308
53309
53310
53311
53312
53313
53314
53316
53317
53318
53319
53320
53322
53326
53327
53328
53329
53330
53331
53332
53333
53334
53336
53337
53338
53339
53340
53342
53343
53346
53347
53352
53354
53355
53356
53358
53360
53361
53362
53363
53367
53368
53370
53371
53372
53373
53375
53376
53377
53378
53379
53380
53381
53382
53383
53384
53386
53387
53390
53391
53392
53393
53394
53395
53396
53397
53399
53400
53401
53402
53403
53404
53406
53407
53408
53410
53412
53413
53414
53415
53416
53417
53418
53419
53421
53422
53423
53424
53425
53426
53427
53429
53430
53431
53435
53436
53437
53438
53439
53440
53441
53442
53444
53445
53446
53447
53448
53450
53451
53452
53453
53454
53456
53457
53459
53460
53461
53462
53464
53465
53466
53467
53468
53471
53474
53475
53476
53477
53479
53480
53481
53482
53483
53484
53485
53486
53487
53489
53490
53491
53492
53494
53496
53497
53498
53499
53500
53501
53503
53504
53505
53506
53507
53508
53510
53511
53512
53514
53517
53518
53519
53520
53521
53522
53523
53524
53526
53527
53528
53530
53531
53532
53533
53534
53535
53537
53538
53541
53542
53544
53545
53546
53547
53548
53550
53551
53553
53554
53555
53561
53563
53564
53567
53568
53569
53570
53571
53573
53574
53575
53579
53582
53583
53585
53586
53587
53588
53590
53591
53592
53593
53596
53597
53601
53602
53604
53605
53606
53607
53608
53609
53613
53614
53615
53617
53619
53620
53622
53623
53625
53626
53629
53632
53634
53635
53637
53642
53643
53644
53646
53647
53648
53649
53651
53652
53653
53654
53660
53661
53663
53664
53667
53670
53673
53676
53686
53687
53689
53691
53693
53695
53697
53700
53701
53704
53707
53709
53710
53711
53712
53713
53714
53721
53723
53727
53728
53735
53737
53739
53740
53743
53744
53745
53746
53747
53749
53750
53751
53752
53755
53756
53761
53762
53763
53764
53765
53767
53768
53771
53772
53774
53777
53778
53780
53786
53789
53790
53792
53795
53798
53799
53801
53802
53803
53805
53806
53808
53809
53812
53813
53815
53817
53820
53822
53824
53825
53827
53829
53830
53832
53833
53834
53836
53837
53838
53839
53840
53841
53842
53847
53848
53851
53852
53856
53857
53859
53862
53864
53867
53870
53871
53877
53880
53882
53886
53894
53897
53899
53900
53903
53904
53906
53909
53910
53914
53918
53919
53921
53923
53924
53927
53930
53932
53934
53946
53947
53948
53949
53951
53953
53954
53955
53956
53957
53962
53965
53966
53968
53969
53970
53971
53976
53978
53979
53984
53986
53989
53996
54010
54014
54021
54025
54031
54032
54034
54035
54038
54047
54054
54055
54057
54059
54060
54065
54066
54067
54069
54070
54072
54074
54075
54076
54078
54079
54084
54085
54088
54095
54096
54097
54098
54100
54102
54106
54110
54113
54114
54115
54116
54124
54126
54128
54130
54134
54138
54139
54140
54142
54145
54147
54149
54150
54151
54153
54156
54157
54164
54166
54168
54169
54179
54182
54187
54188
54189
54190
54191
54192
54193
54194
54195
54196
54197
54199
54201
54202
54203
54204
54208
54210
54214
54217
54219
54221
54222
54227
54228
54229
54231
54232
54233
54234
54236
54239
54240
54241
54242
54249
54250
54251
54252
54253
54255
54256
54265
54267
54268
54273
54274
54284
54288
54289
54291
54294
54295
54298
54300
54301
54302
54305
54307
54310
54313
54317
54318
54321
54323
54325
54326
54328
54330
54333
54337
54341
54345
54346
54347
54351
54358
54362
54365
54368
54369
54373
54379
54380
54382
54383
54385
54386
54387
54388
54390
54393
54395
54398
54400
54401
54402
54404
54406
54412
54413
54417
54420
54423
54425
54428
54429
54430
54431
54432
54436
54438
54439
54441
54444
54445
54447
54448
54449
54450
54452
54453
54454
54456
54458
54466
54468
54473
54474
54476
54477
54485
54487
54488
54497
54499
54500
54506
54513
54514
54522
54527
54529
54533
54535
54536
54540
54542
54544
54546
54548
54550
54555
54558
54559
54560
54562
54563
54566
54569
54570
54574
54577
54578
54579
54580
54582
54583
54584
54587
54589
54590
54593
54594
54596
54607
54628
54629
54630
54643
54651
54652
54653
54654
54658
54659
54661
54662
54664
54670
54672
54674
54678
54680
54681
54682
54700
54702
54703
54710
54711
54713
54714
54715
54716
54717
54722
54723
54724
54727
54730
54733
54734
54735
54743
54745
54748
54752
54753
54754
54758
54759
54761
54764
54770
54777
54778
54781
54783
54785
54786
54795
54796
54798
54799
54801
54803
54807
54811
54814
54818
54821
54825
54826
54828
54830
54834
54836
54837
54844
54845
54849
54850
54852
54853
54855
54856
54859
54863
54865
54868
54869
54875
54876
54878
54879
54881
54883
54884
54887
54889
54891
54892
54899
54900
54907
54910
54914
54915
54916
54917
54918
54920
54922
54930
54931
54932
54933
54935
54939
54941
54947
54949
54951
54952
54953
54954
54957
54958
54967
54971
54972
54980
54989
54990
54991
55001
55004
55006
55012
55017
55024
55027
55030
55031
55035
55038
55041
55042
55044
55051
55053
55057
55058
55061
55063
55065
55066
55067
55069
55073
55079
55081
55083
55084
55085
55086
55087
55088
55089
55090
55091
55092
55093
55094
55097
55098
55100
55110
55112
55114
55115
55118
55121
55122
55126
55129
55133
55140
55141
55145
55147
55150
55155
55157
55159
55161
55163
55164
55167
55169
55170
55172
55178
55181
55183
55184
55185
55195
55198
55205
55206
55207
55215
55216
55219
55222
55225
55226
55227
55229
55231
55232
55233
55236
55237
55238
55239
55241
55243
55245
55248
55249
55250
55253
55256
55257
55259
55261
55265
55268
55272
55273
55277
55280
55282
55284
55285
55286
55287
55288
55289
55291
55293
55296
55300
55301
55303
55304
55305
55307
55308
55313
55320
55321
55324
55326
55328
55329
55333
55334
55335
55340
55341
55343
55344
55345
55349
55356
55357
55359
55360
55362
55365
55366
55367
55369
55370
55371
55372
55377
55380
55381
55382
55386
55387
55388
55389
55391
55393
55394
55395
55397
55401
55403
55404
55406
55407
55408
55411
55414
55417
55419
55424
55425
55426
55427
55428
55429
55431
55432
55433
55437
55438
55439
55440
55441
55443
55444
55445
55448
55451
55452
55453
55456
55457
55458
55459
55460
55466
55467
55468
55471
55472
55475
55476
55477
55479
55481
55482
55483
55484
55487
55490
55491
55492
55494
55495
55498
55501
55502
55503
55505
55509
55511
55512
55513
55521
55525
55527
55529
55530
55531
55534
55537
55538
55539
55540
55541
55544
55548
55551
55553
55554
55555
55559
55563
55565
55566
55567
55569
55570
55571
55573
55576
55577
55578
55579
55581
55582
55583
55584
55585
55586
55588
55591
55592
55594
55596
55597
55599
55600
55601
55603
55605
55607
55608
55609
55610
55611
55612
55613
55615
55617
55618
55619
55620
55621
55622
55624
55626
55627
55628
55631
55632
55633
55634
55635
55639
55641
55642
55643
55644
55645
55646
55649
55650
55653
55656
55660
55661
55662
55665
55666
55668
55670
55671
55672
55673
55674
55675
55676
55677
55678
55679
55682
55684
55685
55686
55687
55689
55690
55691
55693
55694
55695
55696
55697
55698
55699
55700
55701
55703
55704
55706
55707
55708
55709
55712
55713
55716
55717
55720
55722
55724
55725
55726
55727
55731
55732
55733
55734
55738
55740
55742
55743
55744
55745
55746
55747
55748
55749
55750
55751
55752
55753
55754
55755
55756
55759
55761
55763
55766
55768
55769
55770
55771
55772
55773
55775
55776
55779
55780
55783
55787
55790
55791
55793
55794
55795
55796
55797
55799
55801
55802
55805
55807
55808
55809
55811
55812
55813
55815
55816
55819
55820
55821
55824
55825
55826
55827
55828
55829
55831
55832
55833
55834
55836
55838
55839
55840
55845
55849
55853
55854
55857
55858
55859
55861
55862
55863
55866
55871
55874
55876
55878
55879
55881
55883
55884
55885
55886
55887
55888
55889
55890
55891
55893
55896
55897
55900
55903
55904
55905
55908
55909
55910
55912
55913
55914
55915
55917
55918
55919
55922
55923
55927
55928
55929
55933
55935
55937
55938
55939
55940
55941
55942
55943
55946
55947
55948
55949
55952
55954
55958
55966
55970
55971
55972
55973
55975
55979
55980
55981
55983
55985
55986
55988
55989
55995
55996
55998
55999
56000
56001
56003
56004
56005
56006
56007
56008
56010
56012
56014
56016
56018
56020
56021
56023
56028
56030
56032
56035
56036
56038
56042
56044
56045
56046
56047
56048
56050
56053
56055
56056
56057
56060
56062
56063
56064
56066
56070
56071
56074
56075
56076
56077
56078
56079
56080
56081
56082
56086
56087
56090
56092
56094
56095
56096
56097
56098
56099
56100
56101
56104
56106
56108
56109
56111
56113
56114
56115
56116
56117
56119
56121
56122
56123
56124
56126
56127
56128
56129
56130
56134
56135
56136
56137
56138
56140
56143
56144
56145
56147
56148
56150
56151
56154
56155
56156
56159
56160
56161
56162
56164
56165
56166
56167
56169
56170
56171
56172
56174
56177
56178
56179
56181
56182
56186
56188
56189
56191
56193
56194
56195
56198
56199
56202
56204
56206
56207
56210
56214
56215
56216
56219
56220
56221
56222
56224
56226
56227
56230
56236
56239
56240
56242
56244
56246
56247
56248
56249
56251
56257
56258
56260
56261
56262
56263
56267
56270
56271
56272
56273
56275
56276
56277
56281
56282
56290
56291
56294
56298
56299
56301
56302
56303
56306
56311
56312
56313
56315
56316
56317
56318
56319
56320
56321
56323
56325
56328
56331
56332
56333
56334
56335
56336
56339
56340
56344
56347
56351
56353
56354
56355
56356
56358
56359
56360
56362
56363
56364
56367
56368
56369
56371
56372
56373
56380
56381
56382
56383
56384
56385
56388
56389
56390
56392
56394
56395
56396
56397
56398
56400
56402
56403
56405
56409
56410
56411
56412
56413
56415
56418
56419
56421
56424
56426
56427
56428
56429
56430
56431
56432
56436
56437
56440
56441
56442
56444
56446
56447
56449
56450
56451
56452
56453
56455
56457
56459
56461
56464
56469
56470
56471
56475
56478
56480
56482
56483
56489
56493
56497
56499
56501
56503
56505
56506
56508
56510
56512
56513
56516
56517
56519
56521
56524
56528
56529
56530
56531
56533
56534
56536
56544
56547
56548
56550
56552
56553
56555
56556
56558
56559
56561
56567
56568
56570
56571
56572
56583
56586
56588
56589
56592
56593
56595
56596
56598
56599
56601
56603
56604
56606
56607
56608
56609
56610
56611
56612
56613
56614
56617
56619
56623
56624
56625
56626
56627
56628
56629
56630
56631
56633
56634
56638
56639
56642
56643
56644
56646
56649
56651
56654
56655
56657
56659
56660
56662
56664
56666
56669
56670
56671
56673
56674
56682
56683
56684
56686
56687
56689
56690
56691
56692
56693
56694
56699
56700
56701
56707
56709
56710
56718
56720
56721
56722
56723
56725
56726
56729
56730
56731
56732
56734
56736
56738
56739
56740
56741
56742
56743
56744
56746
56747
56748
56749
56751
56752
56753
56754
56756
56757
56769
56772
56773
56774
56775
56776
56777
56778
56779
56780
56781
56782
56783
56785
56787
56788
56790
56791
56792
56793
56794
56795
56796
56797
56798
56799
56802
56803
56805
56806
56808
56809
56810
56811
56812
56813
56814
56815
56816
56818
56819
56820
56821
56822
56823
56824
56825
56826
56827
56828
56829
56830
56831
56833
56834
56835
56836
56837
56838
56839
56840
56841
56842
56843
56844
56845
56846
56847
56848
56849
56850
56852
56853
56854
56858
56859
56860
56861
56862
56866
56867
56869
56870
56871
56872
56873
56874
56875
56876
56877
56878
56879
56881
56883
56885
56887
56888
56889
56890
56891
56892
56893
56894
56896
56897
56898
56899
56903
56905
56906
56907
56911
56912
56913
56915
56916
56919
56920
56922
56923
56924
56925
56926
56927
56928
56929
56930
56931
56932
56934
56935
56936
56937
56938
56939
56940
56941
56947
56948
56949
56951
56953
56954
56955
56956
56957
56958
56959
56960
56961
56962
56964
56965
56966
56967
56968
56970
56971
56972
56973
56974
56975
56976
56977
56978
56979
56980
56981
56982
56983
56984
56985
56986
56987
56989
56990
56991
56994
56995
56996
56999
57001
57002
57003
57005
57008
57010
57011
57013
57014
57015
57016
57023
57024
57027
57028
57029
57030
57031
57032
57034
57035
57036
57037
57038
57039
57040
57044
57047
57050
57051
57053
57054
57055
57057
57058
57059
57061
57062
57063
57065
57066
57069
57072
57074
57076
57077
57078
57079
57080
57082
57083
57084
57086
57087
57093
57094
57097
57098
57100
57102
57103
57104
57105
57106
57108
57110
57111
57113
57114
57117
57118
57120
57121
57122
57123
57124
57125
57126
57128
57136
57140
57141
57145
57147
57150
57151
57153
57154
57155
57156
57158
57161
57162
57163
57165
57166
57167
57168
57169
57170
57171
57172
57173
57177
57178
57179
57180
57181
57182
57187
57188
57195
57196
57197
57198
57199
57202
57203
57205
57207
57211
57212
57214
57215
57217
57218
57220
57221
57222
57223
57225
57226
57228
57229
57231
57233
57234
57237
57238
57239
57240
57241
57243
57244
57248
57249
57250
57251
57252
57255
57256
57257
57260
57261
57262
57263
57264
57266
57267
57268
57269
57271
57273
57274
57281
57282
57285
57289
57290
57291
57294
57295
57296
57297
57298
57300
57301
57302
57303
57304
57305
57306
57307
57308
57310
57311
57313
57314
57315
57316
57318
57319
57320
57322
57323
57325
57327
57329
57330
57336
57338
57340
57341
57344
57345
57347
57348
57351
57353
57354
57356
57358
57360
57361
57363
57364
57366
57367
57368
57369
57371
57374
57376
57377
57378
57382
57383
57384
57385
57386
57393
57397
57398
57400
57401
57402
57404
57406
57407
57408
57409
57410
57411
57412
57413
57415
57417
57422
57429
57430
57431
57439
57443
57447
57450
57452
57457
57462
57465
57467
57470
57474
57476
57479
57481
57482
57483
57484
57489
57491
57498
57504
57506
57514
57516
57518
57519
57521
57529
57531
57535
57538
57539
57541
57546
57549
57550
57551
57557
57560
57562
57565
57570
57571
57572
57573
57578
57587
57588
57590
57599
57609
57610
57616
57623
57625
57627
57630
57634
57636
57638
57639
57645
57646
57656
57658
57659
57666
57673
57675
57678
57679
57686
57687
57692
57696
57697
57699
57701
57702
57703
57705
57708
57709
57711
57712
57713
57716
57717
57718
57721
57722
57724
57726
57728
57729
57731
57732
57733
57737
57739
57740
57741
57743
57744
57745
57747
57748
57749
57750
57751
57753
57754
57755
57756
57757
57758
57759
57761
57762
57763
57765
57766
57769
57770
57771
57772
57774
57775
57776
57779
57780
57781
57782
57783
57784
57785
57786
57787
57788
57790
57791
57795
57797
57798
57801
57802
57804
57805
57807
57809
57810
57816
57817
57818
57819
57820
57821
57822
57823
57825
57826
57827
57828
57829
57832
57833
57834
57835
57836
57837
57838
57843
57844
57845
57848
57849
57851
57852
57856
57857
57858
57860
57861
57862
57863
57865
57866
57868
57869
57873
57875
57876
57877
57878
57879
57880
57881
57884
57887
57888
57890
57894
57895
57898
57900
57901
57902
57903
57905
57907
57908
57909
57910
57911
57912
57915
57917
57918
57920
57921
57922
57923
57924
57926
57927
57928
57930
57931
57932
57933
57935
57936
57937
57938
57939
57940
57941
57942
57943
57946
57947
57948
57949
57950
57951
57952
57953
57954
57955
57956
57957
57959
57962
57963
57965
57966
57967
57969
57970
57972
57974
57977
57979
57981
57982
57983
57984
57987
57989
57993
57994
57996
57997
57998
58002
58004
58005
58006
58008
58009
58010
58012
58014
58017
58018
58019
58020
58021
58023
58024
58026
58027
58029
58030
58032
58033
58034
58035
58037
58038
58040
58042
58043
58044
58045
58046
58048
58050
58051
58052
58053
58054
58055
58058
58060
58061
58065
58067
58068
58069
58071
58073
58074
58075
58076
58077
58078
58079
58080
58081
58083
58084
58085
58086
58089
58092
58097
58098
58099
58100
58102
58103
58105
58107
58110
58113
58114
58116
58117
58118
58121
58122
58124
58126
58127
58132
58133
58135
58136
58137
58139
58140
58141
58142
58144
58145
58146
58148
58150
58153
58155
58156
58157
58159
58160
58161
58162
58163
58164
58165
58166
58168
58169
58170
58171
58172
58173
58174
58175
58176
58177
58178
58179
58180
58181
58183
58184
58185
58186
58187
58188
58189
58190
58191
58192
58193
58194
58195
58196
58197
58198
58199
58200
58201
58202
58203
58204
58205
58206
58207
58209
58210
58211
58212
58213
58215
58216
58218
58221
58223
58224
58225
58226
58227
58228
58229
58230
58231
58232
58233
58234
58235
58236
58237
58238
58240
58242
58244
58245
58246
58247
58248
58249
58250
58251
58252
58254
58255
58256
58257
58258
58260
58261
58262
58263
58264
58266
58268
58269
58270
58271
58272
58274
58275
58277
58278
58279
58281
58282
58283
58284
58286
58287
58288
58290
58292
58296
58299
58300
58301
58302
58303
58304
58305
58306
58307
58308
58309
58310
58311
58312
58313
58314
58316
58317
58318
58319
58321
58322
58323
58325
58326
58327
58328
58330
58331
58332
58333
58334
58336
58337
58338
58339
58340
58341
58342
58345
58347
58348
58349
58350
58353
58354
58355
58356
58357
58360
58361
58362
58363
58364
58365
58367
58368
58369
58370
58371
58372
58373
58374
58376
58380
58381
58382
58383
58384
58386
58387
58388
58389
58390
58392
58393
58394
58396
58397
58398
58400
58401
58403
58404
58405
58406
58407
58408
58409
58411
58413
58414
58415
58416
58417
58422
58423
58424
58425
58429
58430
58431
58432
58433
58434
58435
58437
58439
58442
58444
58445
58446
58447
58448
58450
58452
58453
58454
58455
58457
58459
58460
58462
58463
58467
58468
58470
58471
58472
58473
58475
58476
58477
58479
58480
58481
58482
58483
58484
58485
58486
58488
58489
58491
58492
58494
58497
58498
58499
58501
58502
58503
58504
58505
58506
58507
58508
58509
58510
58511
58512
58513
58514
58516
58517
58518
58519
58520
58523
58525
58526
58527
58528
58529
58530
58532
58534
58535
58536
58537
58539
58540
58541
58543
58544
58545
58550
58553
58554
58555
58556
58557
58558
58559
58560
58561
58562
58563
58564
58565
58566
58567
58568
58569
58571
58572
58573
58577
58578
58580
58581
58582
58583
58584
58585
58587
58588
58589
58590
58591
58592
58593
58594
58595
58596
58597
58599
58601
58602
58604
58606
58607
58608
58609
58610
58612
58614
58615
58616
58618
58621
58622
58624
58627
58628
58629
58632
58634
58635
58636
58637
58640
58641
58643
58644
58645
58646
58648
58649
58650
58651
58652
58653
58654
58655
58657
58658
58659
58660
58661
58662
58663
58664
58666
58667
58670
58671
58672
58673
58675
58677
58678
58679
58684
58685
58686
58687
58688
58690
58691
58692
58693
58695
58697
58698
58702
58703
58704
58705
58708
58710
58712
58716
58718
58719
58720
58721
58722
58723
58725
58726
58727
58730
58731
58732
58734
58735
58738
58739
58741
58742
58743
58744
58745
58746
58747
58748
58749
58750
58751
58752
58753
58754
58755
58756
58757
58758
58759
58760
58762
58763
58764
58765
58766
58767
58768
58769
58771
58772
58773
58774
58775
58777
58778
58779
58781
58782
58783
58784
58785
58786
58787
58788
58789
58790
58791
58792
58793
58795
58796
58797
58800
58801
58803
58805
58806
58807
58808
58809
58810
58811
58812
58813
58814
58815
58816
58817
58818
58819
58820
58823
58824
58825
58826
58827
58828
58829
58830
58831
58832
58833
58834
58835
58836
58837
58838
58839
58840
58841
58842
58843
58844
58845
58846
58847
58851
58855
58856
58857
58858
58860
58862
58864
58865
58869
58870
58873
58874
58875
58876
58877
58879
58880
58881
58883
58884
58885
58886
58887
58888
58891
58893
58895
58896
58897
58899
58900
58901
58902
58904
58905
58906
58907
58908
58910
58911
58912
58913
58914
58915
58916
58918
58922
58925
58927
58930
58931
58932
58933
58934
58936
58937
58939
58940
58942
58943
58945
58948
58950
58951
58952
58953
58954
58955
58956
58959
58961
58962
58963
58964
58965
58966
58968
58969
58972
58973
58974
58976
58977
58978
58979
58980
58981
58983
58984
58985
58987
58989
58991
58992
58993
58994
58995
58996
58997
58998
58999
59000
59001
59002
59003
59004
59006
59007
59008
59010
59012
59013
59015
59016
59017
59018
59020
59022
59024
59025
59026
59027
59028
59029
59032
59033
59034
59035
59036
59038
59040
59041
59044
59045
59046
59047
59048
59049
59050
59051
59052
59053
59055
59056
59057
59059
59060
59063
59065
59067
59068
59069
59070
59071
59073
59075
59076
59078
59079
59080
59081
59082
59083
59084
59085
59086
59087
59089
59091
59092
59093
59094
59095
59096
59097
59098
59101
59103
59104
59105
59106
59108
59110
59113
59114
59115
59116
59117
59118
59119
59120
59121
59125
59126
59129
59131
59132
59133
59135
59136
59138
59139
59140
59141
59142
59143
59144
59145
59146
59148
59149
59150
59151
59153
59154
59155
59157
59160
59161
59162
59163
59164
59165
59166
59167
59168
59169
59170
59171
59172
59173
59174
59175
59176
59178
59179
59180
59181
59183
59184
59185
59186
59187
59189
59191
59192
59193
59195
59196
59197
59199
59200
59201
59202
59204
59205
59207
59208
59209
59210
59211
59214
59216
59217
59218
59219
59222
59223
59224
59226
59227
59228
59229
59231
59232
59233
59234
59235
59236
59240
59241
59243
59244
59245
59246
59249
59250
59251
59252
59254
59256
59258
59259
59260
59261
59262
59263
59264
59265
59267
59269
59270
59271
59272
59273
59274
59275
59277
59278
59279
59280
59281
59283
59286
59287
59288
59289
59290
59291
59292
59293
59294
59295
59297
59299
59300
59301
59303
59304
59305
59306
59307
59308
59309
59310
59311
59312
59313
59316
59318
59319
59321
59322
59323
59324
59325
59326
59327
59328
59329
59330
59333
59335
59336
59337
59338
59341
59343
59345
59346
59347
59348
59350
59352
59353
59354
59355
59356
59357
59358
59359
59360
59362
59363
59364
59365
59366
59367
59368
59372
59374
59375
59377
59378
59379
59380
59381
59383
59386
59387
59388
59389
59390
59394
59398
59400
59403
59404
59405
59406
59407
59408
59410
59411
59412
59413
59414
59415
59416
59417
59418
59419
59420
59421
59422
59424
59425
59426
59427
59428
59429
59430
59431
59432
59434
59435
59436
59437
59438
59439
59441
59442
59445
59446
59447
59448
59449
59450
59451
59452
59453
59455
59456
59457
59458
59460
59461
59462
59463
59464
59465
59466
59467
59468
59469
59470
59471
59472
59473
59474
59475
59477
59478
59480
59481
59482
59483
59484
59485
59486
59487
59488
59489
59490
59491
59492
59493
59494
59495
59496
59497
59498
59499
59502
59503
59504
59505
59506
59507
59509
59510
59511
59512
59513
59514
59516
59517
59518
59521
59522
59523
59524
59526
59527
59528
59529
59530
59531
59532
59534
59536
59539
59540
59541
59542
59543
59544
59546
59547
59548
59549
59550
59551
59552
59553
59554
59555
59556
59557
59558
59560
59563
59564
59565
59566
59568
59570
59571
59572
59573
59575
59576
59579
59580
59581
59582
59583
59584
59585
59587
59588
59589
59590
59591
59592
59593
59594
59595
59597
59598
59599
59601
59604
59605
59606
59607
59608
59609
59610
59611
59613
59614
59615
59616
59617
59618
59619
59620
59621
59622
59623
59624
59625
59629
59630
59631
59632
59633
59634
59635
59636
59637
59640
59641
59644
59646
59647
59649
59650
59651
59652
59653
59654
59655
59657
59658
59659
59661
59662
59665
59666
59667
59668
59669
59671
59672
59673
59674
59675
59676
59677
59680
59682
59683
59686
59687
59688
59689
59690
59691
59692
59693
59694
59695
59696
59697
59698
59699
59701
59702
59703
59704
59705
59707
59708
59709
59712
59713
59716
59717
59718
59719
59720
59721
59722
59723
59726
59728
59729
59730
59732
59733
59734
59735
59736
59737
59739
59744
59745
59746
59747
59748
59749
59750
59752
59755
59756
59757
59758
59759
59763
59764
59765
59766
59767
59771
59773
59775
59778
59779
59780
59782
59784
59787
59788
59789
59790
59791
59792
59793
59794
59795
59796
59797
59798
59799
59801
59802
59803
59804
59805
59807
59808
59809
59811
59812
59813
59814
59815
59816
59817
59818
59820
59822
59823
59824
59825
59827
59828
59829
59831
59832
59833
59834
59835
59836
59837
59838
59839
59841
59842
59843
59844
59845
59846
59847
59849
59850
59851
59852
59854
59855
59856
59857
59858
59859
59860
59862
59863
59864
59865
59866
59868
59869
59870
59872
59874
59875
59876
59877
59879
59880
59881
59882
59883
59885
59886
59890
59891
59892
59893
59894
59895
59896
59897
59898
59899
59900
59901
59902
59903
59904
59906
59907
59908
59909
59910
59913
59917
59920
59921
59922
59923
59925
59926
59927
59928
59929
59930
59931
59932
59933
59934
59936
59937
59938
59940
59941
59942
59943
59944
59948
59949
59950
59952
59953
59955
59957
59958
59959
59960
59965
59966
59967
59969
59970
59971
59973
59975
59981
59982
59983
59985
59986
59988
59992
59993
59994
59995
59997
59998
60001
60002
60003
60007
60011
60012
60013
60015
60018
60019
60020
60022
60023
60024
60025
60027
60028
60029
60030
60031
60033
60035
60036
60037
60038
60039
60040
60041
60042
60043
60044
60045
60047
60050
60051
60052
60053
60054
60055
60056
60058
60059
60060
60061
60062
60063
60064
60065
60066
60068
60069
60070
60072
60073
60074
60075
60076
60077
60078
60079
60082
60083
60084
60085
60086
60087
60088
60090
60091
60092
60093
60094
60095
60097
60098
60099
60100
60101
60102
60103
60104
60105
60106
60108
60109
60111
60112
60113
60114
60115
60116
60117
60118
60120
60121
60123
60124
60125
60126
60127
60128
60129
60130
60131
60132
60133
60134
60135
60138
60139
60140
60141
60142
60143
60144
60145
60146
60147
60149
60150
60151
60152
60153
60154
60157
60158
60159
60161
60162
60164
60165
60166
60167
60169
60171
60173
60175
60178
60179
60180
60181
60182
60183
60184
60185
60186
60189
60192
60195
60196
60197
60199
60201
60202
60203
60204
60207
60208
60210
60212
60213
60215
60216
60217
60218
60219
60220
60221
60223
60224
60225
60226
60227
60228
60229
60230
60231
60232
60233
60234
60235
60236
60237
60238
60239
60241
60242
60243
60244
60245
60246
60251
60252
60253
60255
60256
60257
60258
60261
60262
60263
60264
60265
60267
60268
60269
60270
60271
60274
60277
60279
60280
60281
60282
60283
60284
60285
60286
60288
60290
60291
60292
60294
60295
60296
60297
60300
60301
60304
60305
60307
60309
60310
60311
60313
60316
60317
60318
60320
60321
60322
60323
60326
60328
60330
60333
60335
60336
60338
60342
60343
60344
60347
60348
60350
60351
60355
60360
60362
60363
60364
60366
60368
60372
60373
60375
60377
60378
60379
60380
60382
60383
60385
60387
60388
60390
60391
60392
60395
60396
60398
60399
60400
60403
60404
60407
60408
60409
60410
60412
60413
60414
60415
60418
60420
60421
60422
60423
60424
60426
60427
60428
60429
60430
60431
60433
60439
60442
60443
60444
60445
60446
60448
60449
60451
60453
60454
60455
60456
60458
60459
60460
60461
60463
60464
60465
60466
60467
60468
60470
60471
60473
60474
60475
60476
60477
60478
60479
60481
60482
60483
60484
60487
60488
60489
60490
60491
60492
60493
60495
60496
60498
60499
60500
60501
60502
60503
60504
60505
60506
60507
60508
60509
60510
60511
60512
60513
60515
60516
60517
60518
60519
60520
60521
60522
60523
60525
60526
60527
60530
60534
60536
60537
60540
60541
60542
60544
60549
60551
60553
60555
60558
60559
60561
60562
60565
60566
60568
60569
60570
60571
60572
60577
60578
60579
60582
60583
60584
60585
60586
60587
60588
60589
60591
60593
60594
60597
60598
60599
60600
60601
60602
60604
60605
60606
60607
60608
60609
60611
60612
60613
60614
60621
60622
60623
60624
60625
60627
60628
60630
60634
60635
60636
60637
60638
60639
60640
60641
60642
60645
60646
60647
60648
60649
60650
60652
60653
60654
60658
60660
60662
60663
60664
60670
60671
60673
60677
60679
60681
60682
60683
60684
60686
60692
60693
60694
60695
60696
60697
60698
60699
60700
60701
60702
60703
60705
60706
60707
60708
60709
60710
60711
60712
60713
60714
60715
60716
60717
60718
60719
60720
60722
60723
60724
60725
60726
60727
60728
60729
60731
60732
60733
60734
60735
60736
60739
60740
60741
60742
60743
60744
60745
60747
60748
60749
60750
60751
60752
60753
60755
60757
60758
60759
60760
60761
60762
60763
60764
60765
60767
60768
60769
60771
60772
60774
60776
60777
60779
60781
60782
60783
60784
60785
60786
60787
60788
60789
60791
60792
60793
60794
60795
60796
60798
60800
60801
60802
60803
60804
60806
60808
60809
60811
60812
60813
60814
60815
60816
60817
60818
60819
60820
60821
60822
60823
60824
60825
60826
60827
60828
60830
60831
60832
60833
60834
60835
60836
60838
60839
60841
60842
60843
60844
60845
60846
60847
60848
60849
60850
60851
60852
60853
60854
60855
60856
60857
60858
60859
60862
60863
60864
60866
60867
60869
60871
60873
60874
60875
60876
60877
60879
60881
60882
60883
60884
60885
60887
60890
60891
60892
60893
60896
60898
60899
60900
60901
60902
60903
60904
60907
60911
60912
60914
60918
60919
60920
60921
60922
60926
60927
60929
60930
60932
60933
60936
60938
60939
60940
60942
60943
60945
60946
60947
60948
60949
60950
60952
60953
60955
60956
60959
60960
60962
60963
60967
60968
60969
60970
60971
60972
60973
60975
60976
60977
60978
60979
60980
60981
60982
60983
60985
60987
60988
60989
60991
60992
60993
60994
60995
60997
60998
60999
61000
61002
61003
61004
61005
61007
61009
61010
61011
61013
61014
61016
61017
61018
61019
61020
61021
61023
61024
61025
61026
61027
61028
61029
61030
61031
61032
61033
61034
61035
61038
61040
61041
61042
61044
61046
61048
61049
61051
61052
61053
61054
61056
61057
61058
61059
61060
61063
61064
61066
61067
61068
61070
61071
61072
61073
61074
61075
61076
61077
61078
61079
61080
61081
61082
61083
61084
61086
61087
61089
61090
61091
61092
61093
61094
61095
61096
61098
61099
61101
61103
61110
61112
61113
61116
61117
61118
61119
61120
61126
61127
61128
61130
61131
61132
61133
61134
61136
61138
61139
61140
61141
61142
61143
61144
61145
61146
61147
61148
61149
61150
61151
61152
61153
61154
61155
61156
61157
61158
61159
61161
61162
61163
61164
61165
61166
61170
61172
61173
61174
61175
61178
61179
61180
61181
61182
61184
61185
61186
61187
61188
61189
61190
61191
61193
61194
61195
61197
61198
61199
61201
61204
61206
61207
61208
61209
61210
61211
61213
61215
61218
61219
61221
61222
61223
61225
61231
61233
61234
61235
61236
61237
61238
61240
61242
61243
61244
61246
61248
61249
61252
61254
61255
61256
61257
61258
61259
61260
61261
61262
61263
61264
61265
61269
61271
61273
61275
61276
61277
61280
61281
61283
61284
61285
61290
61291
61292
61293
61294
61298
61299
61300
61301
61302
61303
61304
61305
61307
61309
61315
61316
61320
61322
61323
61324
61333
61336
61337
61339
61342
61344
61346
61349
61350
61351
61354
61357
61361
61363
61364
61365
61366
61367
61369
61371
61372
61374
61376
61378
61379
61385
61386
61389
61391
61392
61398
61401
61402
61403
61405
61406
61408
61409
61410
61411
61412
61413
61414
61415
61416
61417
61420
61421
61422
61430
61432
61435
61438
61439
61441
61444
61448
61449
61450
61451
61452
61453
61454
61457
61458
61460
61464
61467
61468
61472
61474
61475
61478
61481
61482
61483
61484
61485
61486
61487
61488
61489
61491
61492
61495
61497
61498
61499
61500
61501
61503
61504
61505
61508
61509
61510
61511
61512
61516
61517
61521
61524
61529
61531
61532
61537
61538
61539
61540
61541
61542
61543
61544
61547
61548
61550
61552
61553
61561
61563
61564
61565
61567
61571
61572
61576
61581
61582
61585
61587
61594
61597
61598
61600
61605
61608
61609
61610
61616
61617
61620
61621
61623
61627
61648
61652
61669
61671
61674
61685
61704
61705
61706
61710
61714
61716
61717
61720
61723
61725
61726
61728
61729
61730
61732
61738
61743
61747
61748
61750
61753
61754
61755
61756
61761
61763
61765
61766
61767
61775
61776
61777
61778
61788
61789
61790
61791
61795
61796
61797
61798
61802
61804
61806
61807
61809
61815
61819
61820
61821
61822
61824
61828
61830
61833
61836
61842
61843
61848
61851
61855
61856
61857
61860
61865
61867
61868
61873
61874
61875
61876
61878
61879
61881
61882
61883
61884
61886
61887
61888
61889
61890
61892
61894
61897
61902
61904
61906
61907
61908
61909
61911
61917
61918
61922
61924
61925
61930
61932
61934
61936
61940
61943
61944
61945
61946
61948
61949
61950
61951
61955
61956
61958
61966
61969
61971
61975
61976
61979
61981
61985
61988
61995
61996
61997
61998
61999
62002
62003
62011
62013
62017
62019
62020
62022
62024
62026
62027
62028
62031
62037
62039
62041
62042
62043
62044
62047
62048
62049
62050
62052
62056
62059
62060
62064
62065
62066
62068
62070
62072
62074
62078
62080
62085
62089
62091
62092
62093
62094
62096
62097
62098
62099
62100
62102
62104
62107
62110
62118
62126
62127
62129
62130
62133
62138
62144
62149
62156
62157
62164
62165
62167
62170
62171
62172
62174
62176
62178
62179
62180
62182
62184
62187
62197
62200
62202
62204
62209
62214
62215
62216
62219
62221
62223
62225
62227
62228
62230
62234
62239
62240
62248
62253
62254
62255
62262
62263
62270
62271
62272
62275
62276
62282
62284
62289
62294
62305
62309
62311
62313
62315
62316
62321
62322
62324
62325
62326
62327
62328
62339
62340
62347
62351
62352
62354
62361
62362
62365
62367
62373
62375
62378
62380
62381
62382
62385
62389
62391
62392
62393
62394
62399
62401
62402
62403
62408
62409
62416
62422
62429
62435
62437
62443
62446
62447
62448
62450
62458
62459
62463
62464
62465
62471
62473
62485
62499
62500
62501
62502
62504
62507
62510
62514
62519
62520
62528
62529
62530
62532
62533
62535
62537
62542
62543
62545
62546
62548
62550
62557
62558
62559
62560
62561
62563
62564
62566
62569
62570
62575
62576
62580
62582
62583
62590
62591
62592
62595
62598
62600
62606
62608
62613
62620
62621
62622
62623
62625
62626
62627
62632
62633
62634
62642
62652
62654
62657
62665
62666
62669
62672
62674
62675
62678
62679
62682
62683
62684
62685
62689
62691
62692
62693
62694
62695
62696
62698
62699
62702
62704
62712
62713
62714
62715
62716
62717
62718
62720
62721
62722
62726
62727
62731
62732
62733
62736
62737
62738
62739
62740
62741
62743
62748
62749
62751
62752
62757
62758
62759
62761
62762
62767
62778
62781
62784
62789
62790
62791
62794
62795
62796
62801
62802
62806
62808
62809
62810
62812
62816
62817
62818
62820
62821
62823
62824
62825
62828
62829
62831
62832
62833
62837
62839
62842
62843
62845
62849
62852
62853
62854
62856
62857
62858
62860
62862
62864
62867
62870
62871
62872
62874
62875
62877
62880
62882
62884
62885
62888
62889
62890
62893
62896
62899
62906
62909
62912
62916
62918
62921
62922
62923
62925
62928
62929
62931
62932
62933
62935
62936
62937
62939
62943
62946
62947
62949
62950
62951
62952
62953
62957
62958
62959
62962
62964
62967
62970
62971
62973
62977
62978
62979
62983
62984
62986
62988
62989
62992
62995
62999
63001
63002
63004
63005
63006
63008
63010
63011
63013
63014
63016
63017
63021
63023
63026
63027
63029
63032
63035
63038
63039
63040
63041
63043
63046
63048
63050
63051
63053
63054
63056
63057
63058
63060
63062
63065
63066
63067
63071
63072
63077
63078
63079
63080
63082
63084
63085
63086
63087
63088
63089
63090
63091
63092
63095
63096
63099
63100
63101
63102
63103
63104
63106
63108
63109
63110
63111
63115
63116
63117
63118
63119
63120
63121
63122
63123
63125
63129
63132
63133
63134
63135
63137
63140
63142
63143
63146
63148
63149
63150
63151
63153
63155
63156
63158
63162
63170
63171
63172
63174
63178
63179
63180
63181
63182
63183
63187
63188
63189
63190
63191
63193
63194
63195
63199
63200
63202
63204
63205
63210
63211
63214
63216
63217
63219
63220
63224
63229
63230
63231
63232
63235
63236
63238
63239
63240
63241
63242
63243
63244
63246
63248
63250
63251
63252
63253
63254
63255
63256
63257
63260
63261
63262
63264
63265
63266
63267
63268
63270
63272
63273
63275
63277
63279
63280
63281
63283
63284
63285
63286
63288
63289
63292
63294
63296
63297
63298
63300
63301
63302
63304
63305
63306
63308
63309
63310
63312
63313
63316
63317
63320
63323
63324
63325
63326
63327
63328
63329
63330
63335
63336
63337
63339
63340
63341
63342
63344
63345
63346
63349
63350
63351
63353
63354
63355
63357
63358
63359
63361
63362
63363
63364
63365
63366
63367
63368
63369
63371
63373
63375
63376
63379
63380
63381
63382
63383
63384
63385
63387
63388
63389
63391
63392
63393
63395
63396
63398
63399
63400
63402
63404
63405
63406
63407
63408
63411
63412
63414
63415
63416
63417
63420
63421
63422
63423
63426
63427
63429
63431
63432
63433
63434
63435
63437
63438
63440
63441
63442
63443
63446
63447
63451
63453
63456
63457
63458
63460
63462
63463
63465
63467
63468
63469
63470
63472
63473
63475
63476
63477
63478
63479
63480
63484
63486
63487
63488
63489
63490
63491
63493
63497
63500
63501
63504
63506
63507
63508
63509
63512
63513
63516
63517
63518
63520
63521
63522
63524
63525
63527
63528
63530
63533
63534
63535
63536
63537
63539
63542
63543
63546
63548
63554
63556
63557
63558
63559
63560
63561
63562
63564
63565
63566
63567
63568
63569
63570
63573
63574
63578
63580
63581
63582
63584
63586
63588
63589
63590
63591
63593
63594
63595
63596
63599
63600
63604
63605
63618
63619
63620
63621
63622
63623
63624
63626
63634
63637
63640
63641
63643
63646
63647
63650
63651
63653
63654
63655
63656
63657
63660
63661
63663
63664
63665
63667
63669
63670
63671
63672
63673
63674
63676
63678
63679
63681
63685
63687
63688
63693
63695
63701
63704
63708
63710
63711
63712
63717
63718
63719
63720
63721
63723
63724
63725
63726
63727
63728
63729
63730
63731
63732
63733
63735
63736
63737
63739
63740
63741
63742
63744
63747
63748
63750
63751
63752
63754
63755
63757
63759
63760
63761
63762
63763
63764
63765
63766
63767
63768
63769
63770
63771
63772
63773
63774
63775
63778
63779
63781
63784
63785
63787
63788
63790
63791
63792
63793
63794
63795
63796
63798
63799
63801
63802
63805
63806
63809
63810
63811
63813
63814
63815
63816
63817
63818
63819
63820
63821
63822
63823
63824
63828
63829
63831
63833
63838
63840
63841
63844
63846
63849
63851
63852
63855
63858
63859
63860
63861
63864
63865
63866
63867
63870
63871
63873
63875
63882
63894
63895
63896
63899
63900
63902
63904
63906
63910
63911
63914
63915
63921
63923
63924
63925
63926
63927
63928
63932
63933
63936
63939
63940
63941
63942
63944
63945
63947
63949
63950
63951
63953
63954
63957
63958
63961
63962
63963
63964
63965
63966
63969
63974
63975
63979
63981
63982
63983
63986
63987
63988
63993
63994
64001
64002
64004
64006
64007
64008
64009
64010
64011
64013
64014
64015
64020
64022
64023
64024
64028
64033
64034
64035
64036
64037
64039
64040
64041
64043
64044
64045
64046
64048
64050
64051
64052
64053
64056
64058
64061
64062
64065
64066
64067
64070
64071
64072
64074
64075
64077
64078
64079
64080
64082
64083
64084
64086
64088
64094
64095
64096
64097
64098
64099
64100
64101
64102
64103
64105
64106
64107
64108
64110
64111
64113
64114
64115
64117
64119
64122
64126
64129
64130
64131
64132
64133
64134
64143
64146
64150
64151
64154
64158
64159
64160
64161
64163
64164
64165
64171
64172
64173
64177
64183
64184
64186
64187
64193
64195
64197
64198
64200
64201
64202
64203
64204
64206
64209
64213
64216
64217
64219
64225
64226
64227
64229
64232
64237
64239
64240
64241
64242
64243
64244
64245
64246
64247
64248
64249
64250
64251
64252
64253
64254
64255
64256
64257
64258
64259
64262
64265
64266
64268
64272
64273
64275
64276
64277
64279
64280
64281
64283
64286
64288
64290
64294
64295
64301
64302
64304
64305
64308
64310
64313
64314
64315
64319
64322
64323
64324
64333
64334
64335
64336
64337
64339
64340
64341
64342
64343
64346
64349
64350
64351
64352
64368
64372
64375
64377
64382
64383
64387
64390
64393
64397
64398
64399
64401
64402
64403
64404
64405
64406
64407
64409
64413
64415
64416
64418
64421
64422
64424
64426
64427
64428
64429
64430
64431
64433
64434
64436
64437
64438
64441
64442
64443
64444
64445
64446
64447
64448
64449
64451
64452
64453
64455
64457
64458
64459
64460
64461
64464
64467
64468
64469
64470
64471
64472
64473
64474
64475
64476
64477
64478
64479
64480
64481
64482
64484
64485
64486
64487
64488
64489
64490
64491
64492
64493
64494
64495
64496
64497
64498
64499
64501
64502
64503
64507
64508
64510
64512
64513
64514
64515
64517
64518
64519
64520
64521
64522
64524
64525
64526
64527
64528
64529
64530
64531
64532
64533
64535
64537
64538
64541
64543
64544
64545
64546
64547
64548
64549
64550
64551
64555
64557
64558
64560
64561
64562
64564
64565
64566
64567
64569
64570
64571
64573
64574
64575
64577
64578
64579
64580
64581
64582
64583
64584
64585
64586
64587
64588
64590
64592
64593
64594
64595
64596
64597
64598
64599
64600
64602
64603
64604
64605
64607
64609
64610
64611
64612
64613
64615
64616
64617
64618
64620
64621
64622
64625
64626
64627
64628
64629
64630
64631
64632
64633
64634
64635
64636
64637
64638
64639
64640
64641
64643
64644
64645
64646
64647
64650
64652
64653
64654
64655
64656
64657
64658
64659
64661
64662
64664
64665
64669
64671
64675
64677
64680
64681
64682
64684
64685
64687
64688
64689
64690
64692
64693
64695
64696
64697
64708
64709
64710
64711
64713
64714
64715
64716
64717
64719
64720
64721
64722
64723
64724
64725
64727
64729
64730
64731
64732
64733
64734
64735
64736
64737
64738
64743
64745
64746
64747
64748
64750
64752
64753
64754
64756
64758
64759
64761
64763
64765
64766
64768
64769
64770
64773
64776
64777
64778
64779
64782
64794
64798
64799
64801
64802
64806
64807
64808
64811
64812
64813
64814
64816
64817
64818
64821
64822
64823
64827
64828
64831
64832
64837
64838
64843
64846
64850
64851
64853
64854
64856
64857
64858
64860
64862
64865
64867
64869
64870
64872
64873
64874
64875
64876
64877
64878
64879
64880
64883
64884
64885
64886
64888
64889
64890
64892
64895
64896
64897
64899
64901
64902
64904
64907
64908
64911
64912
64913
64915
64916
64919
64921
64922
64924
64925
64932
64933
64934
64935
64938
64939
64940
64941
64942
64944
64946
64947
64948
64949
64951
64952
64953
64955
64957
64960
64963
64965
64966
64967
64970
64971
64973
64976
64977
64978
64980
64986
64987
64988
64990
64992
65002
65005
65006
65007
65009
65010
65011
65012
65015
65016
65017
65020
65021
65023
65026
65027
65029
65032
65033
65034
65035
65036
65037
65038
65040
65041
65043
65045
65046
65050
65051
65052
65053
65054
65055
65056
65059
65060
65062
65063
65064
65066
65067
65068
65070
65073
65080
65081
65082
65086
65087
65088
65096
65098
65100
65101
65108
65114
65117
65121
65124
65126
65132
65134
65136
65139
65141
65142
65144
65149
65151
65153
65156
65158
65163
65171
65183
65191
65193
65194
65198
65199
65200
65202
65203
65204
65205
65208
65215
65219
65221
65222
65225
65228
65233
65237
65239
65240
65242
65243
65246
65250
65251
65254
65256
65257
65259
65260
65263
65268
65281
65282
65289
65292
65299
65309
65314
65319
65324
65329
65334
65337
65339
65341
65347
65348
65349
65355
65360
65364
65367
65369
65371
65372
65373
65377
65378
65379
65382
65388
65389
65391
65392
65393
65395
65398
65399
65400
65401
65402
65404
65405
65406
65407
65408
65409
65411
65412
65413
65415
65416
65417
65422
65423
65424
65426
65427
65429
65430
65431
65432
65433
65434
65435
65438
65439
65440
65441
65446
65448
65449
65452
65454
65455
65456
65457
65460
65461
65463
65465
65468
65469
65470
65472
65473
65475
65476
65477
65478
65479
65480
65481
65482
65488
65489
65491
65493
65495
65497
65502
65504
65506
65507
65509
65510
65513
65515
65517
65520
65521
65522
65524
65525
65527
65528
65530
65533
65534
65536
65537
65538
65541
65542
65544
65545
65546
65551
65553
65554
65555
65556
65557
65558
65560
65561
65562
65563
65566
65567
65568
65569
65570
65571
65572
65573
65574
65578
65579
65581
65583
65584
65588
65590
65591
65593
65595
65597
65600
65602
65604
65605
65606
65607
65608
65609
65610
65612
65614
65618
65619
65620
65623
65625
65626
65627
65628
65629
65631
65632
65634
65635
65636
65638
65639
65640
65641
65644
65645
65647
65650
65651
65654
65655
65656
65657
65659
65660
65661
65662
65663
65664
65665
65666
65670
65671
65673
65674
65675
65676
65677
65678
65679
65680
65682
65683
65685
65686
65687
65689
65691
65692
65693
65696
65697
65698
65699
65700
65701
65703
65704
65706
65708
65710
65712
65714
65715
65716
65717
65720
65722
65723
65724
65725
65729
65730
65732
65733
65734
65735
65738
65741
65744
65746
65747
65748
65749
65752
65753
65754
65758
65759
65764
65766
65767
65770
65772
65773
65774
65777
65781
65782
65783
65784
65785
65786
65787
65788
65790
65792
65795
65797
65798
65799
65800
65801
65802
65804
65806
65807
65808
65809
65810
65811
65812
65813
65814
65815
65816
65818
65819
65821
65822
65823
65824
65825
65826
65828
65829
65830
65831
65832
65833
65834
65835
65836
65837
65839
65840
65841
65842
65845
65847
65848
65850
65851
65852
65853
65854
65855
65856
65857
65858
65859
65860
65861
65862
65863
65864
65865
65866
65867
65868
65872
65873
65874
65875
65876
65877
65878
65879
65880
65881
65882
65884
65886
65887
65888
65889
65890
65891
65894
65895
65896
65897
65898
65899
65900
65901
65902
65903
65904
65905
65906
65907
65908
65909
65910
65911
65912
65913
65914
65915
65916
65917
65920
65921
65922
65923
65926
65927
65928
65929
65930
65933
65934
65937
65938
65940
65941
65942
65945
65946
65947
65948
65949
65950
65951
65952
65953
65954
65955
65956
65957
65958
65959
65960
65961
65963
65964
65965
65966
65967
65969
65970
65971
65972
65973
65974
65975
65976
65977
65978
65979
65980
65981
65982
65983
65985
65986
65988
65989
65991
65992
65993
65995
65996
65997
65998
65999
66001
66002
66003
66004
66005
66006
66007
66008
66011
66012
66013
66015
66017
66019
66020
66021
66022
66023
66024
66025
66026
66027
66029
66031
66032
66033
66034
66035
66039
66040
66041
66044
66045
66046
66049
66050
66051
66053
66054
66055
66056
66057
66058
66059
66060
66061
66062
66063
66064
66065
66067
66068
66069
66070
66072
66073
66076
66077
66078
66079
66080
66081
66082
66084
66086
66087
66089
66090
66092
66093
66094
66097
66099
66100
66101
66104
66105
66106
66110
66114
66117
66118
66120
66122
66123
66124
66126
66127
66128
66130
66131
66132
66134
66135
66137
66138
66139
66140
66142
66143
66145
66148
66150
66151
66152
66154
66155
66156
66157
66158
66160
66161
66162
66163
66164
66165
66166
66167
66168
66169
66170
66171
66173
66174
66175
66176
66179
66180
66181
66183
66186
66187
66188
66189
66191
66192
66193
66194
66196
66198
66199
66200
66201
66205
66206
66207
66208
66209
66210
66211
66212
66213
66214
66215
66216
66217
66218
66219
66220
66221
66222
66223
66224
66228
66229
66230
66231
66232
66233
66234
66235
66236
66239
66240
66241
66242
66245
66246
66250
66252
66253
66255
66256
66257
66258
66259
66261
66263
66265
66266
66267
66268
66271
66273
66275
66276
66277
66278
66279
66281
66283
66286
66287
66288
66290
66292
66294
66295
66296
66297
66299
66301
66302
66303
66305
66306
66307
66308
66309
66310
66311
66313
66314
66315
66317
66320
66321
66323
66324
66325
66326
66327
66328
66329
66330
66331
66332
66337
66338
66339
66341
66342
66343
66344
66345
66346
66348
66349
66351
66353
66355
66358
66360
66361
66363
66364
66365
66366
66367
66368
66369
66370
66371
66373
66374
66375
66376
66377
66378
66380
66381
66382
66384
66386
66388
66389
66390
66391
66392
66393
66394
66396
66397
66398
66400
66401
66402
66403
66404
66405
66406
66407
66408
66409
66410
66411
66412
66413
66414
66415
66417
66418
66419
66420
66421
66423
66424
66425
66426
66427
66428
66430
66432
66433
66434
66435
66436
66437
66438
66439
66440
66441
66442
66443
66444
66445
66446
66448
66449
66451
66452
66453
66454
66455
66456
66457
66458
66459
66460
66461
66462
66463
66464
66465
66466
66467
66468
66469
66470
66471
66473
66474
66476
66477
66478
66479
66480
66481
66482
66483
66484
66486
66487
66488
66489
66490
66491
66492
66493
66495
66497
66498
66499
66502
66503
66507
66508
66510
66511
66512
66515
66516
66518
66519
66520
66522
66523
66525
66526
66527
66528
66529
66530
66531
66533
66536
66537
66538
66540
66541
66542
66544
66545
66546
66547
66550
66551
66552
66555
66556
66557
66558
66559
66560
66561
66562
66564
66565
66566
66567
66569
66570
66571
66574
66575
66581
66582
66584
66585
66586
66588
66589
66591
66594
66595
66596
66597
66599
66603
66604
66605
66606
66607
66608
66609
66610
66611
66612
66614
66615
66616
66617
66619
66620
66621
66622
66623
66624
66626
66627
66628
66629
66631
66633
66634
66636
66638
66639
66640
66641
66642
66643
66644
66645
66646
66647
66648
66649
66650
66651
66652
66653
66654
66655
66656
66658
66659
66661
66663
66665
66666
66667
66668
66669
66671
66673
66674
66676
66677
66678
66679
66680
66681
66683
66685
66686
66687
66689
66691
66692
66693
66694
66697
66698
66699
66700
66701
66702
66703
66706
66707
66710
66711
66713
66714
66715
66716
66718
66719
66720
66721
66722
66723
66724
66725
66726
66727
66728
66729
66730
66731
66732
66733
66735
66736
66737
66738
66739
66740
66741
66742
66743
66744
66745
66746
66748
66750
66751
66752
66754
66755
66756
66757
66758
66759
66760
66762
66765
66766
66770
66772
66773
66775
66776
66777
66778
66780
66781
66782
66783
66784
66785
66787
66790
66791
66792
66793
66794
66796
66797
66798
66800
66801
66802
66803
66804
66805
66806
66807
66808
66809
66812
66813
66814
66815
66818
66819
66820
66823
66825
66827
66828
66829
66830
66831
66832
66833
66834
66835
66836
66837
66838
66840
66841
66842
66843
66844
66845
66846
66847
66849
66852
66853
66854
66855
66856
66859
66864
66867
66869
66870
66871
66872
66873
66874
66875
66876
66877
66878
66879
66880
66881
66882
66883
66884
66885
66886
66887
66888
66890
66892
66894
66895
66896
66897
66899
66901
66905
66906
66907
66908
66910
66912
66913
66914
66915
66916
66918
66920
66921
66922
66923
66924
66925
66927
66928
66929
66930
66931
66932
66933
66934
66935
66936
66937
66938
66941
66942
66943
66944
66946
66947
66948
66949
66950
66951
66952
66953
66954
66956
66958
66959
66960
66961
66962
66963
66964
66965
66966
66968
66969
66974
66975
66976
66977
66978
66979
66980
66981
66982
66983
66984
66985
66986
66988
66989
66991
66992
66993
66994
66995
66996
66997
66998
66999
67000
67004
67006
67007
67008
67009
67012
67015
67018
67020
67022
67024
67025
67026
67028
67030
67031
67032
67033
67034
67035
67038
67039
67040
67041
67043
67045
67046
67047
67052
67053
67055
67056
67057
67058
67059
67060
67061
67062
67063
67064
67065
67066
67067
67068
67069
67070
67071
67072
67073
67074
67076
67077
67078
67080
67081
67082
67083
67084
67085
67087
67088
67089
67090
67091
67093
67094
67095
67096
67097
67099
67100
67101
67102
67103
67105
67106
67107
67110
67111
67112
67113
67114
67115
67117
67118
67119
67120
67121
67122
67123
67124
67125
67128
67129
67131
67132
67133
67134
67135
67136
67137
67138
67139
67140
67142
67143
67144
67145
67146
67147
67148
67149
67150
67151
67152
67153
67154
67155
67156
67157
67158
67159
67160
67161
67162
67163
67164
67165
67167
67168
67170
67172
67173
67174
67175
67177
67178
67179
67180
67181
67182
67183
67184
67185
67186
67188
67189
67190
67194
67195
67197
67198
67199
67203
67204
67206
67208
67209
67211
67213
67214
67216
67217
67218
67219
67220
67221
67222
67223
67224
67225
67226
67227
67229
67230
67231
67232
67233
67234
67235
67236
67237
67238
67239
67240
67241
67242
67243
67244
67245
67246
67248
67249
67250
67251
67252
67253
67255
67256
67257
67258
67259
67260
67261
67262
67264
67266
67267
67270
67271
67272
67273
67275
67276
67277
67280
67281
67282
67283
67284
67285
67287
67288
67291
67292
67293
67295
67297
67298
67301
67303
67304
67305
67306
67307
67308
67309
67310
67312
67313
67314
67315
67316
67318
67319
67320
67322
67323
67325
67326
67327
67330
67331
67333
67334
67335
67336
67337
67338
67339
67340
67341
67343
67345
67346
67347
67348
67349
67350
67351
67353
67354
67355
67356
67357
67358
67359
67360
67361
67362
67363
67364
67366
67369
67371
67372
67373
67374
67376
67377
67378
67380
67381
67383
67385
67387
67388
67389
67391
67392
67393
67394
67397
67398
67399
67400
67401
67403
67405
67407
67410
67411
67412
67413
67414
67415
67416
67417
67418
67420
67422
67423
67424
67425
67426
67428
67429
67430
67431
67432
67434
67435
67438
67439
67440
67441
67442
67443
67444
67445
67446
67447
67448
67450
67452
67453
67454
67455
67456
67457
67458
67459
67460
67461
67462
67463
67464
67465
67466
67467
67468
67469
67470
67471
67472
67473
67475
67476
67477
67478
67479
67480
67481
67482
67484
67485
67486
67487
67489
67490
67491
67492
67494
67495
67497
67498
67499
67502
67503
67504
67505
67506
67507
67508
67509
67510
67511
67512
67513
67515
67516
67517
67519
67520
67521
67526
67529
67532
67533
67535
67537
67542
67544
67545
67546
67547
67548
67549
67550
67551
67553
67554
67555
67559
67562
67563
67566
67567
67570
67571
67573
67574
67575
67576
67577
67578
67581
67582
67583
67584
67585
67587
67589
67590
67591
67592
67593
67594
67595
67596
67597
67598
67599
67600
67601
67602
67603
67606
67608
67610
67611
67612
67613
67614
67615
67618
67619
67622
67623
67625
67626
67630
67631
67634
67635
67636
67638
67639
67640
67642
67643
67648
67649
67650
67651
67653
67654
67655
67658
67659
67660
67661
67663
67664
67666
67668
67671
67673
67674
67675
67676
67677
67678
67679
67680
67681
67682
67683
67685
67686
67687
67688
67689
67690
67691
67692
67693
67695
67696
67697
67698
67699
67701
67703
67705
67706
67707
67708
67709
67710
67711
67712
67713
67714
67715
67716
67717
67719
67720
67721
67722
67723
67724
67725
67726
67727
67728
67730
67731
67732
67733
67734
67735
67736
67737
67738
67740
67741
67743
67744
67746
67747
67750
67752
67753
67754
67755
67756
67757
67758
67759
67763
67764
67765
67766
67768
67769
67771
67772
67774
67775
67776
67777
67778
67779
67780
67783
67784
67785
67786
67788
67789
67790
67791
67792
67794
67795
67796
67797
67798
67799
67800
67801
67802
67803
67804
67808
67809
67810
67812
67813
67814
67816
67818
67821
67823
67824
67825
67826
67827
67828
67829
67830
67831
67832
67833
67834
67835
67836
67837
67838
67839
67840
67843
67844
67845
67846
67847
67848
67849
67851
67852
67854
67858
67860
67861
67862
67863
67864
67866
67867
67868
67870
67871
67872
67873
67874
67875
67876
67877
67878
67880
67882
67883
67886
67887
67889
67890
67891
67892
67893
67894
67895
67896
67897
67898
67899
67900
67902
67903
67904
67905
67906
67908
67910
67914
67915
67917
67918
67920
67921
67922
67923
67924
67928
67930
67932
67933
67934
67935
67936
67937
67938
67939
67940
67943
67944
67945
67946
67948
67949
67950
67951
67952
67954
67955
67956
67957
67958
67959
67960
67961
67963
67964
67966
67967
67968
67969
67970
67972
67973
67975
67976
67977
67978
67979
67981
67985
67988
67989
67992
67993
67994
67996
67997
67999
68000
68003
68004
68005
68009
68010
68011
68015
68017
68018
68019
68020
68022
68028
68029
68030
68033
68034
68035
68037
68038
68039
68043
68047
68048
68049
68052
68057
68058
68059
68061
68062
68063
68064
68065
68066
68067
68069
68071
68072
68073
68074
68076
68077
68078
68079
68080
68081
68082
68083
68084
68087
68092
68093
68094
68096
68097
68099
68100
68101
68102
68103
68104
68105
68107
68111
68113
68114
68115
68116
68118
68119
68122
68123
68124
68125
68126
68127
68128
68130
68131
68132
68135
68139
68140
68141
68142
68143
68144
68145
68146
68147
68149
68151
68152
68153
68154
68155
68156
68157
68158
68159
68160
68161
68162
68163
68164
68166
68167
68168
68169
68170
68173
68174
68176
68177
68178
68182
68184
68186
68191
68193
68194
68196
68197
68198
68200
68201
68208
68209
68210
68211
68212
68214
68215
68218
68219
68220
68221
68222
68223
68226
68227
68228
68229
68231
68232
68234
68235
68236
68237
68238
68239
68240
68241
68242
68244
68245
68246
68247
68248
68249
68250
68251
68252
68253
68254
68256
68257
68258
68259
68260
68261
68262
68265
68267
68268
68269
68270
68272
68273
68275
68276
68277
68278
68279
68280
68281
68282
68283
68284
68286
68287
68288
68289
68290
68291
68292
68295
68296
68297
68298
68299
68304
68305
68306
68307
68310
68311
68312
68313
68314
68315
68316
68320
68324
68325
68326
68328
68329
68330
68331
68332
68334
68337
68338
68341
68342
68343
68345
68346
68347
68348
68349
68350
68352
68353
68354
68355
68356
68357
68358
68359
68360
68361
68362
68363
68364
68365
68366
68367
68368
68369
68370
68371
68372
68373
68374
68375
68376
68377
68378
68379
68380
68381
68382
68384
68385
68386
68387
68388
68390
68391
68392
68393
68395
68397
68398
68399
68400
68401
68402
68403
68404
68405
68406
68407
68408
68409
68410
68411
68412
68413
68415
68416
68418
68419
68420
68422
68423
68425
68426
68427
68428
68431
68432
68433
68434
68435
68436
68437
68438
68439
68440
68442
68443
68444
68445
68446
68448
68449
68450
68451
68452
68453
68454
68455
68456
68457
68458
68459
68460
68462
68463
68464
68465
68466
68467
68468
68469
68470
68471
68472
68473
68475
68476
68477
68478
68479
68480
68482
68483
68484
68486
68487
68489
68490
68491
68492
68494
68495
68496
68497
68499
68500
68501
68502
68503
68504
68505
68506
68507
68508
68509
68510
68511
68512
68513
68514
68516
68517
68518
68519
68520
68521
68524
68525
68526
68527
68528
68529
68531
68532
68533
68534
68535
68537
68540
68541
68542
68543
68544
68547
68548
68549
68551
68552
68554
68556
68557
68558
68559
68560
68561
68564
68565
68569
68570
68572
68573
68575
68578
68580
68581
68582
68583
68584
68588
68589
68591
68592
68593
68594
68596
68597
68600
68601
68602
68603
68604
68607
68608
68610
68612
68613
68614
68615
68616
68617
68618
68619
68620
68621
68622
68623
68624
68625
68627
68629
68630
68631
68632
68634
68637
68639
68642
68643
68644
68645
68646
68647
68648
68649
68650
68651
68652
68653
68654
68655
68656
68657
68658
68660
68661
68663
68665
68666
68667
68668
68669
68671
68672
68673
68674
68675
68678
68679
68680
68681
68682
68683
68684
68686
68687
68689
68690
68691
68694
68695
68697
68698
68699
68701
68702
68703
68705
68706
68708
68710
68711
68714
68715
68716
68717
68718
68719
68720
68721
68722
68723
68725
68726
68727
68728
68729
68730
68731
68732
68733
68734
68735
68736
68737
68738
68740
68741
68742
68743
68744
68745
68746
68747
68749
68750
68751
68753
68754
68755
68756
68757
68760
68761
68762
68763
68764
68765
68766
68768
68769
68772
68776
68777
68778
68780
68781
68782
68783
68784
68785
68786
68787
68788
68789
68791
68792
68793
68794
68795
68796
68797
68798
68801
68803
68805
68806
68807
68808
68810
68811
68815
68816
68819
68821
68822
68823
68824
68825
68826
68830
68831
68832
68833
68835
68836
68837
68838
68840
68841
68844
68846
68847
68848
68849
68850
68854
68856
68857
68858
68859
68862
68864
68866
68867
68869
68870
68871
68872
68873
68874
68875
68879
68880
68882
68884
68886
68889
68890
68892
68893
68894
68895
68897
68898
68899
68900
68901
68904
68907
68912
68915
68920
68922
68923
68924
68927
68930
68931
68932
68935
68936
68938
68942
68943
68944
68945
68946
68947
68950
68951
68952
68953
68954
68955
68957
68960
68962
68965
68967
68969
68973
68974
68975
68978
68979
68986
68987
68988
68989
68993
68995
69001
69002
69006
69012
69013
69014
69016
69017
69018
69019
69021
69023
69024
69029
69033
69034
69035
69036
69041
69042
69045
69046
69049
69051
69054
69056
69057
69059
69060
69061
69063
69065
69066
69068
69071
69072
69075
69076
69078
69080
69082
69083
69084
69085
69090
69091
69094
69098
69099
69100
69101
69102
69103
69105
69106
69108
69109
69110
69111
69112
69113
69114
69117
69118
69119
69121
69123
69124
69125
69127
69129
69130
69131
69132
69133
69135
69136
69137
69138
69139
69140
69141
69142
69143
69145
69153
69154
69157
69159
69160
69161
69162
69164
69173
69175
69178
69179
69180
69182
69183
69188
69189
69193
69198
69200
69202
69203
69206
69207
69208
69212
69214
69223
69225
69229
69230
69232
69236
69238
69243
69249
69252
69255
69258
69259
69260
69262
69264
69267
69268
69273
69274
69283
69303
69308
69319
69322
69323
69324
69340
69345
69349
69355
69356
69357
69358
69359
69360
69361
69363
69368
69369
69371
69372
69374
69375
69376
69377
69378
69380
69381
69388
69395
69396
69397
69400
69403
69404
69405
69406
69415
69417
69418
69425
69426
69428
69431
69436
69440
69441
69442
69443
69446
69447
69448
69450
69451
69453
69457
69458
69459
69461
69471
69477
69486
69487
69488
69493
69494
69495
69499
69502
69506
69507
69514
69515
69516
69517
69528
69530
69531
69535
69537
69551
69553
69559
69560
69561
69570
69576
69589
69590
69591
69593
69594
69595
69596
69597
69599
69600
69601
69603
69604
69606
69607
69608
69621
69624
69625
69626
69627
69628
69633
69637
69640
69642
69646
69648
69649
69652
69662
69667
69670
69675
69682
69683
69687
69690
69694
69696
69699
69700
69701
69703
69704
69710
69716
69725
69727
69729
69730
69731
69733
69734
69736
69737
69741
69743
69747
69748
69749
69750
69751
69752
69753
69754
69755
69756
69757
69760
69761
69763
69764
69766
69768
69769
69771
69773
69776
69779
69780
69787
69790
69791
69793
69794
69797
69799
69806
69807
69815
69818
69822
69823
69824
69825
69829
69836
69838
69839
69841
69842
69844
69845
69848
69849
69850
69853
69859
69860
69861
69862
69863
69864
69865
69866
69867
69869
69870
69872
69873
69874
69877
69878
69879
69880
69881
69882
69885
69887
69888
69893
69905
69914
69920
69925
69934
69939
69942
69945
69949
69951
69954
69956
69957
69961
69962
69963
69965
69966
69971
69973
69976
69980
69983
69991
69995
69996
69997
69998
70004
70007
70011
70012
70014
70015
70016
70019
70022
70030
70034
70037
70039
70044
70047
70049
70050
70054
70056
70060
70061
70063
70064
70066
70067
70070
70072
70078
70080
70082
70087
70088
70090
70093
70097
70100
70102
70104
70109
70114
70116
70118
70120
70123
70134
70135
70136
70138
70139
70140
70143
70144
70146
70147
70149
70151
70163
70164
70165
70167
70169
70185
70186
70192
70193
70197
70203
70205
70206
70207
70209
70211
70212
70214
70215
70216
70220
70221
70223
70230
70232
70233
70234
70235
70243
70246
70248
70250
70251
70254
70257
70259
70262
70264
70268
70269
70271
70272
70273
70274
70275
70279
70280
70281
70282
70285
70286
70293
70297
70312
70316
70323
70329
70332
70334
70335
70337
70341
70343
70344
70345
70347
70348
70352
70355
70356
70364
70367
70368
70371
70373
70374
70380
70383
70385
70387
70388
70389
70391
70392
70400
70401
70403
70404
70408
70410
70411
70413
70416
70418
70419
70420
70423
70429
70430
70432
70436
70442
70443
70445
70446
70447
70448
70452
70456
70457
70459
70461
70464
70469
70472
70476
70487
70488
70489
70499
70500
70501
70506
70507
70508
70513
70514
70517
70521
70524
70530
70533
70534
70536
70537
70540
70541
70542
70545
70546
70547
70550
70552
70556
70557
70559
70561
70563
70564
70567
70569
70576
70577
70578
70579
70580
70583
70585
70586
70588
70592
70593
70594
70599
70604
70605
70607
70608
70610
70613
70622
70623
70624
70625
70628
70629
70634
70635
70636
70637
70639
70641
70642
70643
70645
70647
70649
70650
70651
70652
70653
70655
70657
70661
70663
70664
70666
70667
70669
70671
70672
70673
70674
70675
70678
70680
70681
70684
70685
70686
70687
70689
70690
70691
70692
70694
70695
70696
70699
70703
70707
70711
70713
70715
70716
70717
70718
70727
70728
70729
70731
70732
70734
70735
70736
70738
70739
70740
70741
70742
70744
70746
70747
70748
70750
70751
70752
70753
70754
70755
70758
70759
70760
70761
70762
70766
70767
70770
70773
70776
70779
70781
70782
70783
70784
70785
70788
70789
70791
70792
70794
70795
70797
70799
70800
70801
70802
70803
70804
70805
70807
70808
70809
70811
70812
70813
70815
70816
70820
70821
70824
70825
70827
70828
70829
70831
70832
70833
70834
70835
70836
70839
70841
70842
70844
70845
70846
70849
70850
70852
70853
70854
70855
70856
70858
70859
70860
70861
70862
70864
70865
70867
70868
70869
70870
70875
70878
70880
70884
70885
70887
70888
70891
70892
70894
70898
70899
70900
70901
70902
70903
70904
70905
70906
70908
70909
70911
70912
70913
70914
70916
70917
70918
70921
70926
70927
70929
70930
70931
70932
70933
70934
70935
70936
70937
70938
70939
70940
70941
70943
70944
70945
70946
70950
70952
70954
70955
70956
70959
70961
70964
70966
70968
70969
70970
70971
70973
70974
70975
70977
70978
70979
70980
70981
70984
70985
70986
70987
70988
70989
70991
70992
70993
70994
70997
70998
70999
71000
71001
71002
71003
71005
71006
71007
71008
71009
71010
71011
71012
71013
71014
71015
71017
71018
71019
71020
71021
71022
71024
71025
71026
71027
71028
71030
71031
71032
71033
71034
71035
71037
71038
71039
71040
71042
71043
71044
71046
71047
71048
71049
71050
71051
71052
71053
71054
71056
71057
71058
71061
71062
71063
71064
71065
71066
71067
71068
71069
71070
71071
71073
71075
71076
71078
71080
71082
71083
71088
71089
71092
71093
71095
71096
71097
71098
71101
71102
71103
71104
71105
71108
71109
71111
71112
71113
71114
71115
71116
71118
71119
71120
71121
71122
71123
71124
71125
71127
71128
71129
71130
71131
71132
71133
71134
71136
71138
71140
71141
71142
71143
71146
71147
71149
71152
71153
71155
71157
71158
71160
71161
71162
71163
71164
71165
71168
71170
71172
71175
71177
71178
71181
71182
71183
71185
71186
71188
71189
71190
71191
71192
71196
71198
71199
71202
71203
71206
71207
71210
71211
71214
71215
71216
71217
71219
71221
71222
71224
71227
71232
71233
71235
71237
71240
71244
71245
71247
71248
71251
71255
71256
71264
71270
71271
71273
71274
71282
71285
71288
71290
71291
71292
71298
71302
71304
71306
71308
71309
71311
71312
71313
71315
71317
71318
71320
71322
71323
71326
71327
71328
71329
71330
71332
71333
71335
71337
71338
71340
71344
71345
71346
71348
71349
71350
71351
71353
71355
71358
71360
71361
71362
71364
71369
71370
71371
71373
71375
71378
71379
71380
71381
71382
71384
71387
71388
71389
71390
71391
71393
71395
71397
71399
71400
71406
71410
71412
71413
71414
71415
71416
71418
71419
71420
71421
71422
71423
71424
71425
71427
71428
71429
71430
71431
71432
71436
71438
71439
71440
71441
71443
71444
71445
71447
71448
71449
71453
71457
71458
71460
71461
71462
71463
71466
71467
71468
71472
71474
71475
71476
71477
71481
71482
71486
71488
71489
71490
71491
71493
71495
71496
71497
71498
71499
71500
71501
71502
71503
71507
71510
71511
71513
71515
71516
71518
71520
71522
71523
71525
71526
71528
71529
71530
71532
71542
71544
71545
71546
71547
71549
71550
71551
71553
71555
71556
71557
71561
71563
71566
71570
71571
71575
71576
71577
71578
71579
71580
71582
71584
71587
71590
71592
71593
71599
71600
71602
71604
71605
71606
71607
71612
71613
71616
71617
71618
71620
71621
71623
71625
71626
71630
71634
71635
71636
71637
71638
71642
71643
71647
71648
71651
71654
71657
71658
71659
71660
71663
71666
71669
71671
71673
71674
71675
71678
71679
71682
71684
71685
71686
71687
71689
71690
71691
71692
71695
71696
71697
71698
71699
71700
71701
71703
71704
71707
71709
71710
71711
71712
71713
71714
71715
71719
71720
71726
71728
71729
71730
71731
71732
71733
71737
71740
71744
71746
71748
71749
71750
71752
71753
71755
71756
71757
71758
71759
71761
71762
71764
71765
71766
71772
71774
71776
71781
71783
71785
71786
71788
71791
71794
71795
71800
71801
71802
71805
71806
71807
71809
71810
71812
71813
71814
71815
71819
71823
71824
71828
71829
71832
71833
71834
71835
71836
71837
71838
71842
71844
71845
71848
71849
71851
71852
71854
71855
71857
71860
71863
71864
71867
71870
71872
71874
71875
71879
71880
71885
71886
71888
71892
71894
71895
71897
71898
71899
71901
71902
71903
71904
71908
71909
71910
71911
71912
71913
71915
71917
71918
71919
71922
71924
71926
71927
71928
71929
71930
71931
71937
71939
71944
71945
71953
71956
71959
71961
71963
71964
71965
71966
71967
71968
71970
71973
71985
71986
71987
71988
71990
71992
71993
71995
71997
72001
72002
72003
72004
72005
72006
72009
72013
72015
72017
72023
72025
72026
72028
72030
72031
72032
72033
72034
72035
72037
72039
72041
72043
72044
72045
72046
72048
72051
72053
72057
72059
72060
72061
72066
72067
72068
72070
72071
72073
72074
72076
72077
72078
72079
72080
72081
72084
72085
72087
72089
72091
72092
72093
72095
72096
72098
72099
72101
72104
72105
72108
72109
72110
72112
72113
72114
72116
72117
72118
72119
72120
72121
72122
72123
72124
72125
72126
72127
72128
72130
72131
72132
72133
72135
72136
72137
72138
72139
72140
72141
72142
72143
72144
72145
72146
72147
72148
72149
72151
72153
72154
72156
72157
72158
72159
72161
72162
72163
72165
72168
72169
72170
72171
72172
72173
72174
72175
72177
72178
72179
72180
72181
72182
72183
72184
72186
72191
72192
72193
72195
72199
72200
72201
72202
72206
72209
72212
72213
72214
72215
72216
72217
72218
72219
72220
72221
72222
72223
72224
72225
72226
72228
72229
72230
72231
72233
72235
72236
72237
72238
72239
72240
72241
72244
72246
72248
72250
72251
72252
72253
72254
72257
72258
72259
72260
72261
72262
72266
72267
72268
72269
72270
72271
72272
72273
72277
72279
72280
72281
72282
72283
72285
72286
72288
72290
72291
72292
72293
72294
72295
72296
72297
72298
72299
72301
72305
72308
72309
72316
72318
72323
72324
72325
72326
72329
72331
72333
72335
72336
72337
72339
72340
72341
72342
72343
72345
72346
72348
72349
72350
72351
72352
72355
72357
72359
72361
72362
72363
72364
72366
72367
72368
72370
72371
72372
72373
72374
72375
72376
72377
72378
72380
72381
72382
72383
72384
72385
72389
72392
72394
72395
72396
72397
72399
72400
72401
72402
72404
72405
72406
72407
72408
72410
72411
72413
72414
72416
72418
72420
72421
72422
72423
72424
72426
72427
72428
72429
72430
72434
72436
72442
72443
72447
72450
72452
72453
72455
72456
72457
72458
72459
72462
72463
72464
72465
72466
72467
72468
72469
72473
72474
72475
72477
72478
72482
72483
72484
72486
72487
72488
72490
72492
72493
72494
72497
72499
72500
72501
72502
72504
72507
72508
72509
72511
72514
72518
72519
72520
72521
72523
72524
72525
72527
72529
72530
72531
72534
72535
72536
72538
72539
72540
72541
72542
72543
72544
72545
72553
72554
72555
72556
72557
72558
72559
72560
72563
72566
72567
72573
72575
72576
72578
72579
72583
72584
72588
72589
72591
72592
72593
72597
72598
72599
72600
72602
72603
72604
72605
72606
72607
72608
72610
72611
72612
72613
72614
72616
72617
72619
72620
72629
72630
72631
72632
72634
72636
72638
72640
72646
72650
72651
72652
72653
72654
72657
72658
72659
72660
72661
72662
72663
72665
72667
72668
72669
72670
72671
72675
72676
72682
72683
72684
72686
72687
72689
72693
72695
72700
72702
72703
72704
72706
72707
72710
72711
72712
72714
72717
72718
72719
72720
72721
72722
72724
72726
72727
72728
72729
72730
72733
72736
72738
72744
72746
72747
72749
72750
72752
72755
72756
72758
72760
72761
72767
72772
72776
72779
72781
72787
72789
72791
72792
72793
72795
72796
72800
72801
72803
72804
72805
72809
72813
72815
72820
72822
72828
72833
72834
72837
72838
72839
72840
72841
72842
72845
72850
72853
72856
72857
72860
72867
72868
72871
72873
72876
72879
72880
72884
72889
72890
72891
72893
72897
72899
72901
72902
72904
72905
72907
72917
72918
72923
72932
72935
72947
72948
72949
72953
72956
72960
72961
72975
72979
72980
72991
72992
72995
73000
73005
73006
73007
73008
73009
73011
73014
73015
73016
73017
73019
73020
73021
73022
73025
73027
73028
73029
73030
73032
73033
73036
73039
73040
73041
73044
73045
73047
73049
73050
73052
73056
73057
73058
73059
73061
73062
73063
73065
73066
73067
73069
73070
73073
73074
73078
73079
73082
73083
73084
73085
73086
73087
73090
73092
73093
73095
73096
73100
73102
73103
73104
73105
73106
73108
73111
73112
73113
73114
73115
73116
73117
73119
73120
73123
73125
73126
73127
73129
73130
73131
73132
73134
73136
73137
73139
73140
73141
73143
73148
73149
73156
73157
73159
73164
73165
73167
73171
73172
73173
73174
73178
73179
73181
73182
73184
73185
73187
73188
73189
73190
73191
73195
73197
73200
73202
73204
73205
73207
73208
73209
73210
73211
73212
73213
73214
73215
73216
73217
73219
73220
73223
73225
73226
73227
73228
73230
73234
73235
73236
73237
73239
73241
73242
73244
73247
73248
73250
73251
73255
73256
73257
73259
73260
73262
73263
73265
73266
73267
73269
73270
73272
73274
73275
73276
73277
73280
73281
73282
73283
73284
73285
73287
73288
73289
73290
73291
73293
73296
73297
73298
73302
73303
73304
73305
73306
73307
73312
73313
73315
73316
73317
73318
73320
73321
73322
73323
73324
73326
73329
73332
73340
73341
73342
73343
73344
73346
73347
73348
73349
73350
73351
73352
73353
73354
73355
73356
73357
73358
73359
73360
73363
73364
73365
73366
73367
73370
73371
73373
73375
73376
73377
73378
73379
73380
73382
73383
73384
73385
73386
73387
73389
73393
73394
73395
73397
73398
73400
73401
73402
73404
73405
73406
73408
73410
73411
73412
73415
73416
73417
73418
73419
73421
73423
73424
73425
73428
73429
73430
73431
73433
73434
73435
73437
73438
73439
73443
73444
73445
73448
73449
73450
73452
73453
73454
73457
73458
73459
73460
73461
73462
73463
73464
73465
73467
73468
73469
73471
73472
73473
73474
73475
73476
73477
73478
73479
73481
73482
73483
73485
73488
73489
73490
73491
73494
73495
73496
73497
73498
73499
73500
73501
73502
73503
73504
73505
73506
73507
73508
73509
73513
73514
73517
73518
73519
73522
73523
73524
73525
73526
73528
73529
73530
73531
73532
73533
73534
73535
73537
73538
73539
73540
73541
73542
73543
73544
73545
73546
73547
73548
73549
73550
73551
73552
73553
73557
73558
73560
73561
73562
73564
73565
73566
73568
73569
73570
73571
73572
73573
73574
73575
73576
73577
73578
73579
73580
73582
73583
73584
73585
73587
73588
73589
73591
73592
73593
73596
73597
73598
73599
73601
73602
73603
73606
73607
73608
73609
73610
73611
73612
73613
73614
73615
73616
73618
73619
73620
73621
73622
73623
73627
73628
73629
73631
73633
73634
73635
73636
73639
73642
73644
73645
73647
73648
73649
73652
73653
73654
73655
73656
73657
73659
73660
73662
73663
73668
73670
73671
73672
73674
73677
73678
73679
73680
73681
73682
73683
73684
73685
73686
73687
73688
73690
73691
73693
73694
73695
73696
73697
73701
73702
73703
73704
73705
73706
73707
73708
73709
73710
73711
73712
73714
73715
73716
73719
73722
73723
73724
73725
73726
73728
73729
73730
73732
73735
73736
73737
73739
73740
73743
73748
73749
73750
73751
73752
73753
73755
73756
73758
73759
73760
73761
73765
73766
73770
73771
73772
73773
73774
73775
73776
73777
73779
73781
73782
73783
73785
73786
73787
73788
73789
73790
73791
73792
73793
73794
73796
73798
73800
73801
73802
73803
73805
73806
73808
73809
73810
73811
73812
73814
73815
73816
73818
73819
73820
73821
73822
73825
73826
73827
73829
73830
73831
73832
73833
73834
73835
73837
73838
73839
73840
73841
73842
73843
73844
73845
73847
73848
73849
73850
73852
73856
73857
73858
73860
73861
73863
73864
73865
73866
73867
73869
73870
73873
73874
73875
73876
73877
73879
73880
73881
73882
73883
73885
73886
73887
73888
73889
73890
73891
73893
73895
73896
73897
73899
73901
73902
73903
73904
73906
73907
73908
73909
73910
73912
73913
73914
73918
73919
73920
73921
73922
73923
73924
73931
73933
73935
73936
73937
73938
73939
73940
73941
73943
73945
73946
73947
73948
73950
73952
73953
73956
73957
73958
73959
73960
73961
73962
73963
73964
73965
73966
73967
73968
73971
73972
73974
73975
73977
73979
73980
73981
73983
73984
73986
73987
73990
73992
73993
73994
73995
73996
73997
73998
73999
74002
74004
74006
74007
74009
74010
74011
74012
74014
74016
74017
74018
74019
74020
74021
74022
74023
74024
74025
74026
74028
74029
74031
74032
74033
74034
74035
74036
74037
74038
74039
74040
74041
74043
74044
74045
74046
74047
74048
74049
74050
74051
74052
74053
74054
74055
74056
74057
74059
74060
74061
74062
74064
74065
74066
74067
74068
74069
74070
74071
74072
74074
74075
74076
74077
74078
74079
74080
74081
74084
74085
74086
74087
74088
74089
74090
74091
74092
74093
74094
74095
74096
74097
74098
74099
74100
74101
74102
74103
74104
74105
74106
74107
74109
74110
74111
74112
74113
74114
74115
74116
74117
74118
74119
74120
74121
74122
74123
74124
74125
74126
74128
74129
74132
74133
74134
74135
74137
74138
74139
74140
74141
74142
74144
74145
74146
74147
74148
74151
74152
74155
74157
74158
74159
74162
74164
74165
74168
74169
74170
74172
74173
74174
74176
74177
74178
74179
74181
74182
74183
74185
74186
74187
74188
74189
74190
74191
74192
74193
74194
74196
74197
74198
74199
74202
74203
74204
74206
74207
74208
74209
74210
74211
74212
74215
74216
74217
74218
74220
74221
74223
74224
74226
74227
74228
74229
74231
74232
74235
74236
74243
74252
74255
74256
74257
74258
74259
74260
74262
74264
74265
74266
74267
74268
74270
74271
74272
74273
74274
74275
74277
74279
74280
74282
74284
74285
74286
74287
74291
74292
74293
74294
74295
74296
74297
74298
74299
74300
74301
74302
74303
74304
74306
74307
74309
74310
74311
74312
74313
74314
74315
74317
74319
74320
74321
74324
74327
74329
74330
74331
74332
74333
74334
74335
74336
74337
74338
74339
74340
74341
74342
74343
74344
74345
74348
74349
74350
74351
74352
74353
74354
74355
74357
74358
74360
74361
74362
74364
74365
74366
74367
74368
74369
74370
74371
74372
74373
74374
74375
74377
74378
74379
74380
74381
74382
74383
74384
74385
74386
74387
74388
74389
74390
74391
74393
74395
74397
74400
74401
74402
74403
74404
74405
74406
74407
74408
74410
74411
74414
74415
74416
74417
74418
74421
74422
74423
74424
74427
74428
74430
74431
74432
74433
74434
74435
74437
74438
74440
74441
74442
74444
74445
74446
74447
74448
74449
74450
74451
74452
74453
74454
74455
74456
74457
74458
74459
74460
74461
74463
74464
74465
74468
74469
74470
74471
74474
74475
74476
74478
74479
74480
74481
74483
74484
74485
74486
74487
74488
74489
74494
74495
74496
74497
74498
74499
74501
74502
74505
74506
74507
74508
74509
74510
74511
74513
74514
74515
74516
74519
74520
74522
74523
74524
74525
74526
74527
74528
74529
74530
74531
74533
74534
74536
74538
74539
74541
74543
74544
74545
74547
74549
74550
74553
74555
74556
74557
74558
74560
74561
74562
74563
74564
74565
74566
74567
74568
74569
74570
74571
74572
74574
74576
74577
74578
74579
74580
74581
74582
74583
74584
74586
74587
74588
74589
74590
74592
74593
74594
74595
74596
74597
74598
74600
74601
74602
74603
74604
74605
74606
74607
74608
74609
74611
74612
74613
74614
74615
74616
74617
74619
74620
74621
74622
74625
74626
74628
74629
74630
74631
74632
74633
74634
74636
74638
74639
74640
74643
74644
74645
74646
74647
74648
74649
74650
74651
74652
74653
74656
74657
74658
74659
74660
74661
74662
74667
74670
74671
74672
74674
74675
74676
74679
74680
74681
74682
74688
74690
74695
74696
74698
74699
74700
74703
74706
74708
74709
74710
74711
74712
74713
74714
74715
74716
74717
74718
74719
74720
74721
74723
74724
74725
74727
74728
74729
74730
74731
74732
74733
74734
74736
74739
74742
74744
74745
74746
74748
74749
74750
74751
74752
74753
74754
74755
74756
74757
74758
74759
74760
74761
74763
74764
74765
74766
74769
74770
74771
74773
74775
74776
74777
74779
74780
74781
74782
74783
74784
74785
74786
74787
74788
74789
74790
74791
74792
74793
74794
74795
74796
74797
74798
74802
74804
74805
74806
74807
74808
74809
74810
74811
74812
74813
74814
74815
74816
74817
74818
74819
74820
74821
74822
74823
74824
74825
74828
74829
74830
74831
74833
74834
74835
74836
74837
74838
74839
74840
74841
74842
74843
74845
74846
74847
74849
74850
74852
74854
74855
74856
74857
74858
74859
74860
74862
74864
74865
74866
74867
74868
74869
74870
74871
74872
74873
74874
74876
74877
74878
74879
74880
74881
74882
74883
74884
74885
74886
74887
74889
74890
74891
74892
74893
74894
74895
74896
74897
74898
74899
74901
74905
74906
74907
74908
74909
74910
74911
74912
74913
74914
74915
74917
74918
74920
74921
74922
74923
74924
74925
74926
74928
74930
74931
74932
74933
74934
74935
74936
74937
74938
74939
74940
74942
74944
74945
74946
74947
74948
74949
74951
74952
74954
74955
74956
74957
74958
74959
74960
74964
74965
74966
74967
74968
74969
74973
74974
74977
74978
74980
74981
74982
74983
74984
74985
74986
74988
74989
74990
74991
74993
74994
74995
74996
74997
74998
75001
75002
75003
75004
75005
75006
75007
75008
75009
75012
75013
75014
75015
75016
75019
75020
75021
75022
75023
75025
75028
75029
75030
75031
75032
75033
75035
75037
75039
75041
75045
75046
75047
75049
75050
75051
75053
75056
75057
75058
75060
75061
75063
75065
75066
75067
75068
75069
75070
75071
75072
75075
75081
75082
75083
75085
75086
75087
75091
75093
75094
75095
75096
75097
75099
75101
75103
75104
75105
75106
75107
75108
75109
75111
75112
75114
75115
75116
75117
75118
75119
75120
75121
75122
75123
75125
75126
75127
75128
75129
75130
75131
75132
75133
75134
75135
75136
75137
75139
75140
75142
75143
75145
75146
75147
75148
75149
75150
75154
75156
75157
75158
75159
75160
75161
75162
75163
75164
75165
75167
75168
75169
75171
75172
75173
75174
75175
75176
75177
75179
75180
75182
75183
75184
75185
75188
75190
75191
75192
75193
75194
75195
75197
75199
75200
75201
75202
75204
75206
75208
75210
75212
75213
75214
75215
75216
75217
75219
75220
75221
75223
75224
75225
75226
75227
75228
75230
75231
75232
75233
75234
75235
75236
75238
75240
75241
75242
75243
75244
75245
75246
75247
75248
75249
75251
75253
75256
75257
75259
75261
75262
75263
75264
75266
75267
75268
75269
75271
75272
75273
75274
75276
75278
75279
75284
75285
75287
75288
75290
75292
75293
75294
75297
75300
75302
75304
75305
75306
75307
75308
75311
75316
75317
75318
75320
75321
75322
75324
75325
75326
75328
75329
75330
75331
75332
75333
75334
75336
75337
75338
75339
75340
75342
75343
75344
75346
75347
75348
75350
75351
75354
75355
75357
75358
75359
75360
75361
75362
75364
75365
75366
75367
75370
75371
75372
75374
75375
75376
75377
75378
75379
75381
75382
75383
75384
75386
75387
75388
75389
75391
75392
75394
75395
75396
75397
75398
75399
75400
75401
75403
75404
75405
75406
75407
75408
75409
75410
75411
75412
75413
75414
75415
75416
75417
75418
75419
75420
75421
75423
75424
75426
75427
75428
75429
75430
75431
75432
75433
75434
75435
75437
75438
75439
75440
75441
75442
75443
75444
75445
75446
75447
75448
75450
75451
75452
75453
75455
75459
75460
75461
75463
75464
75469
75470
75471
75472
75475
75477
75482
75484
75486
75487
75488
75489
75490
75491
75492
75497
75498
75499
75501
75502
75505
75506
75509
75512
75513
75514
75515
75516
75517
75519
75521
75522
75523
75524
75525
75526
75527
75528
75529
75531
75532
75534
75535
75536
75538
75539
75540
75541
75542
75543
75544
75546
75547
75548
75549
75550
75553
75554
75556
75557
75558
75559
75560
75561
75562
75565
75566
75567
75568
75569
75570
75571
75572
75573
75575
75576
75577
75578
75579
75585
75586
75587
75588
75589
75591
75595
75596
75597
75598
75599
75600
75602
75603
75606
75609
75610
75611
75612
75618
75619
75621
75626
75627
75629
75630
75632
75634
75635
75639
75641
75642
75644
75645
75647
75651
75655
75657
75660
75662
75663
75664
75669
75671
75672
75675
75678
75679
75681
75684
75685
75686
75687
75688
75694
75699
75700
75701
75704
75705
75706
75708
75709
75711
75712
75714
75716
75718
75719
75721
75722
75723
75724
75725
75726
75727
75728
75730
75731
75732
75733
75734
75738
75739
75741
75742
75744
75745
75746
75747
75748
75749
75750
75751
75752
75753
75754
75755
75756
75757
75758
75760
75765
75766
75767
75768
75769
75770
75771
75772
75773
75774
75775
75777
75779
75780
75781
75782
75783
75784
75785
75786
75788
75790
75791
75793
75794
75795
75797
75800
75801
75802
75803
75804
75805
75807
75809
75810
75811
75812
75813
75815
75818
75819
75820
75824
75825
75829
75830
75831
75832
75833
75834
75835
75836
75841
75842
75843
75844
75845
75846
75848
75858
75859
75861
75862
75865
75867
75868
75869
75870
75871
75872
75873
75874
75877
75880
75881
75883
75884
75885
75886
75887
75888
75889
75891
75893
75894
75895
75897
75898
75899
75902
75903
75904
75907
75908
75909
75911
75912
75913
75914
75915
75916
75918
75919
75920
75921
75923
75925
75926
75928
75929
75930
75932
75933
75934
75935
75936
75937
75938
75939
75941
75942
75943
75944
75945
75947
75948
75949
75950
75951
75952
75953
75954
75955
75956
75957
75958
75960
75961
75962
75963
75964
75965
75966
75968
75969
75972
75977
75978
75979
75980
75981
75982
75983
75986
75987
75988
75989
75992
75994
75995
75996
75997
75998
75999
76000
76001
76002
76003
76004
76005
76006
76007
76008
76009
76010
76012
76013
76014
76015
76016
76017
76018
76020
76021
76023
76024
76025
76026
76027
76028
76029
76030
76031
76032
76033
76036
76037
76038
76039
76040
76041
76042
76043
76044
76045
76046
76049
76050
76051
76052
76053
76054
76055
76056
76057
76059
76060
76061
76062
76063
76064
76065
76066
76067
76068
76069
76070
76071
76072
76073
76074
76075
76076
76077
76078
76080
76081
76082
76083
76084
76085
76086
76087
76088
76089
76090
76093
76094
76095
76096
76097
76098
76100
76101
76102
76103
76104
76105
76107
76108
76109
76111
76113
76114
76115
76116
76117
76118
76119
76120
76121
76122
76123
76124
76125
76126
76127
76128
76129
76130
76131
76132
76133
76135
76136
76137
76139
76140
76141
76142
76144
76145
76147
76148
76150
76151
76152
76153
76154
76155
76156
76157
76158
76159
76160
76167
76168
76169
76171
76172
76173
76174
76176
76177
76179
76181
76182
76183
76184
76186
76187
76188
76192
76193
76194
76195
76196
76197
76198
76199
76200
76201
76202
76204
76210
76212
76215
76216
76220
76222
76223
76224
76226
76228
76229
76232
76235
76236
76239
76240
76243
76245
76246
76251
76252
76253
76256
76258
76259
76260
76261
76262
76263
76264
76265
76266
76268
76269
76270
76272
76274
76275
76276
76277
76281
76282
76283
76284
76285
76286
76290
76291
76293
76294
76295
76296
76297
76300
76301
76302
76303
76304
76305
76306
76307
76309
76312
76313
76316
76320
76321
76322
76323
76324
76325
76326
76327
76328
76329
76331
76332
76333
76337
76338
76339
76340
76341
76342
76343
76344
76345
76346
76347
76349
76350
76352
76354
76355
76356
76358
76359
76360
76361
76362
76363
76365
76366
76367
76369
76370
76372
76373
76374
76375
76376
76378
76379
76380
76382
76383
76384
76385
76388
76389
76391
76393
76395
76396
76397
76398
76399
76400
76401
76404
76405
76406
76407
76408
76409
76410
76411
76412
76413
76415
76417
76424
76425
76427
76428
76429
76430
76431
76432
76433
76434
76435
76436
76437
76438
76439
76441
76442
76443
76445
76446
76447
76448
76449
76450
76454
76455
76456
76457
76458
76459
76461
76462
76464
76466
76467
76468
76471
76472
76473
76475
76477
76478
76481
76482
76483
76484
76485
76486
76487
76488
76489
76490
76492
76493
76495
76496
76497
76499
76500
76504
76506
76507
76508
76509
76511
76515
76516
76517
76520
76521
76522
76523
76524
76529
76531
76532
76533
76541
76543
76544
76546
76547
76548
76549
76550
76552
76556
76557
76558
76559
76560
76563
76564
76565
76568
76569
76573
76575
76577
76578
76582
76583
76586
76587
76588
76590
76593
76594
76595
76600
76601
76602
76603
76604
76605
76606
76607
76608
76612
76613
76614
76617
76618
76622
76623
76624
76627
76628
76629
76630
76631
76638
76642
76646
76648
76649
76651
76652
76653
76654
76656
76657
76658
76659
76664
76668
76671
76672
76675
76676
76679
76680
76689
76692
76695
76696
76698
76700
76702
76704
76708
76712
76713
76716
76718
76720
76721
76722
76723
76725
76729
76730
76731
76737
76740
76741
76743
76745
76748
76751
76752
76753
76754
76755
76756
76757
76758
76759
76760
76762
76763
76767
76768
76769
76770
76771
76772
76775
76776
76777
76778
76779
76780
76781
76782
76783
76785
76786
76787
76790
76791
76792
76793
76794
76797
76799
76800
76805
76808
76810
76812
76813
76815
76818
76822
76825
76830
76831
76832
76844
76845
76849
76851
76853
76863
76864
76866
76871
76874
76875
76876
76877
76878
76880
76883
76884
76899
76900
76902
76903
76904
76905
76911
76913
76919
76922
76938
76942
76982
76992
76996
77003
77006
77007
77008
77010
77013
77018
77019
77020
77021
77022
77023
77024
77025
77028
77029
77032
77039
77040
77041
77055
77056
77057
77059
77060
77061
77063
77067
77068
77069
77070
77073
77078
77083
77087
77089
77091
77092
77093
77097
77098
77099
77103
77105
77106
77108
77109
77110
77115
77117
77119
77120
77122
77128
77130
77133
77137
77143
77144
77147
77150
77151
77152
77154
77156
77157
77158
77159
77163
77165
77169
77170
77171
77172
77174
77176
77177
77178
77179
77180
77182
77183
77184
77185
77187
77188
77189
77194
77198
77199
77201
77204
77205
77206
77211
77212
77214
77218
77220
77224
77225
77228
77229
77232
77234
77235
77236
77239
77242
77244
77245
77250
77251
77252
77253
77254
77258
77259
77261
77262
77263
77266
77267
77270
77271
77272
77273
77276
77277
77278
77280
77281
77287
77291
77293
77297
77300
77301
77310
77319
77321
77322
77323
77325
77330
77334
77340
77343
77344
77345
77346
77352
77354
77355
77365
77366
77373
77376
77377
77379
77381
77382
77387
77388
77389
77394
77398
77399
77400
77401
77402
77403
77404
77405
77408
77409
77411
77412
77416
77417
77424
77432
77438
77440
77450
77451
77457
77459
77466
77467
77468
77470
77473
77474
77476
77478
77481
77482
77483
77484
77487
77489
77492
77493
77495
77496
77500
77507
77510
77511
77512
77513
77514
77515
77516
77517
77518
77523
77524
77525
77527
77529
77534
77541
77542
77544
77551
77557
77564
77576
77581
77582
77589
77598
77604
77605
77609
77612
77613
77615
77616
77624
77626
77627
77628
77630
77631
77633
77634
77642
77644
77650
77653
77655
77658
77659
77664
77665
77666
77667
77669
77670
77672
77675
77677
77680
77685
77687
77689
77692
77693
77694
77695
77696
77697
77701
77704
77706
77707
77711
77713
77719
77723
77724
77743
77748
77751
77752
77754
77757
77759
77764
77766
77770
77772
77779
77788
77789
77794
77795
77797
77803
77805
77807
77808
77815
77818
77820
77824
77825
77829
77834
77836
77838
77843
77844
77846
77852
77854
77857
77859
77860
77862
77864
77865
77867
77872
77873
77874
77876
77878
77879
77880
77885
77887
77892
77893
77894
77895
77897
77898
77899
77901
77902
77905
77906
77907
77908
77909
77911
77912
77916
77917
77924
77925
77928
77933
77942
77943
77944
77955
77963
77965
77967
77970
77974
77976
77977
77980
77983
77984
77985
77991
77994
77995
77996
77997
77999
78006
78007
78014
78016
78018
78020
78022
78024
78025
78029
78031
78032
78033
78034
78035
78036
78037
78039
78040
78041
78044
78046
78050
78052
78054
78056
78057
78059
78062
78063
78064
78068
78069
78070
78073
78077
78083
78086
78090
78091
78092
78096
78097
78098
78103
78104
78105
78110
78111
78112
78116
78117
78121
78122
78123
78125
78126
78129
78131
78133
78134
78138
78139
78140
78141
78145
78149
78154
78161
78163
78167
78169
78173
78174
78176
78183
78185
78186
78187
78190
78191
78192
78194
78195
78196
78197
78198
78199
78203
78207
78208
78212
78213
78215
78216
78220
78226
78228
78231
78235
78238
78241
78242
78244
78245
78247
78249
78250
78251
78252
78254
78255
78256
78259
78260
78262
78264
78265
78266
78273
78276
78277
78280
78281
78282
78286
78287
78289
78290
78291
78292
78294
78301
78302
78303
78304
78307
78308
78312
78313
78315
78316
78319
78320
78322
78323
78329
78331
78332
78333
78338
78340
78342
78344
78347
78348
78349
78352
78353
78357
78358
78359
78361
78362
78364
78366
78368
78370
78372
78374
78375
78376
78377
78379
78380
78381
78382
78384
78386
78387
78388
78389
78390
78391
78392
78393
78394
78395
78397
78398
78399
78400
78401
78402
78405
78406
78407
78409
78410
78411
78413
78418
78421
78422
78423
78424
78425
78427
78428
78429
78430
78431
78432
78434
78435
78437
78440
78442
78443
78444
78447
78450
78453
78454
78455
78456
78458
78461
78463
78464
78465
78466
78469
78471
78472
78476
78479
78480
78481
78482
78483
78484
78487
78489
78491
78492
78493
78495
78496
78499
78500
78501
78502
78503
78507
78508
78509
78510
78511
78512
78513
78514
78520
78521
78522
78524
78526
78529
78530
78531
78532
78534
78537
78538
78540
78542
78543
78544
78545
78546
78549
78550
78551
78552
78553
78554
78555
78556
78557
78559
78560
78561
78562
78563
78564
78565
78566
78567
78568
78569
78570
78572
78573
78574
78575
78576
78578
78579
78580
78581
78584
78585
78586
78587
78588
78589
78591
78593
78595
78596
78597
78598
78599
78600
78602
78604
78606
78607
78611
78612
78614
78615
78617
78619
78620
78621
78622
78623
78626
78627
78628
78629
78630
78631
78632
78634
78636
78637
78638
78640
78641
78642
78643
78644
78645
78646
78647
78648
78651
78652
78653
78654
78655
78656
78657
78658
78660
78662
78663
78664
78665
78666
78667
78668
78669
78671
78672
78674
78675
78676
78677
78678
78679
78680
78681
78682
78683
78684
78686
78687
78688
78689
78690
78693
78694
78696
78697
78698
78700
78701
78702
78704
78705
78706
78707
78708
78709
78710
78711
78712
78714
78715
78716
78718
78719
78720
78722
78723
78724
78727
78729
78731
78733
78736
78738
78739
78741
78742
78743
78745
78746
78747
78748
78749
78753
78754
78755
78756
78757
78761
78762
78763
78764
78765
78766
78768
78769
78770
78771
78772
78774
78775
78776
78777
78778
78779
78780
78781
78782
78783
78784
78785
78787
78788
78789
78790
78791
78792
78793
78794
78797
78799
78802
78805
78806
78808
78809
78811
78812
78813
78814
78816
78824
78825
78826
78829
78830
78834
78835
78836
78838
78839
78840
78841
78842
78846
78847
78848
78849
78852
78853
78854
78856
78858
78861
78863
78864
78865
78867
78869
78870
78872
78873
78875
78876
78878
78880
78882
78884
78885
78886
78889
78892
78895
78896
78898
78902
78905
78906
78907
78908
78910
78911
78914
78917
78919
78920
78923
78926
78928
78930
78933
78945
78948
78949
78956
78957
78959
78960
78962
78964
78968
78969
78971
78973
78974
78975
78976
78977
78981
78982
78983
78984
78985
78988
78989
78990
78992
78995
78997
78998
79000
79003
79004
79006
79008
79010
79015
79022
79023
79024
79025
79026
79029
79031
79032
79033
79034
79037
79038
79040
79042
79043
79044
79045
79046
79047
79050
79052
79055
79058
79059
79060
79061
79062
79063
79064
79065
79066
79067
79068
79069
79070
79072
79075
79076
79079
79081
79082
79084
79085
79086
79087
79088
79089
79090
79091
79092
79094
79095
79096
79097
79098
79100
79102
79105
79106
79107
79108
79109
79110
79111
79112
79113
79114
79116
79117
79119
79120
79122
79123
79124
79127
79132
79133
79142
79146
79147
79148
79152
79154
79158
79161
79165
79167
79169
79170
79171
79172
79175
79176
79177
79179
79180
79181
79184
79185
79187
79190
79194
79195
79196
79197
79198
79199
79200
79202
79203
79204
79205
79207
79212
79214
79216
79217
79218
79220
79222
79223
79224
79225
79229
79231
79232
79233
79234
79235
79238
79241
79243
79246
79251
79252
79254
79259
79261
79262
79264
79265
79268
79270
79272
79273
79274
79276
79277
79278
79279
79281
79282
79285
79287
79288
79289
79292
79293
79296
79297
79303
79307
79308
79310
79311
79312
79313
79316
79317
79320
79322
79324
79326
79329
79330
79334
79335
79336
79337
79338
79339
79340
79342
79345
79348
79350
79351
79352
79353
79354
79356
79357
79360
79362
79364
79365
79367
79368
79369
79372
79373
79374
79378
79379
79380
79381
79384
79385
79392
79393
79394
79395
79399
79401
79402
79403
79404
79405
79406
79407
79408
79409
79412
79413
79414
79415
79417
79418
79420
79421
79423
79424
79427
79430
79433
79434
79435
79436
79437
79438
79442
79451
79453
79457
79458
79459
79462
79463
79464
79465
79466
79467
79468
79471
79472
79474
79479
79480
79481
79485
79487
79488
79489
79491
79492
79495
79496
79497
79500
79501
79502
79504
79505
79508
79509
79513
79514
79518
79519
79523
79524
79525
79531
79535
79536
79537
79540
79541
79542
79544
79545
79546
79547
79548
79549
79550
79551
79554
79555
79556
79559
79560
79561
79562
79563
79564
79566
79568
79569
79570
79571
79572
79573
79575
79576
79578
79579
79582
79583
79585
79589
79592
79594
79595
79598
79602
79607
79609
79611
79612
79613
79616
79617
79618
79619
79621
79622
79623
79624
79625
79626
79636
79637
79638
79639
79640
79641
79644
79645
79646
79648
79650
79652
79653
79655
79656
79657
79659
79662
79664
79666
79669
79671
79675
79676
79677
79681
79682
79684
79688
79689
79692
79697
79700
79701
79704
79706
79709
79710
79711
79713
79714
79717
79720
79721
79722
79723
79725
79726
79727
79728
79729
79730
79731
79732
79734
79735
79736
79738
79739
79740
79743
79744
79745
79746
79747
79748
79749
79751
79752
79753
79754
79756
79757
79759
79760
79765
79766
79767
79771
79772
79773
79774
79775
79776
79777
79778
79779
79780
79781
79782
79783
79784
79786
79787
79788
79789
79791
79792
79793
79794
79795
79796
79797
79798
79799
79801
79802
79804
79807
79808
79809
79812
79815
79816
79817
79818
79819
79820
79821
79822
79823
79824
79825
79826
79827
79828
79829
79830
79831
79832
79833
79835
79837
79838
79840
79841
79842
79845
79846
79847
79848
79849
79850
79851
79852
79853
79855
79856
79857
79858
79859
79860
79861
79864
79865
79866
79867
79868
79869
79870
79871
79872
79873
79874
79875
79876
79877
79878
79879
79880
79881
79882
79883
79884
79885
79887
79889
79892
79893
79894
79897
79898
79901
79902
79904
79905
79906
79907
79908
79909
79910
79911
79913
79914
79915
79917
79918
79920
79921
79923
79924
79926
79928
79929
79930
79932
79934
79935
79936
79937
79938
79939
79940
79941
79942
79943
79944
79945
79946
79947
79948
79949
79950
79953
79954
79955
79956
79957
79958
79959
79960
79961
79963
79964
79965
79969
79970
79973
79974
79975
79976
79977
79981
79982
79984
79985
79986
79988
79990
79991
79992
79993
79997
79998
79999
80002
80004
80006
80007
80008
80009
80010
80011
80012
80013
80014
80015
80017
80018
80019
80020
80021
80022
80023
80025
80026
80027
80028
80029
80030
80032
80035
80036
80037
80040
80043
80045
80046
80047
80050
80051
80053
80054
80055
80057
80058
80059
80061
80062
80063
80064
80065
80067
80069
80070
80071
80074
80077
80078
80079
80080
80081
80082
80086
80087
80091
80092
80094
80097
80098
80099
80101
80105
80106
80107
80108
80109
80110
80113
80114
80115
80116
80117
80118
80119
80120
80123
80124
80125
80130
80131
80132
80133
80135
80136
80144
80145
80148
80149
80151
80152
80153
80154
80155
80156
80157
80159
80160
80162
80163
80164
80166
80169
80170
80171
80172
80173
80174
80176
80177
80180
80181
80184
80185
80190
80191
80192
80193
80194
80195
80198
80200
80201
80203
80204
80205
80207
80210
80211
80214
80216
80218
80219
80222
80223
80224
80227
80230
80231
80232
80233
80234
80236
80237
80238
80239
80241
80243
80245
80247
80248
80249
80250
80251
80253
80254
80255
80256
80259
80260
80261
80263
80264
80265
80266
80269
80271
80272
80273
80275
80276
80280
80282
80283
80284
80285
80287
80288
80289
80290
80291
80294
80296
80298
80299
80300
80303
80305
80306
80308
80309
80312
80313
80314
80315
80317
80318
80319
80321
80322
80325
80326
80328
80331
80334
80336
80337
80338
80339
80343
80345
80346
80347
80351
80352
80354
80355
80357
80358
80361
80362
80363
80364
80365
80368
80370
80373
80374
80375
80377
80387
80389
80392
80395
80397
80404
80422
80423
80425
80427
80428
80432
80434
80436
80437
80439
80443
80445
80447
80448
80450
80451
80452
80453
80454
80456
80458
80459
80466
80468
80474
80476
80478
80482
80484
80485
80489
80490
80491
80493
80495
80497
80504
80505
80508
80510
80512
80513
80514
80521
80522
80528
80530
80531
80532
80533
80538
80540
80541
80542
80543
80544
80550
80553
80556
80558
80560
80568
80569
80574
80582
80583
80587
80592
80596
80605
80609
80611
80622
80630
80632
80637
80639
80642
80647
80648
80650
80656
80657
80660
80661
80662
80667
80671
80673
80676
80679
80681
80689
80691
80693
80694
80697
80700
80703
80704
80705
80708
80709
80711
80713
80715
80716
80717
80719
80720
80722
80723
80725
80727
80728
80729
80731
80732
80733
80734
80735
80736
80737
80740
80741
80742
80743
80748
80750
80751
80752
80753
80756
80757
80759
80760
80762
80763
80765
80766
80767
80768
80771
80772
80773
80776
80777
80778
80779
80781
80782
80784
80785
80786
80787
80790
80798
80801
80807
80808
80809
80810
80811
80812
80814
80815
80816
80819
80820
80821
80823
80824
80825
80827
80828
80829
80830
80832
80833
80834
80835
80836
80838
80839
80840
80841
80842
80843
80844
80846
80847
80848
80849
80850
80851
80853
80854
80855
80858
80859
80861
80862
80864
80865
80866
80867
80869
80870
80871
80873
80874
80875
80876
80877
80878
80879
80880
80882
80884
80885
80886
80887
80888
80890
80891
80893
80894
80898
80899
80900
80901
80902
80903
80904
80906
80908
80909
80910
80911
80914
80916
80917
80918
80919
80921
80922
80923
80926
80927
80928
80930
80933
80935
80936
80940
80941
80942
80944
80945
80947
80950
80954
80957
80961
80963
80964
80966
80968
80970
80971
80972
80975
80977
80980
80985
80986
80987
80989
80990
80991
80993
80994
80995
80997
80998
81001
81002
81003
81004
81005
81006
81007
81008
81009
81010
81011
81013
81014
81016
81017
81018
81019
81020
81021
81022
81024
81026
81027
81028
81029
81030
81031
81032
81033
81034
81035
81036
81037
81038
81039
81040
81044
81045
81046
81047
81050
81051
81052
81053
81054
81056
81057
81059
81060
81061
81062
81066
81068
81072
81073
81074
81075
81077
81078
81079
81080
81081
81082
81084
81085
81086
81087
81089
81090
81092
81094
81095
81096
81099
81100
81101
81102
81104
81105
81107
81108
81109
81110
81111
81112
81114
81115
81116
81117
81118
81119
81120
81121
81122
81124
81125
81126
81127
81128
81129
81130
81132
81134
81135
81136
81137
81138
81139
81140
81141
81142
81143
81145
81147
81149
81150
81151
81152
81153
81154
81155
81156
81158
81159
81160
81161
81162
81163
81164
81165
81166
81168
81170
81171
81174
81176
81178
81179
81181
81182
81183
81184
81185
81186
81187
81191
81193
81194
81195
81196
81197
81199
81200
81201
81202
81203
81204
81205
81206
81207
81208
81209
81210
81211
81212
81213
81214
81215
81216
81217
81218
81219
81220
81221
81222
81223
81224
81225
81226
81228
81229
81230
81233
81235
81236
81238
81239
81241
81243
81244
81247
81248
81249
81250
81252
81253
81254
81256
81257
81258
81259
81260
81261
81262
81263
81264
81267
81268
81269
81270
81272
81273
81274
81275
81276
81278
81279
81280
81281
81282
81283
81284
81285
81286
81287
81289
81291
81292
81293
81298
81299
81300
81302
81303
81304
81305
81306
81307
81308
81309
81310
81311
81312
81313
81314
81315
81317
81319
81320
81321
81322
81323
81324
81325
81326
81327
81332
81333
81334
81335
81336
81337
81338
81339
81340
81342
81343
81345
81346
81347
81348
81351
81352
81353
81354
81355
81356
81358
81360
81361
81362
81363
81365
81366
81367
81369
81370
81371
81373
81374
81375
81376
81378
81379
81381
81382
81383
81385
81386
81387
81388
81390
81391
81393
81394
81398
81401
81403
81405
81406
81408
81409
81410
81416
81421
81422
81423
81425
81426
81428
81430
81434
81435
81436
81437
81439
81441
81442
81444
81445
81447
81450
81453
81454
81455
81456
81457
81461
81462
81463
81465
81466
81467
81468
81469
81470
81471
81472
81473
81475
81476
81477
81478
81481
81482
81484
81485
81486
81487
81488
81489
81490
81491
81492
81493
81494
81496
81497
81498
81499
81500
81501
81503
81507
81508
81509
81511
81514
81515
81517
81518
81520
81521
81523
81524
81525
81526
81529
81530
81531
81532
81533
81534
81535
81536
81537
81538
81540
81542
81543
81544
81545
81547
81548
81552
81555
81557
81559
81560
81561
81562
81564
81565
81567
81568
81569
81570
81571
81574
81576
81577
81580
81581
81582
81584
81587
81588
81589
81590
81592
81594
81596
81597
81598
81599
81601
81602
81603
81604
81606
81607
81608
81610
81611
81612
81613
81614
81615
81616
81617
81618
81619
81621
81623
81624
81625
81626
81628
81631
81632
81634
81635
81637
81638
81640
81641
81644
81645
81646
81647
81649
81650
81651
81655
81658
81659
81660
81661
81662
81663
81665
81667
81668
81670
81671
81672
81673
81674
81675
81676
81677
81678
81680
81681
81682
81683
81684
81685
81686
81688
81689
81690
81691
81692
81693
81694
81696
81697
81698
81699
81701
81702
81703
81704
81705
81706
81707
81708
81709
81710
81711
81712
81713
81715
81716
81717
81718
81719
81720
81722
81723
81725
81726
81727
81728
81729
81731
81732
81733
81734
81736
81737
81738
81739
81740
81741
81742
81743
81744
81745
81746
81747
81748
81749
81751
81752
81753
81756
81758
81759
81760
81761
81762
81763
81764
81765
81766
81767
81768
81769
81770
81771
81772
81774
81775
81776
81777
81778
81780
81781
81782
81783
81784
81785
81786
81787
81788
81789
81790
81791
81793
81795
81796
81797
81799
81800
81801
81802
81805
81806
81807
81808
81811
81812
81816
81817
81819
81820
81821
81822
81824
81825
81826
81827
81828
81829
81830
81831
81832
81833
81835
81836
81838
81839
81842
81843
81844
81846
81847
81848
81849
81850
81851
81852
81853
81854
81855
81857
81858
81859
81860
81862
81863
81864
81866
81867
81871
81873
81875
81878
81881
81882
81884
81886
81888
81891
81892
81893
81894
81895
81898
81899
81900
81903
81904
81905
81907
81908
81909
81910
81911
81913
81914
81917
81918
81920
81921
81922
81924
81925
81926
81927
81928
81929
81930
81931
81932
81933
81934
81936
81937
81938
81942
81944
81945
81946
81947
81948
81950
81951
81952
81955
81956
81958
81960
81963
81964
81965
81966
81967
81968
81969
81970
81971
81973
81974
81975
81976
81977
81978
81979
81980
81981
81982
81984
81986
81987
81988
81989
81990
81991
81993
81994
81996
81997
81998
81999
82000
82001
82002
82003
82004
82005
82006
82007
82008
82009
82010
82012
82014
82015
82016
82017
82018
82019
82020
82022
82023
82024
82025
82026
82027
82029
82030
82032
82033
82034
82036
82037
82038
82039
82040
82041
82042
82043
82044
82045
82046
82047
82048
82049
82050
82051
82052
82053
82054
82056
82057
82058
82059
82060
82062
82065
82067
82068
82071
82072
82073
82075
82076
82078
82079
82080
82082
82083
82084
82085
82086
82087
82088
82089
82090
82091
82092
82093
82094
82095
82097
82098
82099
82100
82101
82102
82103
82105
82106
82107
82108
82109
82110
82111
82112
82114
82115
82116
82117
82119
82120
82121
82122
82123
82126
82127
82129
82130
82131
82132
82134
82135
82136
82138
82139
82140
82142
82145
82146
82147
82148
82149
82150
82152
82154
82155
82157
82158
82159
82161
82162
82164
82165
82166
82167
82169
82170
82171
82172
82174
82177
82180
82181
82182
82183
82184
82185
82186
82187
82189
82192
82193
82194
82195
82196
82197
82198
82199
82201
82203
82205
82206
82207
82208
82209
82210
82211
82212
82213
82214
82215
82218
82220
82221
82223
82225
82226
82227
82228
82229
82230
82231
82232
82234
82235
82237
82239
82240
82241
82243
82244
82245
82247
82248
82249
82250
82251
82252
82253
82254
82255
82257
82258
82259
82260
82262
82263
82264
82265
82267
82268
82270
82272
82273
82274
82275
82276
82277
82279
82280
82281
82282
82283
82284
82285
82286
82287
82288
82289
82290
82291
82292
82294
82297
82299
82300
82303
82304
82305
82306
82307
82309
82311
82315
82316
82319
82320
82321
82322
82324
82326
82327
82328
82329
82331
82333
82334
82335
82337
82338
82339
82340
82341
82343
82345
82346
82350
82354
82355
82356
82358
82359
82360
82361
82362
82363
82364
82365
82366
82367
82368
82369
82370
82371
82372
82373
82375
82376
82377
82378
82380
82382
82383
82384
82385
82387
82388
82390
82391
82393
82394
82396
82397
82398
82399
82400
82401
82402
82403
82404
82405
82406
82407
82408
82409
82410
82411
82412
82413
82414
82415
82416
82417
82418
82419
82420
82421
82422
82423
82425
82426
82428
82429
82430
82431
82434
82435
82437
82438
82439
82440
82441
82442
82444
82445
82446
82447
82448
82449
82450
82451
82452
82453
82454
82456
82457
82458
82459
82460
82461
82462
82463
82464
82466
82467
82468
82469
82471
82473
82474
82477
82478
82479
82480
82481
82482
82483
82484
82485
82486
82487
82488
82489
82490
82491
82492
82493
82498
82500
82501
82503
82504
82505
82506
82510
82512
82515
82516
82517
82518
82520
82521
82523
82524
82525
82526
82527
82529
82530
82531
82532
82533
82534
82535
82537
82538
82539
82540
82541
82544
82545
82546
82547
82548
82549
82550
82551
82552
82554
82555
82558
82559
82560
82561
82562
82563
82564
82565
82566
82567
82568
82571
82572
82574
82575
82576
82577
82578
82579
82580
82581
82582
82583
82584
82585
82586
82587
82588
82589
82590
82591
82593
82596
82597
82599
82600
82603
82604
82605
82606
82607
82608
82609
82614
82616
82617
82618
82619
82620
82621
82623
82624
82625
82626
82627
82628
82629
82630
82631
82632
82633
82634
82636
82637
82639
82640
82641
82642
82643
82644
82646
82647
82648
82649
82650
82651
82652
82653
82654
82655
82657
82659
82660
82661
82662
82663
82664
82665
82666
82667
82669
82670
82671
82673
82674
82678
82680
82681
82682
82683
82684
82685
82686
82687
82690
82691
82692
82694
82695
82696
82697
82700
82701
82702
82705
82707
82709
82710
82711
82714
82716
82717
82720
82721
82722
82724
82727
82728
82729
82731
82732
82734
82735
82736
82741
82742
82743
82745
82746
82747
82749
82750
82754
82755
82756
82757
82759
82761
82762
82763
82765
82766
82767
82769
82771
82772
82774
82775
82776
82777
82778
82779
82780
82781
82785
82787
82790
82791
82792
82793
82794
82795
82796
82799
82800
82804
82805
82806
82808
82809
82810
82811
82812
82813
82814
82815
82816
82819
82820
82821
82822
82823
82824
82825
82827
82828
82829
82830
82831
82833
82834
82835
82836
82837
82838
82840
82842
82846
82847
82848
82849
82850
82852
82854
82856
82857
82859
82861
82864
82865
82867
82868
82871
82872
82873
82874
82875
82876
82877
82878
82879
82880
82881
82883
82884
82885
82887
82888
82889
82890
82891
82892
82894
82895
82896
82898
82899
82900
82901
82902
82903
82904
82905
82907
82909
82910
82912
82914
82918
82922
82924
82925
82927
82928
82930
82932
82934
82935
82938
82942
82943
82945
82946
82948
82950
82951
82953
82955
82956
82957
82959
82965
82968
82969
82970
82971
82972
82973
82974
82976
82977
82978
82979
82980
82981
82982
82983
82984
82986
82987
82988
82989
82991
82993
82994
82995
82997
82998
82999
83001
83002
83003
83004
83005
83007
83008
83009
83010
83011
83012
83013
83014
83016
83018
83019
83020
83021
83022
83023
83024
83025
83026
83028
83030
83031
83032
83033
83034
83036
83037
83038
83039
83040
83041
83042
83043
83044
83045
83047
83048
83049
83050
83053
83054
83055
83056
83057
83058
83059
83060
83061
83062
83063
83064
83065
83066
83067
83068
83070
83071
83072
83073
83074
83075
83077
83078
83079
83080
83082
83083
83084
83085
83086
83088
83090
83091
83092
83093
83094
83095
83096
83097
83100
83102
83103
83105
83107
83108
83110
83111
83112
83113
83114
83115
83116
83120
83121
83122
83123
83124
83125
83126
83127
83128
83130
83131
83132
83135
83137
83138
83139
83140
83141
83142
83143
83145
83146
83147
83148
83150
83152
83153
83154
83155
83157
83158
83161
83162
83164
83165
83166
83168
83169
83173
83174
83175
83176
83177
83178
83180
83182
83183
83184
83186
83187
83188
83189
83190
83191
83192
83193
83194
83196
83197
83199
83200
83204
83206
83209
83211
83212
83217
83218
83219
83220
83224
83226
83227
83228
83229
83230
83231
83232
83235
83236
83237
83238
83240
83241
83242
83244
83245
83250
83251
83253
83254
83257
83259
83260
83262
83263
83264
83265
83266
83268
83269
83270
83271
83272
83273
83275
83278
83280
83282
83283
83286
83287
83288
83292
83293
83295
83296
83298
83299
83301
83304
83305
83306
83307
83308
83312
83313
83314
83315
83316
83317
83319
83320
83321
83323
83327
83329
83330
83332
83336
83341
83342
83343
83345
83347
83350
83352
83355
83356
83357
83358
83360
83367
83368
83369
83371
83372
83373
83375
83376
83380
83381
83382
83383
83387
83388
83389
83390
83391
83393
83394
83395
83396
83397
83398
83400
83401
83403
83405
83407
83410
83411
83412
83415
83417
83418
83419
83420
83421
83422
83424
83425
83427
83428
83430
83431
83432
83433
83434
83435
83436
83437
83438
83440
83441
83442
83444
83445
83446
83448
83449
83450
83451
83452
83454
83455
83458
83460
83461
83462
83464
83465
83466
83467
83469
83470
83472
83473
83474
83475
83476
83480
83489
83495
83496
83502
83506
83509
83512
83513
83516
83517
83518
83519
83520
83522
83524
83525
83526
83529
83530
83531
83532
83533
83534
83535
83536
83537
83538
83539
83540
83543
83544
83545
83546
83547
83549
83550
83551
83553
83555
83556
83557
83558
83559
83560
83561
83562
83563
83564
83565
83566
83567
83569
83570
83571
83572
83576
83577
83578
83579
83580
83583
83584
83585
83586
83588
83589
83590
83596
83598
83599
83600
83601
83602
83603
83604
83605
83608
83609
83611
83613
83614
83615
83616
83617
83618
83619
83620
83623
83624
83629
83630
83631
83632
83634
83637
83638
83639
83640
83645
83646
83647
83648
83649
83650
83651
83652
83653
83654
83655
83656
83657
83658
83659
83660
83661
83662
83663
83664
83665
83666
83667
83668
83669
83671
83672
83673
83675
83676
83677
83678
83679
83680
83681
83682
83684
83687
83688
83689
83690
83691
83692
83693
83694
83695
83696
83697
83700
83701
83702
83703
83704
83705
83707
83708
83710
83711
83712
83713
83714
83715
83716
83717
83718
83719
83720
83721
83723
83724
83725
83727
83728
83729
83730
83731
83732
83733
83734
83735
83737
83738
83739
83740
83741
83742
83745
83746
83747
83748
83749
83752
83753
83754
83755
83756
83757
83758
83759
83760
83762
83764
83765
83766
83767
83768
83769
83770
83771
83772
83773
83774
83775
83776
83777
83778
83779
83780
83781
83782
83783
83785
83786
83788
83790
83791
83792
83793
83794
83796
83798
83799
83802
83803
83804
83805
83806
83807
83808
83809
83811
83813
83814
83816
83818
83819
83820
83821
83822
83823
83824
83825
83826
83828
83829
83831
83832
83833
83834
83835
83837
83838
83839
83840
83841
83843
83845
83847
83849
83850
83851
83853
83854
83855
83856
83857
83858
83860
83861
83863
83865
83867
83871
83873
83874
83875
83879
83880
83883
83884
83885
83886
83887
83888
83889
83890
83894
83895
83896
83899
83901
83902
83903
83904
83905
83907
83909
83910
83911
83912
83913
83914
83915
83916
83917
83919
83920
83921
83922
83923
83925
83926
83927
83929
83930
83931
83932
83933
83934
83935
83936
83938
83939
83941
83942
83944
83946
83947
83948
83949
83950
83952
83953
83954
83955
83956
83958
83959
83960
83961
83963
83964
83965
83966
83968
83969
83970
83971
83972
83974
83975
83976
83977
83978
83979
83980
83981
83982
83983
83984
83987
83988
83989
83990
83993
83996
83999
84001
84002
84005
84006
84007
84008
84010
84012
84013
84016
84017
84018
84019
84022
84023
84024
84026
84027
84028
84029
84030
84032
84033
84034
84035
84036
84037
84038
84039
84040
84042
84043
84044
84045
84046
84047
84048
84049
84050
84051
84052
84054
84055
84056
84057
84058
84059
84060
84061
84063
84064
84066
84069
84071
84072
84073
84074
84075
84076
84078
84079
84080
84081
84084
84085
84086
84087
84089
84090
84092
84093
84094
84095
84096
84097
84098
84099
84100
84101
84102
84103
84104
84105
84106
84107
84108
84110
84111
84112
84113
84114
84116
84117
84118
84122
84123
84124
84125
84126
84128
84129
84130
84133
84134
84135
84136
84137
84139
84140
84144
84145
84146
84148
84150
84151
84153
84154
84155
84157
84160
84161
84162
84167
84168
84170
84171
84172
84173
84174
84175
84176
84177
84182
84184
84187
84188
84190
84191
84193
84195
84196
84198
84199
84202
84203
84207
84208
84209
84210
84211
84212
84215
84216
84218
84219
84221
84223
84225
84226
84227
84228
84230
84234
84239
84240
84243
84248
84250
84251
84252
84253
84254
84255
84256
84257
84258
84259
84261
84262
84264
84265
84266
84269
84273
84274
84277
84281
84285
84288
84292
84295
84302
84306
84307
84308
84309
84311
84315
84320
84321
84322
84323
84324
84326
84327
84328
84331
84332
84333
84334
84339
84340
84343
84349
84350
84353
84358
84359
84360
84363
84364
84365
84366
84367
84368
84371
84375
84376
84380
84381
84382
84384
84386
84387
84389
84391
84393
84394
84395
84399
84400
84401
84402
84403
84404
84405
84406
84407
84408
84409
84413
84416
84418
84419
84422
84425
84426
84427
84428
84430
84431
84432
84433
84434
84435
84437
84438
84439
84441
84442
84443
84444
84449
84450
84451
84452
84458
84459
84460
84461
84462
84465
84485
84487
84488
84492
84493
84494
84497
84500
84501
84504
84505
84508
84509
84510
84512
84516
84517
84520
84522
84525
84527
84529
84530
84531
84534
84536
84537
84540
84542
84548
84550
84551
84552
84553
84554
84556
84560
84561
84564
84571
84572
84573
84576
84588
84591
84594
84595
84603
84607
84622
84623
84630
84634
84640
84642
84643
84651
84657
84669
84670
84671
84672
84674
84676
84677
84678
84679
84682
84692
84696
84697
84699
84705
84706
84715
84716
84717
84718
84719
84721
84722
84723
84724
84725
84727
84735
84738
84742
84743
84744
84745
84748
84749
84750
84752
84753
84755
84756
84757
84759
84760
84763
84765
84766
84768
84769
84770
84771
84772
84773
84776
84794
84795
84797
84799
84800
84801
84802
84805
84808
84809
84810
84817
84821
84826
84827
84828
84830
84831
84833
84834
84839
84840
84844
84845
84846
84853
84856
84857
84858
84860
84861
84864
84870
84877
84879
84882
84888
84893
84894
84895
84896
84897
84902
84903
84904
84905
84906
84907
84909
84911
84913
84918
84919
84921
84924
84926
84927
84928
84931
84934
84937
84944
84948
84949
84952
84961
84962
84965
84969
84971
84976
84981
84982
84983
84985
84988
84991
84992
84993
84998
84999
85000
85001
85002
85003
85004
85005
85009
85012
85014
85017
85020
85022
85025
85026
85027
85028
85029
85030
85031
85032
85033
85034
85036
85037
85039
85042
85043
85045
85046
85047
85049
85050
85051
85052
85054
85058
85060
85061
85062
85065
85070
85072
85073
85078
85080
85084
85089
85095
85103
85108
85110
85111
85117
85120
85123
85124
85130
85131
85132
85136
85139
85143
85144
85146
85147
85148
85153
85154
85155
85156
85158
85162
85163
85164
85166
85169
85170
85172
85173
85176
85177
85178
85182
85183
85188
85199
85206
85209
85210
85226
85227
85230
85231
85244
85247
85256
85260
85262
85263
85264
85266
85268
85273
85276
85277
85279
85280
85282
85285
85287
85289
85293
85295
85307
85308
85309
85310
85314
85316
85317
85318
85319
85322
85332
85338
85339
85348
85349
85354
85356
85358
85361
85363
85367
85373
85381
85382
85388
85389
85393
85397
85399
85400
85401
85402
85403
85404
85407
85408
85409
85410
85411
85413
85425
85426
85431
85432
85439
85448
85453
85456
85461
85469
85477
85478
85481
85483
85488
85495
85496
85498
85499
85501
85506
85507
85513
85516
85517
85518
85535
85536
85540
85542
85545
85548
85550
85551
85553
85555
85558
85559
85562
85565
85572
85573
85574
85578
85579
85581
85585
85590
85593
85594
85595
85612
85615
85616
85618
85622
85625
85627
85628
85630
85631
85635
85637
85642
85644
85646
85648
85650
85652
85657
85662
85665
85666
85670
85671
85672
85675
85680
85681
85682
85683
85688
85689
85690
85691
85692
85693
85694
85695
85701
85702
85703
85704
85706
85709
85710
85712
85714
85715
85719
85721
85723
85726
85728
85730
85735
85738
85744
85747
85748
85750
85752
85753
85754
85755
85756
85757
85758
85759
85760
85761
85762
85765
85767
85771
85772
85776
85778
85779
85780
85781
85785
85786
85788
85789
85791
85795
85798
85801
85802
85803
85805
85807
85811
85820
85824
85825
85826
85827
85828
85833
85838
85839
85840
85842
85843
85844
85846
85847
85849
85850
85856
85858
85860
85861
85862
85866
85867
85873
85876
85877
85878
85880
85887
85889
85890
85891
85893
85899
85904
85909
85912
85916
85923
85926
85935
85936
85938
85939
85943
85945
85948
85949
85950
85952
85953
85954
85955
85956
85957
85959
85961
85962
85963
85964
85968
85969
85970
85971
85972
85973
85977
85978
85979
85982
85986
85987
85988
85989
85993
85996
86001
86003
86007
86008
86010
86011
86021
86023
86025
86026
86027
86028
86030
86033
86034
86035
86036
86038
86039
86041
86042
86043
86044
86045
86048
86049
86050
86051
86052
86055
86056
86057
86059
86060
86061
86062
86064
86068
86069
86070
86071
86072
86074
86075
86076
86079
86080
86081
86082
86085
86088
86091
86093
86094
86096
86097
86099
86102
86103
86104
86106
86107
86108
86109
86110
86112
86116
86117
86118
86119
86120
86122
86124
86128
86129
86130
86131
86132
86133
86134
86135
86136
86137
86140
86143
86145
86147
86148
86149
86151
86154
86157
86159
86161
86162
86163
86164
86165
86166
86167
86168
86169
86170
86171
86172
86173
86174
86175
86177
86182
86183
86184
86187
86189
86190
86194
86195
86196
86197
86198
86200
86201
86203
86204
86206
86210
86213
86215
86216
86217
86218
86220
86223
86224
86225
86226
86227
86229
86230
86232
86233
86234
86235
86236
86237
86238
86239
86241
86242
86243
86245
86247
86250
86251
86252
86254
86255
86257
86260
86261
86262
86263
86264
86265
86268
86270
86271
86272
86273
86275
86276
86278
86280
86281
86282
86285
86286
86287
86288
86289
86290
86291
86292
86293
86295
86297
86298
86299
86300
86303
86304
86305
86306
86307
86308
86309
86311
86312
86313
86314
86315
86320
86321
86322
86323
86324
86325
86326
86327
86328
86329
86331
86332
86334
86336
86341
86342
86345
86346
86347
86349
86350
86352
86353
86354
86355
86356
86357
86359
86360
86361
86363
86364
86365
86367
86368
86369
86370
86373
86374
86375
86376
86377
86378
86379
86380
86383
86384
86385
86387
86390
86391
86394
86395
86396
86398
86399
86401
86405
86406
86408
86409
86410
86411
86413
86414
86415
86416
86418
86420
86421
86422
86423
86424
86425
86426
86427
86428
86429
86430
86431
86432
86433
86434
86435
86436
86437
86438
86439
86440
86441
86443
86444
86445
86446
86450
86453
86456
86457
86458
86460
86462
86464
86465
86471
86472
86475
86480
86481
86483
86485
86486
86488
86489
86493
86496
86498
86501
86503
86504
86505
86506
86507
86509
86510
86512
86514
86515
86516
86517
86518
86519
86520
86521
86524
86525
86526
86527
86529
86531
86534
86541
86543
86549
86551
86552
86553
86558
86561
86568
86569
86571
86573
86574
86575
86583
86585
86587
86588
86590
86591
86593
86594
86595
86597
86599
86602
86603
86604
86605
86606
86607
86609
86610
86613
86614
86617
86618
86619
86620
86621
86622
86624
86625
86626
86633
86634
86635
86636
86639
86640
86641
86642
86646
86648
86650
86651
86652
86653
86654
86659
86662
86665
86666
86667
86668
86671
86674
86676
86677
86679
86680
86681
86682
86683
86684
86685
86686
86689
86690
86691
86692
86693
86694
86695
86696
86697
86698
86699
86700
86701
86703
86704
86707
86710
86712
86713
86714
86715
86716
86717
86718
86720
86721
86722
86725
86726
86727
86728
86729
86730
86733
86735
86736
86737
86738
86739
86745
86746
86747
86748
86749
86750
86751
86753
86754
86755
86757
86758
86759
86760
86761
86762
86763
86765
86766
86769
86770
86771
86772
86773
86774
86775
86779
86781
86782
86783
86785
86792
86797
86798
86801
86802
86805
86806
86811
86812
86813
86818
86819
86822
86824
86826
86827
86829
86832
86835
86845
86846
86847
86848
86849
86850
86851
86852
86853
86857
86858
86859
86861
86864
86869
86871
86873
86875
86877
86878
86879
86882
86883
86886
86888
86889
86891
86892
86893
86895
86896
86901
86902
86905
86906
86907
86910
86911
86916
86917
86918
86920
86923
86924
86925
86928
86929
86932
86933
86934
86936
86938
86939
86940
86941
86942
86947
86948
86951
86953
86956
86958
86959
86960
86964
86967
86971
86972
86973
86975
86976
86977
86985
86986
86988
86989
86990
86991
86992
86996
86998
87000
87001
87003
87004
87005
87006
87008
87015
87018
87019
87020
87021
87022
87023
87025
87029
87030
87031
87032
87034
87035
87036
87038
87045
87046
87047
87051
87052
87053
87054
87055
87056
87057
87058
87059
87060
87061
87063
87065
87066
87068
87069
87070
87072
87074
87075
87079
87082
87083
87084
87086
87087
87088
87089
87090
87091
87096
87097
87098
87099
87100
87102
87105
87107
87108
87109
87115
87116
87118
87119
87121
87125
87126
87131
87132
87133
87137
87140
87141
87142
87145
87146
87147
87148
87151
87153
87156
87159
87160
87161
87163
87165
87166
87167
87168
87169
87170
87171
87173
87178
87180
87182
87186
87187
87190
87191
87195
87196
87199
87201
87202
87204
87205
87206
87207
87208
87210
87212
87213
87215
87217
87219
87220
87221
87222
87223
87224
87226
87227
87229
87230
87231
87232
87234
87236
87237
87238
87239
87240
87246
87247
87248
87249
87252
87257
87258
87259
87260
87261
87263
87266
87267
87268
87269
87270
87271
87273
87275
87286
87287
87288
87289
87290
87291
87293
87294
87296
87299
87300
87301
87302
87303
87304
87306
87317
87322
87333
87334
87335
87336
87337
87338
87341
87342
87343
87347
87349
87350
87354
87356
87358
87359
87360
87362
87365
87367
87368
87369
87373
87374
87375
87376
87377
87379
87380
87381
87383
87384
87386
87389
87390
87391
87392
87393
87395
87397
87398
87402
87403
87404
87406
87407
87409
87411
87412
87414
87415
87416
87417
87418
87419
87420
87421
87422
87423
87424
87425
87426
87427
87428
87429
87430
87431
87432
87433
87435
87437
87438
87439
87440
87441
87442
87443
87444
87445
87446
87447
87448
87449
87450
87453
87455
87456
87458
87459
87460
87461
87462
87463
87466
87467
87468
87471
87472
87473
87474
87475
87476
87477
87478
87481
87482
87483
87484
87485
87487
87492
87493
87494
87499
87500
87501
87502
87503
87504
87506
87507
87508
87510
87516
87517
87519
87520
87521
87522
87523
87525
87526
87527
87528
87529
87531
87532
87533
87535
87538
87539
87540
87541
87542
87543
87544
87546
87547
87549
87550
87553
87554
87555
87556
87557
87558
87559
87560
87561
87562
87563
87564
87565
87567
87568
87569
87570
87571
87574
87575
87577
87578
87581
87583
87584
87585
87586
87587
87588
87589
87590
87591
87592
87593
87594
87596
87597
87598
87600
87601
87605
87606
87607
87608
87609
87610
87611
87612
87614
87618
87619
87621
87622
87624
87625
87633
87634
87635
87636
87637
87642
87643
87644
87645
87646
87647
87648
87649
87650
87651
87654
87655
87658
87660
87661
87663
87664
87665
87666
87667
87668
87669
87670
87672
87673
87675
87676
87677
87678
87679
87680
87682
87683
87684
87685
87686
87687
87688
87692
87694
87696
87697
87698
87699
87700
87701
87703
87707
87708
87709
87710
87711
87712
87713
87714
87716
87718
87719
87720
87722
87723
87724
87725
87726
87727
87728
87732
87736
87737
87740
87742
87744
87747
87749
87751
87753
87754
87755
87756
87757
87761
87764
87765
87766
87767
87768
87769
87770
87771
87773
87774
87775
87782
87783
87784
87787
87791
87795
87798
87799
87800
87803
87804
87807
87808
87809
87810
87814
87815
87819
87821
87822
87823
87824
87825
87826
87827
87828
87829
87831
87832
87835
87836
87837
87840
87841
87842
87843
87844
87845
87847
87849
87853
87854
87855
87856
87857
87860
87861
87863
87864
87866
87869
87870
87871
87874
87875
87877
87878
87879
87881
87883
87888
87889
87890
87891
87892
87894
87897
87898
87899
87900
87901
87902
87905
87906
87908
87909
87914
87915
87916
87917
87920
87922
87923
87924
87925
87926
87930
87932
87933
87934
87937
87938
87940
87941
87943
87946
87947
87950
87951
87952
87955
87956
87957
87958
87959
87960
87961
87962
87963
87964
87965
87968
87970
87973
87975
87976
87977
87987
87988
87989
87997
87998
87999
88001
88002
88003
88004
88006
88007
88008
88009
88012
88013
88014
88015
88016
88019
88020
88024
88025
88026
88034
88036
88037
88045
88046
88047
88055
88057
88064
88067
88068
88076
88077
88078
88079
88081
88083
88084
88088
88092
88093
88094
88099
88102
88104
88107
88110
88111
88121
88124
88142
88143
88144
88151
88153
88155
88158
88161
88163
88166
88167
88168
88169
88181
88183
88186
88187
88189
88192
88193
88200
88201
88203
88207
88209
88213
88216
88218
88219
88220
88223
88230
88232
88233
88242
88248
88260
88263
88264
88267
88279
88280
88281
88284
88285
88290
88293
88294
88299
88301
88302
88304
88305
88308
88312
88313
88314
88316
88317
88318
88319
88320
88322
88326
88327
88329
88330
88331
88335
88336
88337
88342
88343
88344
88345
88349
88351
88353
88354
88356
88358
88359
88360
88361
88362
88364
88365
88367
88369
88371
88372
88373
88375
88377
88379
88380
88384
88386
88389
88393
88400
88402
88403
88404
88405
88406
88407
88408
88409
88412
88414
88416
88417
88418
88420
88421
88422
88423
88424
88425
88426
88427
88429
88430
88432
88433
88436
88437
88442
88444
88445
88446
88447
88450
88455
88458
88459
88460
88462
88463
88465
88466
88467
88468
88469
88472
88474
88476
88478
88479
88483
88484
88485
88487
88488
88489
88491
88492
88494
88495
88498
88499
88500
88501
88503
88504
88505
88506
88507
88510
88511
88512
88514
88515
88516
88517
88518
88519
88520
88521
88525
88526
88527
88528
88530
88531
88534
88535
88536
88537
88539
88540
88542
88544
88545
88546
88547
88549
88550
88551
88552
88553
88554
88555
88556
88557
88558
88559
88560
88561
88562
88564
88565
88567
88568
88569
88573
88575
88578
88582
88583
88586
88588
88590
88591
88592
88593
88594
88595
88597
88598
88601
88603
88604
88606
88609
88611
88613
88614
88615
88617
88619
88620
88621
88622
88623
88624
88627
88628
88629
88630
88632
88634
88635
88636
88637
88638
88641
88642
88643
88645
88646
88647
88649
88651
88652
88653
88654
88656
88657
88659
88660
88661
88662
88663
88664
88665
88666
88667
88668
88669
88671
88672
88673
88674
88675
88678
88679
88681
88683
88684
88686
88687
88691
88693
88695
88696
88698
88700
88701
88703
88705
88706
88707
88709
88710
88711
88713
88714
88717
88719
88721
88722
88723
88724
88726
88728
88730
88731
88735
88736
88737
88738
88739
88740
88741
88742
88743
88744
88745
88746
88747
88749
88750
88751
88753
88754
88758
88759
88761
88762
88763
88765
88766
88769
88770
88771
88772
88773
88774
88775
88776
88778
88779
88780
88783
88786
88787
88788
88789
88790
88791
88793
88795
88796
88798
88800
88801
88802
88803
88805
88807
88808
88809
88811
88812
88813
88814
88816
88817
88818
88820
88821
88824
88825
88827
88828
88829
88830
88832
88833
88834
88835
88836
88838
88840
88841
88842
88843
88845
88846
88847
88848
88850
88851
88853
88854
88855
88856
88857
88859
88860
88861
88862
88863
88864
88865
88866
88867
88868
88869
88870
88871
88872
88873
88874
88876
88877
88878
88879
88880
88882
88883
88884
88886
88887
88889
88890
88892
88893
88894
88895
88896
88899
88900
88901
88903
88904
88906
88907
88909
88910
88911
88912
88913
88914
88915
88916
88917
88918
88919
88920
88921
88922
88923
88925
88926
88928
88929
88930
88931
88932
88933
88934
88935
88937
88938
88942
88943
88945
88948
88950
88951
88952
88953
88955
88956
88957
88958
88959
88963
88964
88966
88967
88970
88971
88972
88973
88974
88975
88977
88978
88980
88981
88982
88983
88985
88986
88987
88988
88989
88991
88992
88993
88994
88995
88996
88998
88999
89000
89001
89002
89003
89007
89008
89009
89012
89014
89016
89020
89023
89024
89025
89026
89028
89029
89030
89031
89032
89033
89034
89037
89039
89040
89041
89042
89043
89045
89046
89047
89050
89051
89053
89054
89056
89057
89058
89061
89065
89066
89068
89070
89071
89072
89073
89075
89076
89078
89081
89083
89085
89086
89087
89088
89089
89090
89091
89092
89093
89096
89097
89098
89100
89102
89104
89105
89106
89107
89108
89110
89111
89112
89113
89114
89115
89116
89117
89118
89119
89120
89122
89123
89124
89126
89127
89128
89129
89130
89132
89135
89136
89137
89138
89139
89140
89141
89142
89143
89145
89146
89147
89149
89150
89151
89152
89153
89154
89155
89157
89158
89159
89161
89165
89166
89168
89169
89170
89171
89172
89173
89174
89175
89177
89181
89183
89185
89186
89187
89188
89189
89190
89191
89192
89193
89194
89195
89197
89198
89199
89200
89203
89204
89205
89206
89208
89210
89211
89212
89216
89217
89218
89219
89220
89221
89222
89223
89227
89228
89229
89231
89232
89233
89235
89236
89240
89241
89242
89243
89244
89245
89248
89249
89250
89251
89252
89253
89254
89255
89256
89257
89258
89259
89260
89261
89262
89263
89264
89265
89266
89267
89268
89269
89270
89271
89272
89273
89274
89276
89277
89278
89279
89281
89282
89283
89284
89286
89289
89290
89291
89295
89296
89297
89298
89299
89300
89301
89302
89303
89305
89306
89307
89309
89312
89314
89316
89318
89319
89320
89322
89323
89325
89326
89327
89329
89331
89332
89333
89335
89336
89337
89339
89340
89343
89344
89345
89346
89347
89348
89349
89350
89351
89352
89353
89354
89355
89356
89357
89358
89359
89360
89361
89362
89363
89364
89365
89366
89367
89368
89369
89370
89371
89372
89373
89374
89375
89376
89377
89378
89379
89381
89382
89383
89385
89387
89388
89389
89390
89391
89392
89393
89394
89395
89396
89397
89398
89399
89403
89404
89406
89407
89409
89410
89411
89412
89413
89415
89416
89417
89418
89420
89421
89422
89423
89424
89425
89426
89427
89428
89429
89431
89432
89433
89434
89435
89436
89437
89438
89439
89440
89441
89442
89443
89444
89445
89446
89447
89449
89451
89452
89453
89454
89455
89456
89458
89459
89461
89462
89464
89465
89466
89467
89468
89469
89470
89471
89473
89475
89478
89479
89480
89483
89484
89487
89488
89489
89490
89491
89492
89493
89494
89495
89496
89498
89499
89500
89501
89502
89503
89504
89505
89506
89507
89508
89509
89510
89514
89517
89518
89519
89520
89521
89522
89525
89526
89527
89529
89530
89531
89533
89534
89535
89536
89537
89538
89543
89545
89550
89551
89555
89558
89559
89560
89561
89563
89564
89565
89566
89567
89568
89569
89570
89571
89572
89573
89575
89577
89579
89581
89582
89583
89585
89587
89588
89589
89590
89591
89593
89594
89595
89596
89597
89598
89599
89600
89601
89602
89603
89606
89607
89608
89609
89610
89611
89612
89613
89614
89615
89617
89619
89620
89621
89622
89623
89625
89626
89627
89629
89630
89631
89632
89633
89635
89636
89637
89638
89639
89640
89641
89642
89643
89644
89646
89648
89649
89650
89651
89652
89653
89654
89655
89656
89657
89658
89659
89660
89663
89665
89666
89667
89668
89670
89671
89672
89673
89675
89676
89677
89679
89680
89681
89682
89683
89684
89685
89688
89689
89690
89691
89692
89693
89694
89695
89696
89697
89698
89699
89700
89701
89702
89704
89705
89706
89707
89708
89709
89710
89711
89712
89716
89718
89719
89721
89723
89724
89725
89726
89727
89728
89729
89730
89731
89733
89734
89735
89736
89737
89738
89739
89740
89741
89742
89743
89744
89745
89747
89748
89749
89750
89751
89752
89753
89754
89755
89756
89757
89758
89759
89760
89761
89762
89763
89764
89766
89767
89770
89771
89772
89773
89775
89778
89779
89782
89783
89784
89785
89786
89787
89788
89789
89790
89794
89795
89796
89799
89800
89801
89803
89805
89807
89808
89809
89810
89811
89812
89813
89815
89816
89817
89818
89819
89820
89821
89822
89824
89825
89826
89827
89828
89829
89830
89833
89834
89835
89836
89837
89838
89839
89840
89841
89842
89844
89845
89846
89847
89849
89850
89853
89854
89855
89856
89858
89860
89861
89862
89863
89864
89865
89866
89867
89870
89871
89873
89874
89875
89876
89877
89879
89880
89881
89883
89884
89889
89890
89891
89892
89894
89895
89896
89897
89898
89899
89900
89901
89903
89904
89907
89908
89909
89911
89913
89915
89916
89917
89918
89920
89921
89922
89923
89924
89925
89926
89927
89928
89929
89930
89931
89932
89933
89934
89935
89936
89938
89939
89940
89942
89943
89944
89945
89946
89947
89948
89949
89950
89951
89953
89954
89956
89958
89963
89965
89966
89968
89969
89971
89973
89979
89981
89986
89988
89989
89990
89992
89993
89994
89995
89996
89999
90000
90001
90002
90004
90006
90007
90009
90011
90012
90013
90014
90015
90016
90017
90018
90019
90021
90022
90023
90025
90027
90028
90030
90031
90032
90033
90034
90035
90038
90039
90040
90041
90042
90044
90045
90046
90047
90048
90049
90050
90051
90052
90053
90054
90055
90056
90057
90059
90061
90062
90063
90064
90065
90067
90069
90070
90072
90073
90074
90075
90076
90077
90079
90081
90082
90083
90084
90085
90086
90087
90088
90089
90090
90091
90092
90093
90094
90096
90098
90099
90100
90101
90102
90103
90104
90105
90106
90107
90108
90109
90110
90111
90112
90113
90114
90115
90116
90118
90120
90121
90122
90125
90126
90127
90128
90129
90130
90131
90132
90133
90134
90136
90138
90139
90140
90141
90142
90143
90145
90146
90147
90149
90150
90151
90152
90153
90156
90158
90161
90162
90163
90164
90167
90169
90170
90171
90172
90174
90175
90176
90177
90178
90181
90182
90183
90184
90185
90186
90187
90188
90189
90190
90191
90193
90195
90196
90197
90198
90199
90200
90201
90202
90203
90205
90208
90209
90210
90212
90213
90214
90215
90217
90219
90220
90221
90222
90223
90224
90225
90226
90227
90229
90230
90231
90232
90233
90235
90236
90237
90238
90239
90240
90241
90242
90243
90244
90245
90247
90248
90249
90250
90251
90252
90254
90257
90258
90259
90260
90261
90262
90263
90267
90271
90275
90276
90277
90278
90279
90280
90281
90282
90283
90284
90286
90287
90288
90289
90291
90292
90293
90294
90295
90296
90299
90300
90301
90303
90304
90305
90306
90307
90308
90309
90310
90311
90312
90313
90315
90316
90321
90322
90323
90324
90327
90328
90329
90332
90333
90334
90335
90337
90338
90341
90342
90344
90345
90346
90348
90349
90350
90352
90353
90354
90355
90357
90358
90360
90361
90362
90365
90366
90367
90368
90370
90371
90372
90373
90374
90375
90376
90386
90387
90388
90392
90393
90394
90396
90397
90398
90399
90400
90401
90402
90405
90406
90407
90408
90410
90412
90413
90415
90416
90417
90418
90419
90420
90421
90422
90423
90424
90426
90427
90428
90429
90430
90431
90432
90433
90434
90438
90439
90441
90442
90443
90444
90445
90446
90447
90450
90451
90453
90454
90455
90456
90457
90458
90460
90461
90462
90463
90464
90465
90466
90467
90468
90470
90472
90473
90474
90475
90478
90479
90480
90482
90483
90485
90486
90487
90489
90491
90492
90496
90497
90498
90500
90501
90502
90505
90506
90507
90508
90509
90510
90511
90512
90514
90515
90516
90517
90519
90520
90521
90522
90523
90524
90525
90526
90528
90529
90530
90531
90533
90535
90537
90538
90539
90541
90545
90546
90547
90548
90549
90550
90551
90552
90553
90554
90555
90556
90557
90558
90562
90563
90566
90568
90569
90570
90571
90575
90576
90577
90580
90581
90587
90589
90591
90594
90595
90596
90597
90598
90603
90604
90607
90609
90612
90613
90616
90617
90619
90620
90621
90623
90624
90626
90627
90628
90629
90630
90631
90632
90633
90634
90635
90636
90637
90638
90639
90640
90641
90642
90644
90645
90646
90647
90648
90649
90650
90652
90653
90655
90656
90657
90659
90660
90661
90662
90663
90664
90665
90666
90667
90669
90670
90671
90672
90673
90674
90675
90676
90677
90679
90680
90681
90682
90683
90684
90685
90686
90687
90688
90689
90690
90696
90697
90699
90700
90704
90705
90706
90707
90708
90710
90711
90712
90713
90714
90715
90717
90718
90719
90720
90721
90722
90723
90724
90725
90726
90727
90728
90729
90730
90731
90732
90733
90734
90735
90736
90737
90738
90739
90740
90741
90742
90743
90744
90745
90746
90747
90748
90750
90753
90754
90756
90757
90759
90761
90762
90764
90765
90766
90767
90770
90772
90773
90774
90775
90777
90779
90782
90783
90784
90785
90788
90790
90791
90792
90794
90796
90797
90798
90799
90800
90801
90802
90803
90804
90806
90807
90808
90810
90812
90814
90815
90816
90817
90818
90820
90821
90823
90824
90825
90826
90827
90828
90829
90830
90831
90832
90833
90834
90835
90836
90837
90838
90843
90845
90846
90847
90849
90850
90851
90854
90855
90856
90857
90859
90860
90861
90863
90864
90871
90873
90874
90875
90876
90878
90879
90880
90882
90884
90886
90887
90888
90892
90895
90896
90897
90898
90900
90902
90905
90908
90910
90912
90913
90916
90917
90918
90922
90923
90926
90929
90931
90933
90936
90939
90940
90941
90942
90944
90946
90948
90950
90951
90955
90956
90959
90961
90964
90967
90971
90972
90973
90974
90976
90978
90981
90982
90985
90986
90988
90991
90992
90993
90994
90996
90998
91003
91005
91006
91007
91008
91009
91010
91011
91012
91015
91016
91018
91019
91020
91021
91023
91024
91025
91026
91027
91030
91031
91032
91033
91034
91035
91039
91040
91044
91045
91047
91048
91049
91052
91054
91055
91056
91059
91060
91062
91063
91065
91067
91068
91069
91070
91071
91072
91073
91075
91076
91077
91079
91080
91081
91082
91084
91085
91086
91087
91088
91089
91092
91093
91094
91095
91097
91098
91100
91101
91102
91103
91104
91105
91106
91107
91108
91109
91110
91111
91112
91114
91115
91117
91118
91119
91120
91121
91124
91126
91127
91129
91131
91132
91133
91134
91138
91140
91143
91144
91146
91149
91150
91158
91160
91163
91164
91166
91167
91169
91172
91174
91175
91177
91179
91180
91181
91182
91183
91186
91188
91190
91193
91195
91197
91198
91199
91200
91201
91204
91207
91208
91209
91210
91211
91212
91215
91216
91219
91220
91222
91223
91224
91225
91226
91227
91228
91229
91230
91231
91232
91235
91236
91237
91238
91239
91240
91241
91242
91243
91244
91247
91248
91249
91250
91251
91252
91254
91255
91258
91259
91260
91264
91266
91268
91273
91274
91275
91276
91278
91279
91282
91283
91284
91286
91289
91290
91291
91292
91294
91295
91296
91297
91298
91299
91300
91301
91302
91303
91304
91305
91306
91307
91308
91309
91310
91311
91312
91313
91314
91316
91317
91318
91319
91320
91321
91322
91323
91324
91325
91326
91327
91328
91329
91330
91331
91332
91333
91334
91335
91336
91338
91339
91342
91343
91344
91345
91346
91347
91348
91349
91350
91351
91352
91353
91354
91355
91356
91358
91359
91360
91361
91362
91363
91364
91365
91366
91367
91368
91369
91370
91371
91372
91373
91374
91375
91376
91377
91378
91379
91380
91381
91382
91383
91384
91385
91386
91387
91389
91390
91391
91392
91393
91394
91396
91397
91398
91399
91400
91402
91403
91404
91405
91406
91407
91408
91409
91410
91411
91413
91414
91415
91416
91417
91418
91419
91420
91421
91422
91424
91425
91426
91428
91429
91430
91431
91432
91433
91435
91436
91437
91438
91439
91441
91442
91445
91447
91449
91450
91455
91456
91457
91458
91459
91460
91462
91464
91465
91466
91467
91468
91469
91470
91472
91473
91474
91476
91478
91479
91481
91482
91483
91484
91485
91486
91487
91488
91489
91493
91496
91498
91499
91500
91501
91503
91504
91505
91506
91507
91511
91512
91513
91514
91515
91516
91518
91521
91522
91523
91524
91525
91526
91528
91529
91530
91531
91532
91534
91536
91537
91545
91547
91549
91551
91553
91556
91557
91558
91559
91560
91561
91562
91563
91564
91565
91566
91567
91569
91570
91573
91574
91575
91576
91577
91578
91580
91581
91583
91584
91585
91589
91596
91597
91599
91600
91601
91602
91603
91604
91605
91606
91608
91609
91610
91611
91612
91614
91615
91617
91619
91620
91622
91623
91624
91625
91626
91628
91629
91631
91632
91633
91634
91635
91636
91637
91638
91639
91640
91641
91643
91644
91645
91646
91647
91649
91650
91651
91652
91653
91654
91655
91657
91658
91660
91663
91664
91666
91667
91668
91670
91671
91673
91677
91678
91679
91680
91681
91683
91684
91685
91686
91687
91688
91689
91690
91691
91693
91694
91695
91696
91697
91698
91701
91703
91705
91706
91708
91709
91710
91712
91713
91714
91715
91716
91717
91720
91722
91726
91727
91729
91730
91731
91732
91733
91734
91735
91737
91738
91739
91740
91742
91743
91744
91745
91746
91747
91748
91749
91750
91751
91752
91753
91754
91755
91756
91757
91758
91759
91760
91761
91762
91763
91765
91766
91767
91768
91769
91771
91773
91774
91775
91776
91778
91779
91781
91782
91785
91786
91787
91788
91789
91791
91792
91794
91795
91796
91797
91798
91799
91800
91801
91802
91803
91804
91805
91808
91809
91810
91812
91814
91816
91817
91818
91819
91821
91822
91823
91824
91825
91826
91830
91831
91834
91835
91839
91842
91843
91844
91847
91851
91852
91853
91854
91857
91858
91859
91861
91862
91864
91866
91868
91869
91871
91872
91873
91874
91875
91876
91877
91879
91881
91884
91886
91888
91890
91893
91894
91895
91896
91897
91901
91902
91903
91904
91905
91906
91908
91909
91910
91912
91919
91923
91928
91929
91931
91932
91937
91940
91941
91943
91944
91948
91950
91951
91955
91959
91961
91962
91964
91965
91968
91969
91971
91972
91978
91982
91983
91985
91986
91996
91999
92001
92003
92004
92006
92009
92010
92014
92015
92016
92017
92018
92019
92020
92021
92023
92024
92025
92039
92040
92044
92045
92048
92049
92052
92053
92054
92055
92056
92057
92058
92059
92060
92061
92062
92066
92069
92072
92076
92077
92078
92082
92083
92084
92085
92086
92088
92089
92090
92091
92093
92094
92095
92097
92101
92106
92107
92110
92113
92116
92118
92122
92129
92131
92132
92135
92136
92139
92141
92142
92152
92154
92158
92163
92165
92166
92167
92168
92169
92171
92174
92175
92177
92178
92179
92180
92186
92189
92190
92191
92201
92203
92205
92206
92207
92208
92211
92213
92215
92221
92223
92224
92226
92227
92232
92245
92247
92257
92266
92268
92273
92276
92280
92282
92294
92298
92306
92309
92310
92311
92313
92315
92316
92319
92321
92322
92323
92325
92326
92327
92330
92331
92332
92333
92336
92337
92339
92349
92350
92355
92360
92365
92366
92367
92370
92371
92374
92375
92379
92380
92381
92382
92383
92385
92387
92391
92392
92393
92395
92396
92398
92402
92403
92404
92406
92410
92411
92412
92414
92418
92419
92422
92423
92424
92436
92442
92445
92447
92449
92450
92452
92453
92458
92459
92462
92464
92467
92469
92470
92471
92473
92475
92478
92480
92484
92486
92487
92488
92489
92490
92491
92496
92497
92499
92504
92505
92507
92513
92514
92522
92523
92528
92529
92535
92538
92543
92544
92545
92546
92547
92550
92553
92554
92555
92557
92558
92564
92565
92570
92573
92574
92576
92578
92580
92581
92583
92586
92587
92588
92589
92591
92593
92598
92599
92600
92601
92602
92603
92604
92613
92621
92623
92629
92634
92636
92640
92643
92645
92646
92647
92651
92652
92653
92654
92656
92660
92664
92666
92667
92668
92669
92676
92678
92679
92680
92681
92682
92683
92684
92685
92687
92689
92690
92691
92693
92694
92696
92697
92700
92701
92702
92703
92705
92707
92709
92712
92713
92716
92718
92719
92724
92735
92738
92740
92743
92751
92755
92756
92760
92761
92768
92769
92770
92772
92775
92776
92777
92778
92783
92787
92791
92794
92795
92796
92797
92798
92799
92802
92804
92809
92813
92814
92815
92816
92817
92818
92820
92823
92826
92827
92829
92830
92834
92840
92854
92855
92856
92861
92863
92866
92875
92876
92881
92885
92889
92892
92895
92904
92907
92913
92914
92915
92918
92921
92924
92926
92929
92932
92933
92934
92935
92937
92944
92947
92957
92958
92960
92961
92964
92965
92968
92969
92970
92971
92972
92977
92978
92979
92980
92988
92991
92997
92998
93000
93001
93003
93009
93011
93012
93013
93014
93016
93021
93023
93028
93029
93033
93035
93037
93038
93040
93042
93046
93047
93053
93054
93055
93058
93060
93067
93068
93071
93076
93079
93080
93088
93093
93097
93098
93104
93106
93109
93112
93113
93115
93122
93127
93129
93132
93134
93138
93139
93141
93144
93145
93150
93156
93158
93162
93163
93164
93165
93166
93167
93168
93169
93176
93182
93187
93189
93193
93201
93202
93203
93206
93209
93210
93215
93216
93217
93222
93223
93225
93228
93230
93234
93242
93243
93244
93245
93248
93251
93255
93256
93266
93267
93269
93272
93274
93278
93279
93282
93283
93286
93288
93293
93294
93295
93296
93297
93300
93301
93305
93306
93308
93311
93313
93316
93317
93320
93321
93323
93327
93328
93330
93331
93332
93333
93334
93336
93337
93339
93341
93342
93343
93344
93345
93346
93347
93348
93349
93352
93353
93354
93355
93356
93357
93360
93361
93364
93365
93366
93367
93370
93372
93381
93384
93385
93386
93388
93395
93398
93400
93403
93406
93408
93410
93411
93412
93414
93416
93420
93428
93429
93433
93434
93435
93436
93439
93440
93443
93445
93446
93447
93448
93449
93450
93453
93458
93459
93462
93463
93464
93465
93466
93467
93469
93470
93476
93477
93478
93481
93483
93484
93490
93491
93493
93501
93502
93510
93512
93513
93515
93518
93520
93521
93522
93525
93526
93528
93529
93531
93532
93536
93537
93539
93541
93543
93547
93555
93556
93560
93561
93562
93566
93572
93576
93577
93579
93581
93582
93583
93589
93592
93593
93595
93596
93599
93600
93602
93603
93604
93605
93606
93608
93609
93610
93612
93614
93615
93617
93618
93619
93621
93623
93625
93628
93629
93632
93633
93634
93638
93640
93641
93645
93648
93649
93651
93653
93654
93659
93660
93661
93662
93664
93665
93667
93668
93669
93671
93674
93676
93677
93680
93681
93682
93683
93684
93685
93687
93690
93691
93692
93693
93694
93696
93697
93699
93700
93701
93702
93704
93706
93707
93708
93709
93710
93711
93712
93713
93715
93716
93719
93725
93726
93727
93730
93731
93732
93737
93738
93741
93742
93744
93745
93748
93750
93753
93754
93755
93756
93757
93758
93759
93760
93762
93763
93764
93767
93768
93773
93774
93775
93776
93777
93779
93780
93782
93783
93786
93789
93794
93796
93797
93800
93801
93806
93812
93813
93823
93825
93826
93828
93830
93832
93833
93834
93835
93836
93838
93839
93840
93842
93843
93844
93845
93846
93847
93851
93852
93853
93856
93857
93858
93860
93862
93863
93865
93866
93867
93868
93869
93870
93871
93872
93874
93875
93876
93877
93878
93879
93880
93881
93882
93883
93884
93886
93887
93888
93890
93891
93892
93893
93894
93895
93897
93898
93899
93900
93901
93902
93903
93904
93905
93907
93908
93911
93912
93913
93914
93918
93919
93920
93921
93922
93923
93924
93925
93927
93929
93931
93932
93933
93937
93938
93939
93941
93942
93943
93944
93945
93946
93947
93948
93949
93950
93953
93954
93955
93956
93958
93959
93960
93962
93963
93964
93965
93966
93967
93971
93973
93974
93975
93978
93979
93980
93982
93983
93984
93985
93986
93987
93988
93989
93993
93995
93996
93997
93998
93999
94000
94001
94003
94005
94006
94007
94009
94010
94011
94013
94015
94016
94017
94020
94021
94023
94024
94025
94027
94028
94030
94031
94033
94035
94036
94038
94041
94044
94046
94047
94049
94050
94052
94053
94054
94056
94057
94058
94059
94060
94061
94062
94065
94067
94069
94071
94072
94074
94075
94076
94077
94078
94080
94082
94084
94085
94086
94087
94088
94089
94090
94093
94094
94095
94097
94101
94103
94105
94106
94107
94108
94109
94110
94111
94114
94115
94116
94119
94120
94123
94128
94131
94132
94133
94136
94139
94143
94144
94145
94146
94150
94152
94153
94155
94156
94157
94158
94160
94161
94165
94167
94168
94169
94170
94171
94172
94174
94175
94176
94179
94181
94182
94183
94184
94185
94186
94187
94190
94194
94197
94198
94199
94200
94201
94202
94203
94204
94205
94209
94214
94215
94216
94224
94225
94226
94227
94228
94240
94243
94245
94246
94247
94248
94250
94253
94254
94256
94258
94260
94262
94264
94265
94269
94271
94273
94275
94276
94280
94281
94282
94285
94288
94289
94290
94291
94292
94294
94297
94300
94301
94304
94309
94310
94313
94314
94316
94319
94321
94324
94329
94332
94333
94334
94335
94336
94340
94342
94343
94344
94346
94347
94348
94349
94350
94351
94352
94353
94354
94355
94357
94358
94359
94361
94362
94364
94365
94366
94368
94369
94371
94372
94374
94375
94376
94377
94378
94379
94380
94381
94382
94387
94392
94393
94394
94396
94398
94400
94401
94402
94403
94404
94406
94407
94410
94411
94412
94413
94416
94417
94418
94420
94421
94422
94423
94424
94425
94427
94429
94431
94435
94437
94439
94441
94442
94445
94448
94450
94453
94459
94462
94463
94464
94467
94469
94470
94474
94481
94482
94483
94484
94496
94497
94498
94499
94500
94501
94503
94506
94507
94508
94510
94512
94515
94516
94517
94520
94522
94525
94526
94527
94528
94529
94532
94533
94535
94537
94539
94543
94545
94549
94550
94551
94553
94555
94556
94560
94561
94568
94572
94573
94574
94576
94580
94584
94587
94588
94589
94590
94591
94593
94595
94596
94598
94599
94600
94601
94602
94605
94607
94608
94610
94611
94612
94613
94615
94616
94617
94618
94619
94622
94623
94627
94628
94630
94632
94634
94636
94637
94638
94639
94640
94641
94642
94643
94647
94649
94650
94651
94655
94657
94658
94659
94660
94662
94664
94667
94668
94671
94672
94674
94675
94676
94679
94681
94683
94685
94686
94692
94693
94694
94695
94697
94702
94705
94706
94707
94708
94709
94710
94711
94712
94714
94716
94719
94720
94721
94722
94724
94729
94730
94732
94733
94735
94736
94738
94750
94752
94755
94758
94759
94760
94761
94763
94764
94767
94768
94769
94773
94774
94776
94777
94778
94780
94781
94783
94784
94787
94789
94791
94798
94800
94804
94805
94807
94811
94812
94817
94819
94821
94823
94824
94827
94830
94832
94833
94834
94836
94838
94839
94841
94846
94848
94850
94852
94853
94854
94855
94856
94857
94861
94862
94863
94864
94866
94868
94869
94870
94871
94874
94876
94877
94879
94881
94882
94883
94887
94889
94890
94891
94893
94894
94897
94900
94903
94904
94908
94909
94910
94911
94914
94918
94919
94920
94923
94924
94926
94927
94928
94937
94938
94939
94940
94941
94943
94944
94945
94948
94950
94951
94952
94953
94954
94955
94957
94958
94963
94970
94971
94974
94980
94981
94983
94984
94985
94986
94987
94988
94989
94994
94995
94996
94997
94998
94999
95003
95005
95008
95009
95010
95011
95013
95018
95020
95021
95022
95023
95026
95027
95028
95029
95030
95031
95032
95033
95034
95036
95037
95038
95040
95042
95043
95044
95045
95046
95047
95048
95049
95050
95051
95052
95053
95055
95056
95058
95059
95060
95061
95062
95063
95064
95065
95068
95069
95070
95071
95073
95074
95075
95076
95077
95078
95079
95080
95081
95082
95083
95084
95085
95086
95087
95088
95089
95090
95092
95093
95094
95095
95097
95098
95099
95100
95101
95102
95106
95107
95110
95111
95112
95113
95114
95116
95117
95120
95121
95122
95123
95124
95128
95129
95130
95131
95132
95133
95134
95135
95136
95138
95139
95140
95141
95142
95143
95144
95145
95148
95150
95151
95154
95155
95157
95159
95160
95161
95167
95168
95170
95171
95172
95173
95174
95176
95177
95178
95179
95181
95182
95183
95186
95187
95188
95189
95190
95191
95192
95193
95194
95196
95198
95201
95202
95205
95208
95209
95210
95211
95212
95213
95214
95215
95216
95219
95220
95221
95222
95223
95224
95225
95226
95227
95228
95229
95230
95231
95235
95236
95237
95238
95239
95241
95242
95243
95244
95245
95246
95247
95248
95249
95251
95252
95257
95258
95261
95263
95267
95272
95273
95276
95277
95280
95281
95285
95287
95288
95290
95291
95292
95293
95294
95295
95297
95301
95302
95305
95306
95307
95308
95309
95310
95311
95312
95313
95314
95315
95317
95319
95320
95321
95323
95324
95326
95327
95328
95329
95330
95331
95332
95333
95334
95336
95337
95338
95339
95345
95348
95349
95352
95353
95355
95356
95357
95358
95359
95361
95362
95365
95366
95367
95368
95369
95370
95371
95373
95374
95375
95377
95378
95381
95383
95384
95386
95387
95389
95396
95400
95404
95406
95407
95408
95411
95415
95417
95419
95420
95421
95422
95424
95425
95426
95427
95428
95432
95433
95434
95435
95438
95440
95442
95443
95444
95445
95446
95447
95453
95454
95455
95456
95457
95458
95460
95461
95463
95465
95466
95469
95470
95471
95472
95473
95475
95477
95478
95479
95480
95481
95488
95489
95490
95491
95492
95493
95494
95495
95497
95499
95501
95503
95505
95506
95509
95511
95512
95513
95517
95518
95521
95522
95526
95527
95529
95532
95533
95535
95536
95539
95543
95546
95547
95548
95549
95551
95552
95555
95556
95557
95558
95559
95560
95561
95564
95565
95568
95569
95570
95571
95572
95574
95575
95577
95578
95581
95582
95583
95585
95586
95589
95593
95594
95595
95597
95599
95600
95601
95603
95604
95605
95608
95609
95611
95612
95614
95615
95616
95617
95618
95619
95620
95623
95624
95626
95627
95630
95632
95639
95640
95641
95642
95647
95649
95650
95652
95655
95656
95657
95658
95659
95661
95663
95664
95666
95667
95669
95671
95672
95673
95675
95681
95690
95694
95696
95697
95699
95702
95714
95716
95724
95730
95734
95735
95736
95738
95741
95745
95749
95753
95760
95766
95767
95768
95775
95776
95778
95782
95786
95787
95790
95793
95799
95804
95806
95809
95813
95819
95826
95829
95831
95843
95844
95845
95846
95848
95850
95852
95854
95858
95864
95866
95867
95871
95872
95884
95885
95889
95893
95896
95898
95899
95900
95917
95921
95926
95931
95932
95938
95941
95944
95945
95947
95949
95953
95955
95957
95959
95963
95964
95967
95970
95971
95972
95974
95976
95977
95978
95981
95983
95992
95993
95995
95996
95997
95998
96001
96002
96010
96011
96012
96013
96014
96016
96018
96019
96020
96022
96024
96025
96026
96027
96028
96029
96031
96032
96034
96036
96037
96038
96040
96041
96042
96043
96044
96045
96046
96053
96054
96055
96057
96058
96061
96062
96065
96067
96068
96070
96073
96074
96075
96078
96080
96083
96084
96087
96088
96089
96090
96091
96092
96093
96094
96096
96097
96098
96100
96104
96105
96107
96108
96109
96110
96113
96115
96116
96117
96118
96119
96122
96123
96125
96126
96127
96128
96129
96132
96134
96136
96137
96138
96140
96143
96145
96147
96148
96149
96151
96153
96155
96156
96159
96160
96161
96162
96163
96164
96165
96166
96167
96169
96170
96171
96173
96177
96178
96179
96181
96182
96183
96185
96187
96188
96189
96190
96191
96192
96193
96194
96195
96196
96197
96200
96201
96203
96204
96205
96206
96207
96208
96209
96213
96214
96215
96216
96218
96219
96220
96221
96222
96228
96229
96237
96238
96239
96241
96242
96243
96244
96246
96248
96249
96250
96251
96252
96253
96256
96257
96258
96259
96260
96264
96265
96267
96268
96269
96270
96272
96274
96276
96277
96279
96280
96283
96284
96286
96287
96288
96289
96290
96292
96294
96295
96296
96297
96298
96300
96301
96302
96303
96304
96305
96306
96307
96309
96310
96311
96312
96313
96315
96318
96319
96320
96321
96322
96323
96324
96326
96327
96328
96329
96330
96331
96332
96334
96336
96337
96338
96340
96343
96344
96345
96346
96347
96352
96353
96355
96356
96357
96358
96359
96360
96361
96362
96363
96367
96369
96370
96371
96372
96374
96377
96379
96381
96385
96387
96388
96390
96393
96394
96402
96404
96405
96407
96409
96410
96411
96412
96413
96415
96416
96417
96418
96419
96420
96421
96422
96423
96424
96426
96427
96428
96429
96430
96431
96432
96435
96436
96437
96438
96439
96440
96442
96443
96444
96446
96449
96450
96451
96452
96453
96456
96457
96458
96459
96460
96461
96462
96463
96465
96466
96467
96470
96472
96473
96476
96477
96478
96479
96480
96481
96482
96483
96484
96485
96486
96487
96488
96489
96490
96491
96492
96494
96496
96497
96498
96499
96502
96503
96504
96505
96506
96507
96508
96511
96514
96515
96516
96517
96518
96519
96520
96521
96522
96524
96525
96526
96527
96531
96533
96535
96537
96538
96539
96540
96541
96543
96544
96546
96547
96551
96552
96554
96555
96556
96557
96558
96559
96560
96562
96563
96564
96565
96566
96567
96568
96569
96570
96571
96572
96573
96574
96576
96577
96578
96580
96581
96582
96583
96584
96585
96586
96587
96588
96589
96593
96594
96595
96598
96600
96602
96603
96604
96605
96606
96607
96608
96609
96610
96611
96615
96616
96617
96618
96619
96620
96621
96622
96623
96624
96625
96626
96628
96629
96631
96633
96635
96636
96637
96638
96639
96640
96641
96642
96643
96644
96645
96646
96647
96648
96649
96651
96652
96653
96654
96655
96656
96657
96658
96659
96660
96661
96662
96663
96664
96665
96666
96667
96668
96669
96670
96671
96672
96674
96675
96676
96678
96679
96681
96684
96685
96686
96688
96690
96691
96692
96693
96694
96698
96699
96700
96701
96702
96704
96706
96707
96709
96710
96711
96713
96715
96716
96717
96718
96719
96720
96722
96724
96726
96727
96728
96731
96734
96735
96736
96737
96738
96739
96740
96742
96743
96744
96745
96747
96748
96749
96750
96751
96752
96753
96754
96755
96756
96758
96759
96760
96761
96762
96763
96765
96767
96768
96769
96771
96772
96773
96774
96775
96777
96779
96780
96781
96782
96783
96784
96785
96786
96789
96790
96791
96792
96793
96794
96795
96796
96797
96798
96799
96800
96801
96803
96804
96808
96809
96810
96814
96816
96817
96819
96820
96822
96823
96824
96826
96827
96828
96830
96831
96832
96833
96834
96835
96836
96837
96838
96840
96842
96843
96845
96846
96847
96848
96849
96851
96853
96854
96855
96857
96858
96860
96861
96863
96864
96866
96867
96868
96869
96870
96871
96872
96873
96875
96878
96879
96880
96882
96883
96884
96886
96889
96891
96893
96894
96896
96898
96899
96900
96901
96902
96903
96904
96905
96906
96907
96909
96910
96912
96913
96915
96916
96917
96918
96919
96920
96921
96924
96925
96927
96928
96929
96930
96931
96933
96934
96938
96939
96940
96942
96944
96945
96946
96948
96949
96950
96951
96952
96954
96956
96959
96960
96961
96965
96967
96968
96970
96971
96972
96973
96974
96975
96977
96978
96979
96980
96981
96982
96984
96985
96986
96987
96988
96989
96990
96994
96995
96997
96998
96999
97000
97001
97003
97004
97005
97006
97008
97009
97010
97011
97013
97014
97015
97016
97018
97019
97020
97022
97023
97024
97025
97028
97029
97030
97032
97033
97035
97037
97038
97039
97040
97041
97043
97044
97045
97046
97047
97048
97049
97050
97052
97054
97055
97056
97058
97060
97061
97062
97063
97064
97065
97066
97067
97068
97069
97071
97072
97073
97074
97075
97076
97077
97078
97079
97080
97081
97082
97083
97084
97085
97086
97087
97088
97089
97090
97091
97092
97093
97094
97095
97096
97097
97098
97100
97101
97102
97103
97104
97106
97108
97109
97110
97111
97113
97114
97115
97118
97120
97121
97122
97123
97124
97125
97126
97127
97130
97131
97135
97136
97137
97138
97140
97143
97144
97145
97146
97147
97148
97149
97150
97151
97152
97153
97154
97155
97157
97159
97160
97161
97162
97164
97165
97166
97169
97170
97171
97173
97174
97175
97176
97177
97179
97180
97182
97184
97185
97187
97188
97189
97191
97192
97195
97196
97199
97200
97201
97202
97206
97207
97208
97209
97210
97211
97212
97213
97214
97215
97216
97217
97218
97219
97220
97221
97222
97223
97224
97225
97226
97227
97228
97230
97231
97232
97233
97234
97236
97237
97238
97239
97240
97243
97244
97245
97246
97248
97249
97250
97251
97252
97253
97254
97255
97256
97257
97258
97259
97260
97261
97262
97263
97264
97265
97266
97268
97269
97270
97271
97273
97274
97275
97276
97277
97278
97279
97280
97281
97282
97283
97284
97288
97289
97292
97293
97294
97296
97297
97298
97300
97301
97302
97303
97304
97305
97306
97307
97308
97309
97310
97312
97314
97315
97317
97318
97319
97320
97322
97323
97324
97325
97326
97327
97328
97329
97330
97331
97332
97333
97334
97335
97336
97337
97339
97341
97342
97343
97344
97346
97348
97349
97350
97351
97352
97355
97356
97357
97358
97359
97361
97362
97363
97364
97365
97368
97369
97371
97372
97373
97375
97377
97378
97379
97380
97381
97382
97383
97384
97385
97386
97387
97388
97389
97390
97391
97392
97393
97395
97396
97397
97398
97399
97400
97401
97402
97403
97404
97405
97406
97407
97408
97409
97410
97411
97412
97413
97414
97415
97416
97417
97418
97422
97423
97425
97426
97427
97428
97429
97430
97432
97434
97435
97436
97437
97439
97440
97441
97442
97444
97445
97446
97447
97448
97449
97450
97451
97452
97453
97454
97455
97457
97458
97460
97461
97462
97464
97467
97468
97470
97471
97472
97473
97474
97475
97476
97478
97479
97480
97483
97484
97485
97486
97487
97488
97489
97491
97492
97495
97496
97498
97499
97500
97501
97502
97504
97507
97510
97511
97512
97513
97514
97515
97516
97517
97520
97521
97522
97524
97525
97526
97527
97528
97529
97531
97532
97534
97536
97538
97539
97540
97542
97543
97544
97545
97547
97548
97549
97550
97551
97552
97553
97554
97555
97556
97557
97559
97560
97562
97563
97564
97566
97567
97568
97569
97570
97571
97572
97573
97574
97575
97576
97577
97579
97580
97581
97582
97583
97584
97585
97586
97587
97589
97590
97591
97592
97593
97594
97595
97596
97597
97598
97599
97601
97602
97605
97606
97607
97609
97611
97612
97613
97614
97615
97616
97618
97619
97620
97622
97623
97624
97626
97628
97631
97636
97638
97639
97640
97642
97643
97644
97645
97647
97648
97649
97652
97653
97654
97655
97656
97657
97658
97659
97660
97661
97662
97663
97665
97667
97668
97670
97672
97674
97675
97676
97677
97678
97679
97680
97681
97682
97685
97687
97688
97689
97690
97691
97692
97693
97695
97696
97698
97699
97700
97701
97702
97703
97704
97705
97706
97707
97708
97711
97712
97713
97714
97715
97716
97717
97718
97720
97721
97722
97724
97726
97727
97728
97729
97730
97731
97732
97735
97736
97737
97738
97739
97740
97741
97742
97743
97744
97745
97746
97747
97749
97751
97752
97753
97754
97757
97758
97759
97760
97762
97763
97764
97765
97767
97768
97769
97770
97771
97772
97773
97774
97775
97776
97777
97778
97779
97780
97781
97782
97783
97784
97785
97786
97787
97788
97790
97791
97792
97796
97797
97800
97801
97802
97803
97804
97805
97806
97807
97808
97812
97814
97816
97818
97820
97821
97823
97824
97825
97826
97828
97829
97830
97831
97832
97833
97834
97835
97836
97837
97838
97839
97842
97843
97844
97845
97846
97847
97848
97849
97850
97851
97852
97856
97858
97859
97860
97861
97863
97864
97865
97868
97869
97870
97872
97874
97875
97876
97877
97878
97880
97881
97882
97883
97886
97887
97888
97889
97890
97891
97892
97894
97895
97896
97897
97899
97900
97902
97904
97906
97907
97910
97911
97915
97916
97919
97921
97923
97925
97926
97928
97929
97930
97931
97932
97934
97935
97936
97941
97943
97944
97945
97946
97947
97949
97950
97951
97952
97953
97954
97955
97956
97958
97959
97960
97961
97962
97963
97964
97966
97967
97969
97971
97972
97975
97978
97979
97980
97983
97984
97985
97990
97992
97995
97996
97997
97998
98000
98001
98002
98003
98004
98005
98006
98010
98012
98015
98017
98018
98020
98022
98023
98024
98025
98028
98029
98030
98032
98034
98036
98037
98038
98039
98040
98043
98044
98045
98047
98048
98049
98051
98053
98054
98055
98056
98057
98058
98059
98064
98065
98066
98067
98068
98069
98070
98073
98075
98077
98078
98079
98080
98081
98082
98083
98085
98086
98089
98090
98091
98093
98094
98095
98097
98098
98099
98100
98101
98102
98104
98105
98106
98107
98108
98109
98111
98112
98114
98116
98117
98118
98119
98120
98121
98123
98124
98125
98126
98129
98130
98131
98132
98133
98134
98135
98136
98137
98138
98140
98146
98147
98148
98149
98150
98151
98152
98153
98156
98158
98159
98160
98161
98162
98165
98166
98167
98169
98170
98171
98172
98175
98176
98177
98180
98181
98182
98183
98185
98186
98187
98188
98191
98192
98193
98194
98195
98196
98197
98198
98199
98200
98201
98202
98203
98204
98205
98206
98207
98208
98210
98211
98212
98213
98214
98215
98216
98218
98220
98222
98224
98225
98228
98229
98230
98231
98233
98234
98235
98236
98239
98240
98244
98245
98246
98247
98249
98251
98252
98254
98255
98256
98257
98259
98260
98261
98263
98264
98265
98266
98267
98269
98271
98272
98275
98277
98278
98279
98280
98281
98282
98283
98285
98286
98287
98288
98289
98290
98291
98292
98293
98295
98296
98297
98298
98299
98300
98301
98302
98304
98305
98306
98307
98308
98309
98310
98311
98312
98313
98314
98315
98316
98317
98318
98320
98321
98322
98323
98324
98325
98326
98327
98328
98329
98330
98331
98332
98333
98334
98335
98336
98337
98338
98339
98340
98341
98343
98344
98347
98350
98351
98352
98356
98357
98358
98359
98360
98361
98362
98363
98364
98365
98366
98368
98369
98370
98371
98372
98373
98374
98376
98377
98378
98379
98382
98383
98384
98385
98386
98387
98388
98390
98391
98392
98393
98394
98397
98398
98399
98401
98402
98403
98404
98405
98406
98407
98408
98411
98413
98414
98415
98416
98417
98418
98419
98421
98422
98423
98424
98425
98428
98430
98431
98432
98434
98435
98436
98438
98439
98441
98443
98444
98445
98449
98451
98452
98453
98456
98457
98458
98459
98460
98462
98463
98468
98469
98470
98472
98473
98474
98475
98476
98477
98478
98480
98481
98482
98483
98486
98487
98488
98490
98491
98492
98493
98494
98496
98498
98499
98500
98501
98502
98503
98505
98506
98507
98508
98509
98510
98514
98515
98518
98520
98522
98523
98524
98525
98526
98528
98529
98530
98536
98537
98538
98540
98541
98542
98544
98548
98551
98552
98555
98556
98557
98559
98560
98561
98563
98564
98565
98566
98567
98569
98570
98571
98573
98574
98575
98577
98580
98581
98583
98584
98586
98587
98588
98589
98592
98594
98596
98597
98598
98600
98601
98602
98603
98604
98605
98606
98611
98612
98613
98617
98619
98621
98622
98623
98624
98625
98626
98631
98632
98635
98636
98638
98639
98642
98643
98644
98646
98647
98649
98650
98652
98655
98656
98657
98658
98659
98660
98661
98662
98663
98664
98665
98669
98670
98671
98673
98676
98677
98678
98679
98680
98681
98682
98685
98686
98688
98689
98691
98694
98695
98696
98697
98698
98699
98701
98704
98706
98709
98710
98711
98712
98713
98714
98715
98716
98717
98718
98720
98721
98722
98724
98725
98726
98727
98728
98729
98731
98732
98733
98734
98736
98737
98738
98739
98740
98741
98742
98743
98744
98745
98746
98747
98748
98749
98750
98751
98752
98753
98754
98755
98756
98758
98759
98760
98762
98765
98766
98767
98768
98769
98770
98771
98772
98773
98776
98782
98783
98785
98791
98792
98795
98797
98798
98800
98801
98805
98808
98809
98812
98813
98814
98816
98817
98818
98819
98820
98821
98823
98824
98826
98827
98830
98832
98833
98834
98837
98838
98839
98840
98841
98842
98843
98844
98846
98847
98849
98850
98851
98852
98853
98855
98858
98859
98860
98861
98862
98863
98864
98865
98866
98869
98870
98871
98872
98873
98874
98876
98877
98878
98879
98880
98881
98882
98883
98886
98887
98888
98889
98890
98891
98893
98895
98897
98899
98900
98901
98902
98903
98904
98905
98906
98907
98908
98910
98912
98916
98917
98918
98919
98921
98922
98923
98924
98925
98926
98927
98929
98930
98932
98933
98934
98935
98937
98938
98939
98940
98941
98944
98945
98946
98947
98948
98950
98951
98952
98953
98954
98955
98956
98957
98958
98959
98960
98961
98962
98963
98964
98965
98966
98967
98968
98969
98970
98971
98973
98974
98975
98976
98977
98978
98979
98980
98981
98984
98985
98986
98987
98988
98989
98990
98991
98992
98993
98994
98995
98996
98997
98998
98999
99000
99001
99002
99003
99004
99005
99006
99007
99008
99009
99012
99013
99014
99016
99017
99018
99019
99020
99021
99022
99023
99025
99026
99027
99029
99030
99032
99033
99035
99036
99037
99038
99040
99042
99043
99045
99046
99047
99048
99049
99050
99051
99053
99054
99055
99056
99058
99059
99060
99061
99062
99063
99064
99065
99066
99067
99068
99069
99070
99071
99072
99073
99074
99075
99076
99077
99078
99079
99080
99081
99082
99083
99084
99086
99087
99088
99089
99090
99092
99093
99094
99095
99096
99098
99100
99103
99105
99106
99107
99108
99109
99110
99111
99113
99114
99115
99117
99118
99119
99120
99121
99122
99123
99126
99127
99128
99129
99131
99132
99133
99136
99137
99138
99139
99141
99145
99146
99147
99148
99151
99152
99154
99155
99156
99158
99161
99162
99163
99164
99166
99169
99174
99176
99177
99179
99180
99185
99187
99188
99189
99190
99191
99193
99196
99198
99199
99200
99202
99205
99207
99208
99210
99211
99212
99213
99215
99216
99217
99218
99220
99221
99222
99223
99224
99225
99227
99228
99229
99232
99233
99234
99235
99237
99239
99240
99245
99248
99249
99250
99252
99253
99254
99255
99256
99257
99258
99259
99261
99263
99265
99266
99267
99268
99271
99272
99273
99274
99275
99276
99277
99278
99279
99280
99281
99282
99284
99285
99286
99287
99289
99290
99291
99292
99294
99295
99296
99297
99298
99301
99302
99303
99304
99305
99307
99309
99310
99313
99318
99319
99320
99321
99322
99323
99324
99325
99328
99329
99330
99331
99332
99334
99335
99336
99337
99338
99340
99341
99342
99343
99345
99346
99347
99348
99349
99350
99355
99356
99357
99359
99360
99362
99363
99364
99366
99367
99368
99369
99370
99371
99376
99377
99378
99379
99381
99382
99383
99384
99385
99386
99387
99388
99389
99390
99391
99393
99394
99395
99396
99397
99398
99399
99400
99401
99402
99403
99404
99405
99406
99407
99408
99409
99410
99411
99412
99413
99414
99415
99418
99419
99420
99422
99423
99424
99425
99426
99427
99428
99430
99431
99433
99436
99437
99439
99440
99441
99442
99444
99445
99447
99448
99449
99451
99452
99453
99454
99455
99456
99457
99460
99461
99463
99465
99467
99468
99469
99473
99474
99476
99477
99479
99480
99481
99482
99484
99485
99489
99490
99493
99494
99496
99499
99501
99502
99503
99504
99505
99506
99508
99510
99511
99512
99513
99515
99516
99517
99518
99519
99520
99521
99527
99536
99539
99540
99541
99542
99544
99545
99548
99549
99552
99553
99554
99555
99557
99558
99565
99568
99574
99579
99581
99582
99583
99584
99593
99594
99597
99598
99599
99602
99603
99605
99606
99607
99609
99612
99614
99617
99618
99619
99621
99622
99624
99625
99626
99627
99629
99630
99633
99634
99635
99637
99638
99643
99646
99649
99650
99652
99653
99654
99655
99658
99659
99660
99664
99665
99666
99667
99668
99669
99672
99676
99677
99679
99681
99682
99683
99684
99690
99691
99694
99696
99697
99700
99702
99704
99705
99706
99708
99709
99711
99713
99714
99716
99719
99723
99727
99728
99729
99735
99736
99737
99739
99740
99741
99742
99743
99744
99745
99746
99748
99750
99753
99754
99758
99760
99762
99764
99768
99775
99783
99784
99785
99787
99792
99793
99798
99801
99804
99806
99807
99809
99812
99816
99817
99819
99820
99821
99822
99824
99825
99828
99832
99833
99837
99840
99841
99848
99851
99853
99854
99856
99861
99862
99863
99864
99866
99869
99870
99875
99877
99883
99885
99911
99915
99917
99924
99926
99930
99935
99939
99940
99944
99945
99947
99951
99952
99953
99955
99957
99959
99960
99962
99964
99965
99966
99970
99972
99973
99974
99975
99977
99980
99981
99984
99985
99988
99989
99993
99998
100000
100002
100003
100005
100007
100009
100013
100017
100019
100021
100022
100031
100033
100034
100036
100040
100045
100046
100051
100052
100054
100056
100057
100058
100059
100061
100062
100065
100066
100067
100068
100069
100070
100073
100075
100077
100083
100087
100097
100098
100099
100105
100106
100109
100110
100111
100113
100114
100121
100122
100123
100125
100130
100131
100132
100133
100134
100135
100136
100137
100138
100139
100140
100141
100147
100148
100149
100158
100159
100161
100164
100166
100168
100174
100175
100176
100178
100179
100180
100182
100185
100186
100187
100188
100191
100192
100194
100195
100196
100197
100203
100204
100205
100206
100207
100209
100210
100211
100212
100213
100215
100217
100224
100225
100228
100230
100231
100232
100234
100235
100237
100243
100245
100248
100251
100253
100254
100255
100258
100266
100271
100274
100278
100279
100281
100282
100283
100284
100285
100286
100287
100292
100293
100294
100295
100298
100301
100302
100304
100305
100306
100309
100311
100314
100316
100317
100318
100319
100323
100324
100326
100332
100333
100334
100335
100338
100339
100340
100341
100342
100345
100347
100349
100350
100351
100352
100353
100354
100355
100356
100357
100358
100360
100362
100364
100366
100368
100373
100375
100376
100377
100378
100381
100386
100388
100397
100400
100403
100410
100411
100414
100416
100419
100421
100423
100424
100426
100428
100429
100435
100436
100437
100441
100442
100446
100448
100450
100451
100452
100454
100462
100463
100464
100465
100467
100471
100474
100475
100476
100479
100480
100482
100485
100490
100491
100493
100500
100505
100507
100528
100530
100534
100535
100539
100547
100549
100552
100557
100560
100561
100562
100564
100565
100566
100579
100580
100581
100583
100585
100586
100594
100595
100596
100597
100598
100603
100604
100606
100608
100609
100612
100616
100620
100621
100623
100624
100628
100629
100630
100634
100638
100640
100641
100642
100648
100649
100651
100652
100655
100656
100657
100658
100662
100663
100664
100667
100671
100676
100678
100679
100684
100689
100692
100700
100701
100702
100703
100705
100708
100717
100718
100719
100722
100723
100725
100729
100735
100737
100739
100743
100744
100753
100754
100755
100760
100761
100767
100773
100776
100779
100781
100782
100783
100785
100786
100788
100791
100796
100797
100798
100799
100800
100802
100804
100805
100806
100807
100810
100814
100815
100819
100821
100836
100837
100844
100846
100851
100853
100854
100861
100862
100863
100864
100865
100868
100874
100875
100876
100878
100880
100884
100887
100893
100897
100901
100917
100918
100921
100930
100931
100932
100933
100938
100943
100947
100951
100952
100956
100962
100963
100966
100967
100968
100969
100970
100971
100972
100973
100974
100976
100977
100978
100979
100980
100981
100984
100985
100989
100990
100992
100993
100994
100995
100996
100997
100998
100999
101001
101003
101006
101009
101010
101011
101012
101015
101016
101017
101018
101020
101025
101026
101028
101033
101038
101040
101044
101045
101046
101049
101051
101054
101056
101057
101060
101062
101063
101068
101073
101074
101078
101079
101080
101081
101086
101087
101089
101090
101091
101092
101095
101099
101101
101105
101106
101107
101108
101112
101113
101114
101118
101120
101121
101124
101130
101133
101135
101137
101138
101141
101144
101145
101146
101148
101149
101155
101161
101162
101165
101167
101169
101170
101172
101173
101177
101179
101181
101183
101184
101188
101190
101193
101196
101197
101199
101201
101203
101204
101209
101212
101213
101214
101217
101218
101224
101225
101230
101231
101240
101242
101243
101246
101247
101251
101254
101256
101257
101259
101260
101261
101265
101270
101271
101272
101277
101279
101282
101284
101286
101288
101291
101293
101296
101298
101299
101300
101301
101303
101304
101305
101306
101310
101311
101313
101316
101317
101318
101320
101322
101323
101325
101326
101327
101331
101332
101334
101335
101337
101338
101339
101340
101341
101343
101344
101345
101346
101347
101348
101350
101351
101352
101353
101354
101355
101357
101358
101359
101360
101362
101363
101364
101365
101367
101371
101372
101373
101376
101377
101378
101380
101383
101384
101385
101388
101389
101392
101393
101396
101397
101398
101401
101403
101405
101406
101408
101411
101413
101415
101416
101418
101419
101424
101425
101426
101427
101429
101430
101432
101433
101434
101435
101437
101438
101439
101444
101448
101449
101451
101452
101453
101454
101456
101460
101461
101462
101464
101467
101468
101470
101471
101474
101475
101476
101479
101482
101484
101485
101486
101488
101489
101490
101491
101492
101495
101496
101497
101499
101501
101502
101503
101504
101505
101507
101509
101512
101513
101515
101516
101517
101519
101520
101521
101523
101524
101525
101526
101528
101529
101530
101531
101533
101534
101535
101537
101539
101541
101542
101543
101546
101547
101548
101549
101550
101551
101552
101553
101554
101555
101558
101559
101560
101562
101565
101566
101567
101570
101572
101573
101574
101575
101576
101578
101579
101580
101581
101583
101584
101586
101587
101588
101589
101590
101591
101593
101595
101598
101600
101601
101604
101605
101606
101607
101609
101610
101612
101613
101614
101615
101617
101618
101619
101622
101624
101626
101627
101628
101636
101637
101640
101642
101643
101644
101645
101647
101648
101649
101652
101653
101654
101657
101659
101660
101661
101662
101663
101664
101666
101667
101669
101670
101672
101674
101675
101676
101678
101679
101681
101682
101685
101686
101687
101688
101689
101691
101692
101693
101694
101695
101696
101697
101698
101699
101700
101701
101702
101703
101706
101707
101708
101709
101711
101712
101713
101715
101716
101718
101719
101720
101721
101722
101723
101725
101726
101727
101728
101729
101730
101731
101734
101735
101736
101737
101738
101740
101742
101743
101744
101745
101746
101747
101749
101754
101755
101758
101761
101762
101764
101765
101767
101770
101773
101774
101776
101779
101783
101785
101787
101789
101790
101791
101792
101796
101800
101801
101805
101806
101808
101812
101814
101816
101817
101818
101819
101820
101822
101823
101824
101826
101827
101829
101832
101835
101836
101838
101839
101842
101843
101844
101846
101848
101852
101855
101858
101860
101866
101873
101875
101877
101879
101880
101883
101886
101889
101891
101892
101896
101897
101898
101900
101901
101904
101905
101911
101912
101914
101916
101921
101922
101924
101926
101927
101928
101934
101935
101936
101937
101938
101939
101941
101947
101949
101954
101955
101961
101962
101963
101964
101966
101967
101968
101974
101975
101976
101977
101978
101979
101980
101983
101984
101985
101986
101987
101989
101990
101992
101993
101994
101995
101996
101997
101998
101999
102000
102001
102002
102003
102004
102005
102009
102011
102012
102013
102015
102019
102020
102022
102023
102024
102025
102026
102027
102028
102029
102030
102031
102035
102036
102038
102039
102040
102043
102044
102045
102046
102048
102049
102050
102051
102052
102053
102054
102055
102056
102057
102059
102061
102062
102063
102064
102067
102068
102071
102072
102073
102074
102077
102078
102082
102087
102090
102093
102099
102100
102101
102103
102105
102106
102107
102110
102112
102113
102114
102115
102116
102117
102120
102124
102128
102130
102132
102133
102134
102136
102137
102140
102143
102147
102149
102150
102151
102152
102157
102158
102160
102167
102168
102169
102177
102178
102181
102182
102183
102185
102186
102187
102188
102190
102191
102197
102202
102204
102209
102210
102211
102212
102213
102217
102218
102220
102222
102224
102226
102227
102229
102230
102231
102234
102235
102239
102240
102241
102242
102243
102246
102247
102249
102251
102253
102255
102258
102262
102266
102269
102273
102274
102275
102277
102279
102282
102283
102285
102286
102288
102289
102290
102291
102292
102293
102294
102296
102298
102300
102301
102302
102304
102306
102307
102308
102309
102310
102316
102317
102318
102319
102321
102322
102325
102330
102331
102332
102333
102336
102338
102339
102342
102345
102346
102347
102348
102350
102351
102352
102353
102354
102356
102357
102359
102360
102361
102365
102366
102370
102371
102373
102377
102383
102384
102386
102387
102388
102390
102394
102396
102398
102408
102409
102411
102416
102417
102418
102419
102422
102424
102425
102427
102428
102432
102434
102435
102438
102440
102441
102442
102443
102446
102447
102448
102449
102450
102452
102453
102457
102458
102459
102461
102462
102463
102468
102470
102471
102472
102476
102478
102480
102485
102486
102492
102494
102497
102499
102500
102501
102503
102504
102505
102506
102507
102509
102511
102513
102514
102515
102516
102517
102518
102520
102521
102523
102524
102526
102527
102528
102529
102530
102531
102532
102536
102539
102548
102549
102550
102551
102555
102557
102562
102565
102567
102568
102569
102570
102571
102572
102573
102574
102578
102579
102588
102589
102590
102592
102596
102599
102600
102601
102603
102605
102608
102610
102611
102612
102619
102622
102625
102631
102634
102635
102636
102637
102638
102640
102641
102645
102646
102648
102649
102654
102655
102656
102657
102659
102660
102661
102663
102664
102666
102669
102670
102672
102673
102675
102676
102678
102680
102681
102682
102683
102684
102686
102688
102691
102693
102694
102695
102696
102697
102699
102700
102701
102703
102704
102705
102707
102708
102711
102712
102713
102716
102717
102718
102719
102720
102722
102724
102725
102726
102727
102728
102729
102730
102731
102733
102734
102735
102736
102737
102738
102739
102740
102741
102742
102743
102744
102745
102746
102747
102748
102750
102751
102752
102753
102755
102757
102758
102760
102761
102763
102764
102765
102766
102768
102772
102773
102775
102776
102777
102778
102779
102780
102781
102782
102783
102784
102791
102792
102793
102794
102797
102798
102799
102800
102801
102802
102803
102804
102805
102806
102811
102812
102813
102817
102818
102819
102820
102821
102823
102824
102825
102827
102828
102830
102831
102832
102833
102834
102836
102837
102839
102840
102841
102842
102844
102845
102846
102848
102850
102851
102854
102855
102857
102858
102859
102860
102861
102862
102863
102864
102865
102867
102869
102870
102871
102874
102875
102876
102877
102879
102881
102882
102883
102884
102886
102887
102888
102889
102890
102891
102892
102893
102894
102895
102896
102897
102898
102899
102900
102901
102902
102903
102905
102906
102912
102913
102916
102918
102919
102920
102923
102924
102927
102928
102929
102931
102933
102935
102936
102937
102938
102939
102940
102941
102943
102947
102948
102949
102950
102953
102954
102955
102956
102957
102960
102961
102962
102963
102964
102965
102966
102967
102968
102969
102971
102972
102975
102977
102978
102979
102980
102981
102982
102984
102985
102986
102987
102988
102989
102990
102991
102993
102995
102996
102998
102999
103001
103002
103004
103005
103006
103009
103010
103011
103014
103015
103017
103018
103020
103021
103022
103023
103024
103025
103026
103028
103029
103030
103031
103032
103033
103034
103035
103038
103039
103047
103050
103051
103056
103058
103060
103061
103062
103064
103065
103066
103067
103068
103071
103072
103073
103075
103076
103077
103079
103081
103084
103085
103086
103087
103088
103093
103094
103096
103098
103101
103102
103103
103106
103108
103109
103112
103114
103116
103117
103118
103122
103123
103124
103127
103128
103129
103130
103131
103132
103133
103134
103135
103137
103138
103140
103142
103143
103144
103145
103146
103147
103149
103150
103151
103152
103153
103156
103158
103159
103160
103161
103162
103163
103165
103166
103168
103170
103172
103173
103175
103179
103180
103181
103183
103186
103188
103190
103191
103198
103199
103200
103201
103203
103204
103206
103208
103209
103210
103212
103214
103215
103217
103218
103219
103221
103222
103224
103226
103228
103231
103232
103233
103234
103236
103237
103240
103242
103243
103247
103248
103249
103251
103255
103258
103259
103260
103261
103262
103263
103266
103267
103269
103271
103272
103274
103276
103280
103283
103286
103287
103289
103290
103291
103293
103298
103299
103300
103301
103304
103305
103308
103309
103311
103312
103314
103315
103316
103317
103318
103320
103324
103326
103327
103330
103333
103336
103341
103342
103347
103348
103351
103353
103356
103357
103360
103361
103368
103372
103375
103378
103379
103380
103382
103383
103390
103395
103396
103399
103401
103405
103410
103413
103422
103423
103426
103427
103428
103429
103435
103437
103438
103440
103443
103444
103445
103447
103448
103450
103457
103461
103462
103465
103467
103474
103477
103478
103482
103484
103485
103487
103488
103490
103493
103494
103495
103497
103501
103503
103506
103508
103509
103513
103515
103517
103520
103522
103525
103531
103532
103534
103544
103545
103547
103548
103558
103559
103570
103581
103583
103592
103595
103596
103598
103599
103600
103602
103604
103605
103606
103609
103610
103611
103614
103620
103621
103625
103628
103632
103633
103636
103639
103640
103641
103642
103643
103644
103647
103649
103650
103651
103653
103657
103658
103660
103662
103663
103664
103665
103667
103671
103673
103675
103676
103677
103678
103684
103685
103686
103687
103688
103689
103694
103695
103696
103697
103698
103701
103704
103705
103706
103707
103708
103709
103711
103713
103714
103715
103718
103719
103722
103724
103727
103729
103730
103731
103732
103735
103739
103741
103742
103744
103746
103747
103748
103749
103753
103756
103757
103759
103761
103762
103763
103766
103767
103768
103769
103774
103776
103777
103778
103780
103782
103784
103785
103786
103787
103788
103791
103796
103797
103798
103799
103800
103801
103802
103803
103804
103805
103806
103811
103812
103813
103814
103815
103816
103817
103818
103820
103822
103824
103825
103826
103828
103829
103830
103831
103833
103834
103835
103837
103838
103839
103840
103841
103842
103843
103844
103845
103846
103847
103849
103851
103852
103855
103857
103858
103859
103860
103861
103862
103864
103866
103867
103868
103869
103870
103872
103873
103877
103878
103879
103880
103881
103882
103883
103887
103888
103890
103891
103894
103896
103897
103898
103899
103900
103901
103902
103905
103906
103908
103909
103910
103913
103914
103915
103916
103919
103920
103921
103923
103924
103925
103926
103927
103928
103933
103934
103935
103936
103938
103939
103940
103941
103942
103944
103947
103951
103953
103954
103955
103956
103957
103958
103959
103960
103961
103962
103963
103964
103965
103967
103968
103970
103971
103972
103973
103975
103976
103977
103979
103980
103981
103982
103984
103987
103989
103990
103991
103993
103994
103996
103998
103999
104001
104003
104005
104006
104007
104008
104009
104011
104012
104013
104014
104015
104016
104018
104020
104021
104022
104023
104024
104027
104029
104030
104032
104034
104037
104038
104040
104041
104042
104043
104044
104045
104046
104050
104052
104054
104056
104057
104058
104060
104061
104062
104063
104064
104067
104068
104069
104070
104072
104073
104074
104075
104076
104077
104078
104079
104080
104081
104082
104084
104085
104086
104087
104089
104090
104091
104092
104093
104095
104097
104099
104100
104101
104103
104104
104105
104106
104108
104109
104110
104111
104112
104113
104116
104117
104121
104122
104124
104125
104130
104131
104132
104133
104134
104135
104136
104137
104138
104141
104142
104143
104144
104145
104146
104148
104149
104150
104151
104152
104153
104154
104155
104156
104158
104159
104161
104163
104164
104165
104167
104168
104169
104170
104171
104174
104175
104176
104178
104180
104181
104182
104183
104184
104185
104186
104187
104189
104191
104192
104193
104194
104195
104196
104197
104198
104200
104201
104202
104203
104205
104206
104207
104208
104209
104210
104211
104212
104213
104214
104215
104216
104217
104218
104219
104220
104221
104222
104223
104225
104226
104227
104228
104229
104230
104231
104232
104233
104235
104236
104237
104238
104239
104240
104245
104246
104248
104250
104252
104253
104254
104255
104256
104257
104258
104259
104260
104261
104262
104263
104265
104266
104267
104268
104269
104270
104272
104273
104274
104275
104276
104277
104279
104281
104282
104283
104284
104287
104289
104290
104291
104292
104293
104294
104295
104296
104297
104298
104300
104301
104302
104304
104305
104306
104307
104309
104310
104311
104312
104313
104314
104315
104316
104320
104321
104322
104324
104326
104327
104329
104330
104331
104334
104335
104336
104337
104338
104339
104341
104342
104344
104345
104351
104353
104355
104356
104360
104361
104363
104364
104365
104366
104367
104368
104369
104372
104374
104375
104376
104378
104379
104383
104384
104387
104388
104389
104390
104391
104393
104394
104395
104396
104397
104398
104399
104400
104401
104402
104404
104405
104406
104407
104408
104409
104411
104412
104413
104414
104415
104416
104418
104419
104420
104421
104422
104424
104425
104426
104429
104430
104431
104433
104434
104438
104440
104441
104442
104443
104444
104445
104446
104447
104449
104450
104451
104452
104453
104454
104455
104456
104457
104460
104461
104462
104463
104464
104465
104467
104468
104469
104470
104471
104472
104473
104474
104475
104476
104477
104478
104479
104483
104484
104485
104487
104488
104489
104491
104493
104495
104496
104497
104501
104502
104503
104506
104508
104512
104513
104514
104515
104518
104519
104520
104521
104523
104524
104525
104526
104527
104528
104529
104530
104531
104533
104534
104535
104537
104538
104540
104541
104542
104543
104545
104546
104547
104548
104549
104550
104551
104553
104554
104556
104557
104560
104561
104562
104563
104564
104565
104566
104567
104568
104569
104570
104571
104572
104576
104577
104578
104579
104581
104582
104583
104584
104586
104587
104588
104589
104590
104591
104593
104595
104596
104597
104598
104599
104601
104602
104603
104604
104608
104609
104610
104616
104618
104621
104622
104623
104624
104625
104626
104627
104628
104629
104630
104631
104632
104633
104634
104635
104636
104637
104638
104641
104642
104643
104644
104645
104646
104647
104648
104652
104653
104654
104655
104656
104657
104658
104659
104661
104662
104663
104664
104665
104666
104667
104668
104671
104672
104673
104674
104675
104677
104678
104679
104680
104681
104683
104684
104685
104686
104687
104688
104689
104690
104691
104693
104694
104695
104696
104698
104699
104700
104701
104702
104704
104705
104706
104707
104708
104709
104710
104711
104712
104713
104714
104715
104716
104717
104718
104719
104720
104721
104722
104723
104724
104725
104726
104727
104728
104729
104730
104731
104732
104733
104734
104735
104736
104737
104738
104739
104740
104741
104742
104743
104744
104745
104746
104747
104748
104749
104751
104752
104753
104755
104757
104758
104760
104761
104762
104763
104765
104768
104769
104771
104773
104775
104776
104777
104779
104780
104781
104782
104783
104785
104786
104787
104788
104791
104794
104795
104796
104797
104798
104799
104800
104801
104802
104803
104804
104805
104806
104807
104808
104809
104810
104813
104814
104816
104817
104818
104820
104821
104822
104826
104827
104830
104831
104834
104835
104836
104838
104839
104841
104842
104844
104847
104848
104850
104851
104852
104854
104858
104859
104861
104862
104863
104864
104865
104867
104870
104871
104872
104874
104875
104876
104877
104878
104879
104880
104882
104883
104885
104886
104887
104889
104890
104891
104893
104894
104895
104896
104897
104900
104901
104902
104903
104904
104905
104906
104907
104909
104910
104911
104912
104913
104914
104915
104916
104918
104919
104920
104922
104924
104925
104926
104927
104928
104929
104930
104931
104932
104934
104939
104940
104941
104942
104944
104945
104946
104947
104948
104949
104950
104951
104952
104953
104954
104955
104956
104957
104958
104959
104960
104961
104962
104963
104964
104965
104968
104970
104971
104974
104975
104976
104977
104978
104979
104980
104981
104982
104985
104986
104987
104988
104989
104991
104992
104993
104994
104995
104996
104997
104998
104999
105000
105002
105003
105004
105005
105006
105007
105008
105009
105010
105011
105012
105013
105014
105015
105017
105018
105020
105021
105022
105023
105026
105028
105030
105031
105033
105034
105035
105036
105037
105038
105039
105041
105042
105043
105044
105045
105046
105047
105049
105050
105051
105052
105053
105054
105055
105056
105058
105059
105060
105062
105063
105065
105066
105067
105068
105069
105071
105073
105074
105075
105077
105078
105079
105080
105081
105083
105084
105085
105086
105087
105088
105089
105090
105091
105092
105093
105095
105096
105097
105098
105099
105101
105102
105104
105105
105106
105110
105111
105113
105114
105115
105116
105118
105119
105121
105123
105124
105126
105127
105129
105130
105131
105132
105134
105137
105138
105139
105140
105141
105142
105143
105146
105147
105148
105149
105150
105153
105155
105156
105157
105158
105159
105160
105161
105162
105163
105164
105167
105168
105169
105170
105171
105172
105175
105176
105177
105178
105180
105181
105182
105183
105185
105187
105188
105189
105191
105192
105193
105194
105195
105196
105198
105199
105200
105201
105202
105203
105205
105206
105207
105209
105210
105211
105212
105213
105214
105215
105217
105218
105219
105220
105222
105223
105224
105225
105227
105228
105229
105230
105231
105232
105234
105235
105236
105237
105238
105239
105240
105241
105242
105244
105245
105247
105248
105249
105250
105251
105252
105253
105254
105256
105258
105260
105262
105265
105268
105270
105272
105273
105274
105275
105277
105279
105281
105282
105284
105288
105289
105290
105291
105292
105293
105294
105295
105296
105297
105298
105300
105301
105303
105304
105306
105307
105308
105310
105311
105312
105313
105314
105315
105316
105318
105319
105321
105322
105324
105326
105327
105328
105329
105330
105332
105333
105334
105335
105336
105337
105338
105339
105340
105342
105346
105347
105349
105350
105351
105352
105353
105354
105355
105356
105357
105358
105360
105361
105362
105363
105364
105365
105366
105367
105368
105369
105370
105371
105373
105374
105375
105376
105378
105379
105380
105381
105382
105383
105384
105385
105387
105388
105389
105390
105391
105392
105393
105394
105396
105397
105398
105400
105401
105404
105406
105407
105408
105410
105411
105412
105413
105414
105415
105416
105417
105418
105419
105421
105422
105423
105424
105425
105427
105428
105429
105430
105431
105432
105433
105434
105435
105437
105438
105439
105442
105443
105444
105445
105446
105447
105448
105450
105451
105452
105453
105454
105456
105457
105461
105462
105463
105464
105465
105467
105469
105472
105473
105474
105475
105476
105477
105478
105479
105480
105482
105483
105484
105485
105486
105487
105488
105490
105491
105492
105493
105494
105495
105496
105497
105498
105499
105500
105502
105503
105504
105505
105506
105507
105508
105510
105511
105512
105513
105514
105515
105516
105517
105518
105519
105520
105522
105523
105525
105526
105528
105529
105530
105531
105532
105533
105534
105535
105536
105537
105538
105539
105540
105541
105542
105543
105544
105545
105546
105547
105548
105549
105551
105552
105553
105558
105559
105560
105561
105562
105566
105568
105569
105570
105571
105574
105575
105576
105577
105578
105580
105581
105585
105587
105588
105589
105590
105591
105592
105593
105594
105595
105596
105597
105598
105599
105600
105601
105603
105605
105606
105608
105609
105610
105611
105612
105613
105614
105615
105616
105617
105618
105622
105623
105624
105625
105626
105627
105628
105629
105630
105631
105632
105633
105634
105635
105636
105639
105641
105642
105643
105644
105646
105649
105650
105651
105652
105653
105654
105655
105660
105661
105662
105664
105665
105666
105668
105669
105671
105673
105674
105675
105676
105678
105680
105684
105685
105686
105687
105688
105691
105693
105694
105695
105696
105698
105699
105700
105701
105704
105705
105706
105707
105708
105709
105710
105711
105712
105713
105714
105715
105716
105717
105718
105719
105720
105721
105722
105723
105724
105725
105726
105728
105729
105730
105731
105732
105733
105735
105736
105737
105738
105740
105741
105742
105743
105745
105746
105747
105748
105749
105750
105751
105752
105753
105755
105756
105757
105759
105760
105761
105762
105763
105765
105767
105768
105769
105771
105772
105775
105776
105777
105780
105781
105782
105783
105784
105785
105787
105788
105790
105791
105793
105794
105795
105796
105797
105798
105799
105800
105801
105803
105804
105807
105808
105809
105810
105811
105812
105813
105814
105816
105817
105818
105819
105821
105822
105823
105824
105826
105827
105828
105829
105830
105832
105833
105834
105836
105837
105838
105839
105840
105841
105842
105843
105844
105845
105847
105850
105851
105852
105854
105855
105856
105857
105858
105860
105861
105862
105865
105867
105870
105871
105872
105875
105876
105882
105884
105885
105887
105888
105890
105891
105894
105895
105897
105898
105899
105900
105901
105902
105903
105905
105906
105907
105908
105909
105910
105911
105914
105915
105917
105920
105922
105926
105928
105929
105930
105931
105932
105933
105934
105935
105936
105937
105938
105940
105943
105944
105945
105946
105947
105949
105950
105951
105952
105953
105954
105955
105956
105958
105959
105960
105962
105963
105964
105966
105967
105968
105969
105971
105973
105975
105976
105977
105979
105980
105981
105982
105983
105984
105985
105986
105987
105988
105989
105990
105991
105992
105993
105995
105996
105998
106000
106001
106002
106004
106005
106006
106007
106008
106009
106010
106011
106012
106013
106014
106015
106016
106017
106018
106019
106021
106022
106023
106024
106026
106028
106029
106030
106032
106033
106034
106035
106036
106037
106038
106039
106040
106041
106042
106043
106044
106045
106046
106047
106048
106049
106050
106052
106054
106055
106056
106057
106058
106059
106060
106062
106063
106064
106065
106066
106067
106068
106070
106071
106072
106073
106074
106075
106076
106077
106079
106080
106081
106082
106083
106084
106085
106087
106090
106091
106094
106095
106096
106099
106101
106103
106104
106106
106107
106108
106114
106115
106117
106118
106119
106120
106124
106125
106126
106127
106128
106129
106131
106132
106133
106135
106136
106137
106138
106140
106141
106142
106143
106144
106145
106147
106148
106150
106151
106152
106156
106157
106158
106159
106160
106161
106164
106165
106167
106168
106169
106171
106172
106174
106175
106177
106178
106180
106182
106183
106184
106185
106188
106189
106190
106191
106192
106193
106195
106199
106201
106202
106205
106206
106208
106209
106210
106211
106212
106213
106214
106215
106216
106217
106218
106220
106222
106224
106226
106227
106228
106230
106233
106234
106238
106242
106243
106246
106248
106249
106250
106251
106252
106253
106255
106258
106261
106262
106263
106264
106266
106267
106268
106270
106271
106274
106275
106277
106278
106279
106280
106281
106283
106284
106287
106288
106289
106292
106294
106295
106297
106298
106299
106301
106303
106305
106306
106307
106310
106312
106313
106315
106316
106318
106320
106321
106322
106323
106327
106328
106329
106331
106333
106334
106335
106336
106337
106338
106340
106342
106343
106344
106346
106347
106348
106349
106350
106351
106352
106354
106355
106356
106357
106358
106360
106361
106362
106363
106364
106365
106366
106368
106369
106370
106371
106372
106373
106374
106375
106377
106378
106379
106380
106381
106382
106383
106385
106386
106387
106388
106389
106390
106391
106392
106393
106395
106396
106397
106398
106399
106400
106401
106403
106404
106406
106407
106409
106411
106414
106415
106416
106417
106419
106420
106422
106423
106424
106425
106427
106428
106429
106432
106433
106435
106436
106440
106441
106443
106445
106447
106448
106449
106450
106452
106454
106457
106458
106460
106462
106464
106466
106468
106469
106470
106473
106475
106477
106478
106480
106483
106484
106485
106487
106490
106491
106492
106493
106495
106496
106497
106498
106500
106502
106503
106507
106508
106511
106513
106514
106515
106516
106518
106519
106523
106524
106525
106526
106527
106529
106530
106532
106533
106534
106536
106538
106539
106540
106542
106543
106545
106546
106547
106548
106549
106550
106553
106555
106556
106557
106559
106560
106561
106562
106563
106565
106566
106567
106568
106569
106571
106572
106573
106574
106575
106576
106581
106582
106583
106586
106587
106591
106596
106597
106598
106599
106600
106601
106602
106603
106604
106605
106606
106607
106608
106609
106610
106611
106612
106613
106614
106616
106619
106620
106621
106622
106623
106624
106625
106626
106627
106628
106629
106630
106631
106632
106633
106634
106635
106636
106639
106641
106642
106643
106644
106645
106646
106647
106648
106649
106650
106651
106652
106653
106654
106655
106656
106657
106658
106659
106661
106662
106663
106664
106665
106667
106670
106671
106672
106674
106675
106676
106677
106678
106679
106680
106682
106683
106684
106686
106688
106689
106690
106691
106692
106694
106695
106696
106697
106698
106699
106700
106701
106702
106704
106705
106706
106707
106708
106709
106710
106711
106712
106713
106714
106715
106716
106717
106718
106719
106720
106721
106723
106725
106726
106727
106728
106729
106730
106731
106732
106733
106734
106735
106736
106737
106738
106739
106740
106741
106743
106744
106747
106749
106750
106751
106752
106753
106754
106756
106757
106758
106759
106760
106761
106762
106765
106767
106768
106771
106772
106773
106775
106776
106777
106778
106779
106780
106781
106782
106783
106784
106785
106786
106787
106789
106790
106792
106793
106797
106798
106801
106803
106805
106807
106808
106809
106812
106813
106815
106816
106817
106819
106821
106824
106825
106826
106827
106828
106829
106830
106831
106832
106833
106836
106837
106838
106840
106841
106843
106844
106847
106848
106851
106853
106857
106858
106859
106861
106862
106863
106864
106865
106866
106867
106868
106869
106870
106871
106872
106873
106874
106875
106876
106877
106879
106880
106881
106882
106883
106884
106885
106886
106888
106890
106893
106895
106896
106897
106898
106899
106900
106901
106902
106903
106904
106905
106906
106907
106909
106910
106911
106918
106919
106920
106922
106923
106924
106926
106927
106928
106929
106930
106931
106932
106933
106935
106937
106938
106939
106940
106941
106942
106943
106944
106947
106949
106951
106953
106954
106955
106956
106957
106958
106959
106960
106961
106962
106963
106964
106965
106969
106970
106972
106973
106974
106975
106977
106978
106979
106981
106982
106983
106984
106986
106987
106988
106989
106990
106992
106993
106995
106996
106997
106998
106999
107000
107001
107003
107004
107005
107006
107007
107008
107009
107012
107013
107015
107016
107017
107018
107019
107021
107022
107023
107025
107027
107028
107029
107030
107031
107032
107033
107034
107035
107037
107038
107039
107040
107041
107042
107043
107044
107045
107046
107047
107048
107050
107051
107052
107053
107054
107055
107056
107057
107058
107059
107060
107061
107062
107063
107065
107066
107067
107069
107071
107072
107074
107076
107077
107079
107080
107082
107083
107084
107085
107086
107088
107089
107091
107092
107093
107094
107095
107096
107097
107099
107100
107102
107103
107104
107105
107106
107107
107110
107111
107113
107116
107118
107119
107120
107121
107124
107125
107126
107128
107130
107133
107136
107138
107139
107141
107142
107149
107151
107153
107155
107156
107157
107159
107162
107163
107164
107168
107171
107172
107173
107176
107180
107182
107185
107186
107187
107190
107192
107193
107196
107197
107198
107199
107200
107204
107205
107206
107207
107208
107209
107210
107220
107229
107230
107233
107237
107239
107241
107244
107250
107256
107257
107258
107259
107261
107262
107267
107270
107272
107273
107275
107277
107279
107280
107281
107283
107284
107285
107291
107292
107293
107298
107299
107300
107301
107302
107303
107304
107305
107306
107307
107310
107311
107312
107313
107315
107316
107317
107318
107319
107321
107322
107323
107324
107325
107326
107327
107329
107330
107333
107336
107337
107338
107339
107345
107347
107348
107352
107355
107356
107357
107358
107360
107362
107363
107365
107366
107367
107368
107369
107370
107371
107372
107373
107374
107375
107376
107377
107378
107379
107380
107382
107383
107384
107386
107387
107388
107389
107390
107391
107393
107394
107395
107396
107397
107398
107399
107401
107404
107410
107413
107414
107415
107417
107418
107419
107421
107423
107424
107430
107431
107435
107437
107438
107453
107460
107462
107464
107465
107471
107473
107474
107476
107479
107480
107483
107489
107490
107492
107495
107497
107503
107504
107505
107506
107507
107508
107510
107512
107515
107517
107521
107523
107526
107529
107541
107543
107549
107555
107557
107558
107563
107577
107578
107590
107594
107595
107596
107607
107612
107613
107616
107617
107619
107623
107626
107627
107628
107629
107632
107633
107634
107635
107637
107644
107645
107647
107650
107652
107655
107657
107659
107660
107661
107670
107672
107676
107677
107679
107680
107681
107682
107690
107695
107696
107697
107701
107704
107708
107709
107710
107712
107713
107721
107722
107724
107725
107726
107729
107732
107734
107740
107745
107748
107749
107751
107752
107753
107754
107758
107760
107763
107765
107766
107767
107771
107772
107773
107776
107778
107780
107783
107786
107787
107789
107794
107795
107796
107799
107800
107801
107802
107803
107806
107809
107812
107814
107815
107818
107820
107830
107838
107839
107842
107843
107844
107846
107848
107852
107855
107856
107860
107862
107864
107866
107868
107871
107873
107876
107877
107879
107880
107882
107890
107893
107898
107900
107901
107903
107904
107905
107906
107917
107918
107925
107929
107933
107934
107936
107938
107942
107944
107945
107954
107955
107956
107957
107966
107969
107970
107971
107973
107980
107983
107984
107985
107986
107987
107989
107990
107991
107992
107996
107997
108000
108001
108002
108003
108004
108005
108006
108007
108008
108012
108013
108015
108016
108017
108018
108019
108020
108023
108026
108027
108030
108036
108037
108050
108053
108054
108055
108065
108066
108072
108076
108078
108079
108080
108085
108086
108087
108091
108097
108099
108101
108102
108103
108115
108116
108118
108122
108125
108126
108127
108131
108135
108136
108139
108145
108147
108150
108152
108156
108157
108170
108179
108205
108209
108223
108230
108233
108234
108236
108239
108245
108246
108249
108251
108252
108253
108258
108259
108261
108263
108265
108271
108280
108282
108284
108285
108290
108291
108292
108293
108295
108296
108300
108301
108304
108305
108308
108309
108311
108312
108313
108314
108316
108317
108318
108321
108323
108324
108330
108332
108334
108337
108338
108340
108344
108347
108348
108350
108354
108355
108358
108361
108363
108364
108365
108368
108369
108371
108372
108377
108381
108385
108387
108393
108396
108397
108403
108405
108408
108412
108413
108418
108419
108423
108428
108433
108435
108439
108440
108441
108447
108448
108449
108451
108452
108454
108458
108460
108462
108464
108465
108468
108469
108470
108471
108474
108478
108482
108486
108487
108488
108490
108491
108492
108496
108497
108498
108499
108502
108503
108505
108506
108510
108511
108512
108514
108515
108520
108523
108524
108527
108530
108531
108532
108534
108546
108550
108552
108570
108571
108579
108580
108581
108582
108584
108588
108591
108594
108595
108596
108597
108598
108599
108601
108605
108608
108610
108616
108617
108620
108624
108625
108627
108628
108629
108630
108632
108633
108634
108635
108636
108639
108641
108642
108643
108644
108645
108646
108647
108648
108650
108651
108654
108655
108656
108660
108661
108663
108665
108667
108668
108669
108670
108671
108674
108675
108676
108680
108693
108695
108696
108697
108701
108702
108704
108707
108708
108710
108712
108713
108714
108715
108720
108722
108725
108726
108730
108732
108735
108737
108739
108740
108741
108742
108744
108745
108752
108754
108755
108756
108757
108760
108761
108762
108763
108768
108769
108770
108771
108772
108777
108778
108779
108781
108784
108787
108788
108789
108790
108795
108797
108800
108803
108804
108809
108810
108814
108816
108818
108820
108822
108824
108826
108828
108829
108831
108832
108833
108835
108841
108843
108845
108846
108847
108848
108856
108858
108862
108864
108866
108867
108868
108870
108871
108872
108878
108879
108884
108886
108888
108889
108890
108894
108897
108898
108900
108901
108902
108905
108906
108907
108908
108909
108911
108912
108913
108914
108915
108916
108917
108918
108920
108921
108923
108927
108934
108935
108936
108939
108941
108943
108946
108947
108954
108955
108958
108959
108962
108964
108968
108970
108971
108972
108973
108976
108978
108981
108982
108983
108984
108985
108989
108990
108991
108992
108993
108994
108995
109001
109004
109005
109008
109009
109010
109011
109013
109014
109015
109016
109021
109023
109024
109026
109029
109031
109032
109034
109035
109036
109038
109039
109040
109041
109042
109044
109046
109047
109049
109051
109054
109056
109057
109059
109060
109061
109062
109064
109067
109069
109071
109075
109076
109077
109082
109083
109085
109086
109088
109089
109091
109093
109094
109096
109099
109100
109102
109103
109106
109110
109112
109114
109115
109116
109117
109118
109121
109122
109123
109124
109125
109126
109127
109128
109130
109133
109135
109136
109137
109138
109139
109140
109142
109143
109144
109145
109146
109147
109148
109149
109150
109151
109152
109154
109155
109157
109158
109159
109160
109161
109162
109164
109166
109167
109169
109170
109171
109175
109177
109180
109181
109183
109186
109187
109188
109189
109190
109191
109192
109193
109195
109196
109198
109199
109200
109201
109202
109203
109204
109205
109206
109207
109208
109210
109211
109215
109216
109217
109218
109219
109222
109223
109224
109225
109226
109227
109230
109231
109232
109233
109235
109236
109237
109239
109240
109241
109243
109244
109246
109247
109248
109249
109250
109251
109252
109255
109256
109257
109258
109259
109261
109262
109264
109266
109268
109270
109272
109273
109274
109275
109279
109280
109282
109284
109285
109287
109288
109289
109290
109291
109293
109294
109295
109296
109297
109298
109299
109301
109302
109303
109304
109305
109307
109308
109309
109310
109311
109312
109314
109316
109318
109319
109320
109324
109325
109326
109327
109328
109329
109330
109333
109336
109338
109340
109342
109344
109347
109348
109349
109350
109351
109352
109353
109355
109356
109357
109358
109359
109360
109361
109362
109363
109364
109366
109367
109371
109373
109375
109376
109377
109378
109379
109382
109384
109385
109386
109387
109389
109390
109391
109392
109393
109394
109395
109397
109399
109400
109402
109411
109412
109413
109416
109417
109419
109420
109421
109423
109425
109426
109427
109430
109434
109439
109440
109445
109446
109447
109449
109452
109454
109455
109457
109458
109459
109461
109465
109466
109468
109469
109471
109472
109473
109474
109475
109476
109477
109478
109479
109480
109483
109484
109485
109489
109493
109497
109499
109500
109502
109504
109505
109508
109517
109522
109523
109524
109529
109530
109536
109537
109538
109542
109548
109549
109552
109553
109555
109556
109557
109558
109561
109564
109566
109567
109570
109571
109572
109573
109575
109577
109578
109584
109585
109586
109587
109588
109589
109590
109591
109595
109598
109601
109603
109604
109605
109606
109607
109610
109615
109617
109618
109619
109620
109622
109623
109625
109626
109628
109629
109630
109631
109634
109635
109636
109637
109638
109641
109642
109643
109644
109645
109646
109647
109649
109650
109651
109652
109654
109655
109656
109657
109658
109659
109661
109662
109663
109665
109666
109668
109669
109670
109671
109672
109673
109674
109675
109676
109678
109679
109680
109681
109682
109686
109687
109688
109689
109691
109692
109693
109694
109695
109696
109697
109700
109701
109702
109703
109704
109706
109707
109708
109709
109710
109713
109714
109715
109716
109720
109722
109724
109726
109728
109731
109732
109736
109742
109743
109745
109752
109754
109760
109763
109765
109766
109767
109768
109776
109778
109780
109781
109783
109784
109785
109786
109787
109788
109790
109794
109798
109800
109801
109803
109804
109806
109807
109808
109809
109812
109814
109818
109822
109826
109832
109834
109836
109837
109839
109840
109842
109846
109847
109848
109849
109850
109851
109852
109856
109857
109862
109863
109865
109868
109870
109872
109873
109877
109878
109880
109881
109882
109885
109886
109887
109888
109889
109890
109891
109892
109893
109894
109897
109898
109900
109901
109903
109906
109907
109908
109909
109913
109915
109916
109917
109918
109920
109924
109925
109928
109930
109934
109938
109939
109941
109949
109951
109952
109954
109955
109957
109958
109959
109961
109962
109964
109965
109967
109970
109971
109972
109974
109975
109976
109977
109979
109982
109983
109984
109986
109987
109989
109990
109991
109992
109993
109994
109996
109999
110000
110002
110004
110005
110007
110008
110010
110012
110013
110014
110017
110018
110019
110020
110021
110024
110026
110027
110028
110031
110032
110033
110034
110035
110036
110037
110038
110039
110040
110048
110049
110051
110052
110055
110060
110061
110062
110063
110064
110066
110067
110068
110070
110073
110075
110076
110080
110082
110083
110085
110087
110089
110090
110092
110093
110096
110102
110103
110104
110105
110106
110109
110110
110112
110114
110115
110116
110119
110122
110125
110127
110128
110130
110133
110137
110143
110144
110145
110148
110150
110152
110153
110154
110155
110156
110157
110159
110160
110161
110162
110163
110164
110165
110166
110167
110168
110169
110170
110172
110174
110176
110177
110178
110179
110181
110182
110183
110184
110186
110187
110192
110193
110194
110197
110200
110202
110205
110206
110213
110214
110216
110218
110219
110220
110221
110223
110225
110227
110228
110229
110230
110239
110240
110241
110242
110246
110247
110248
110250
110251
110255
110256
110257
110259
110263
110264
110266
110268
110273
110274
110277
110281
110283
110285
110287
110288
110289
110291
110292
110294
110300
110303
110305
110307
110311
110312
110313
110314
110315
110316
110318
110321
110324
110325
110326
110327
110328
110329
110330
110331
110332
110333
110334
110335
110336
110337
110339
110341
110343
110345
110346
110348
110349
110350
110351
110355
110356
110359
110360
110361
110362
110363
110366
110367
110368
110369
110370
110371
110372
110373
110374
110375
110376
110377
110378
110379
110380
110381
110384
110385
110386
110387
110390
110391
110392
110393
110394
110395
110396
110397
110398
110399
110400
110401
110402
110403
110404
110405
110406
110408
110409
110411
110412
110413
110414
110417
110419
110420
110421
110423
110424
110425
110426
110427
110428
110429
110430
110431
110432
110433
110434
110435
110436
110437
110438
110440
110441
110442
110443
110444
110445
110446
110448
110449
110450
110451
110452
110453
110454
110455
110456
110457
110460
110461
110462
110463
110466
110468
110469
110470
110471
110473
110474
110475
110476
110478
110479
110480
110483
110484
110485
110486
110487
110491
110492
110496
110497
110498
110499
110500
110502
110504
110505
110506
110508
110510
110511
110512
110514
110515
110516
110517
110518
110519
110521
110522
110523
110524
110526
110527
110528
110529
110530
110531
110532
110535
110536
110538
110539
110540
110542
110543
110544
110545
110546
110547
110548
110550
110551
110552
110553
110562
110563
110564
110565
110568
110569
110570
110571
110573
110576
110577
110579
110580
110582
110584
110585
110586
110587
110592
110597
110598
110601
110602
110604
110606
110607
110608
110610
110611
110612
110613
110614
110615
110616
110617
110618
110619
110620
110622
110623
110625
110626
110628
110629
110630
110632
110633
110634
110635
110636
110637
110638
110639
110640
110641
110644
110646
110647
110649
110650
110651
110652
110653
110655
110656
110658
110659
110660
110661
110662
110663
110667
110668
110671
110672
110673
110674
110676
110678
110680
110682
110683
110685
110686
110687
110688
110690
110696
110698
110701
110705
110708
110709
110710
110712
110714
110717
110718
110719
110720
110722
110724
110726
110727
110728
110732
110736
110737
110739
110745
110751
110752
110753
110754
110755
110756
110757
110758
110759
110761
110762
110765
110768
110771
110772
110773
110774
110775
110776
110778
110779
110780
110781
110782
110783
110784
110785
110786
110788
110789
110790
110791
110792
110793
110795
110796
110797
110798
110802
110806
110808
110809
110810
110811
110812
110813
110814
110815
110817
110820
110821
110822
110823
110824
110825
110827
110828
110829
110830
110832
110835
110836
110839
110841
110842
110843
110845
110846
110847
110850
110852
110853
110854
110857
110858
110859
110861
110863
110865
110866
110867
110869
110870
110872
110873
110874
110875
110876
110877
110878
110879
110881
110885
110886
110887
110888
110891
110892
110893
110895
110896
110898
110901
110902
110905
110911
110912
110913
110915
110916
110918
110919
110920
110922
110923
110924
110925
110926
110927
110928
110929
110931
110932
110934
110940
110941
110942
110943
110946
110949
110950
110952
110954
110956
110959
110963
110968
110971
110972
110973
110975
110976
110979
110980
110981
110984
110987
110988
110989
110990
110991
110992
110993
110994
110995
110998
110999
111002
111007
111010
111015
111021
111027
111031
111033
111035
111040
111043
111044
111046
111047
111055
111056
111060
111062
111064
111071
111078
111080
111085
111089
111091
111094
111098
111106
111110
111112
111117
111118
111120
111124
111125
111130
111131
111136
111139
111143
111145
111147
111149
111156
111157
111159
111160
111166
111182
111185
111190
111195
111196
111208
111210
111214
111215
111216
111223
111224
111229
111235
111236
111243
111249
111252
111253
111254
111258
111260
111261
111262
111264
111265
111269
111270
111271
111272
111274
111275
111276
111278
111279
111280
111287
111288
111289
111290
111291
111295
111297
111298
111299
111300
111301
111303
111304
111313
111315
111317
111318
111319
111320
111321
111322
111324
111326
111327
111328
111329
111333
111334
111335
111336
111337
111338
111339
111340
111342
111344
111345
111346
111347
111351
111353
111354
111355
111356
111357
111358
111359
111360
111361
111362
111363
111364
111366
111368
111370
111371
111372
111375
111376
111377
111378
111379
111380
111381
111382
111383
111385
111386
111388
111390
111391
111392
111394
111395
111396
111397
111399
111400
111402
111406
111407
111408
111409
111412
111416
111417
111422
111423
111426
111428
111429
111432
111434
111436
111437
111438
111439
111440
111441
111442
111443
111444
111445
111447
111449
111452
111453
111456
111457
111458
111460
111462
111464
111465
111466
111467
111468
111469
111470
111471
111474
111475
111476
111477
111478
111480
111481
111483
111485
111486
111488
111489
111490
111491
111492
111494
111496
111497
111498
111499
111500
111504
111505
111506
111507
111508
111512
111513
111515
111517
111520
111521
111522
111524
111528
111534
111536
111539
111540
111542
111543
111544
111545
111546
111547
111548
111549
111550
111551
111552
111553
111554
111557
111560
111562
111563
111564
111565
111566
111569
111571
111573
111574
111575
111576
111577
111578
111579
111581
111584
111586
111589
111591
111593
111595
111596
111598
111601
111602
111603
111604
111605
111606
111607
111608
111609
111610
111611
111613
111614
111615
111616
111619
111620
111621
111622
111623
111624
111626
111627
111630
111632
111633
111634
111635
111636
111638
111639
111640
111641
111643
111644
111645
111646
111647
111648
111651
111652
111654
111655
111656
111657
111658
111659
111662
111663
111664
111665
111666
111670
111671
111672
111673
111675
111676
111678
111679
111681
111682
111685
111686
111688
111689
111691
111693
111694
111695
111696
111697
111701
111702
111703
111705
111707
111708
111709
111710
111711
111712
111713
111714
111715
111716
111718
111719
111720
111721
111723
111724
111725
111726
111728
111729
111730
111731
111734
111735
111736
111737
111738
111739
111740
111741
111743
111745
111746
111747
111748
111749
111751
111752
111753
111754
111756
111757
111758
111759
111760
111761
111762
111763
111764
111765
111766
111768
111769
111770
111771
111772
111773
111774
111777
111780
111781
111782
111783
111784
111785
111786
111787
111788
111789
111790
111791
111792
111793
111794
111795
111796
111797
111798
111799
111800
111801
111802
111804
111805
111806
111808
111812
111813
111814
111816
111818
111819
111820
111821
111822
111823
111824
111825
111826
111827
111828
111829
111830
111831
111833
111834
111835
111836
111837
111839
111840
111842
111843
111844
111845
111846
111847
111848
111849
111850
111851
111853
111856
111857
111858
111859
111860
111861
111862
111863
111864
111865
111866
111867
111868
111870
111871
111872
111874
111875
111877
111878
111880
111881
111882
111884
111885
111886
111887
111888
111890
111891
111893
111897
111899
111901
111904
111905
111906
111909
111910
111911
111912
111913
111914
111917
111919
111920
111921
111923
111926
111927
111928
111930
111931
111932
111933
111935
111936
111939
111940
111941
111942
111943
111944
111945
111946
111947
111948
111950
111951
111952
111953
111954
111955
111957
111958
111959
111960
111961
111962
111965
111966
111967
111968
111970
111973
111974
111976
111977
111978
111979
111980
111981
111984
111990
111991
111993
111995
111996
111998
112002
112003
112005
112009
112010
112012
112013
112014
112015
112017
112018
112019
112020
112023
112024
112025
112026
112027
112028
112029
112030
112031
112032
112033
112034
112036
112038
112039
112040
112041
112042
112045
112046
112049
112050
112051
112052
112053
112055
112057
112058
112059
112060
112061
112062
112064
112065
112066
112067
112068
112069
112070
112071
112072
112073
112075
112076
112077
112078
112079
112080
112081
112082
112083
112085
112086
112088
112091
112092
112093
112094
112095
112097
112098
112099
112100
112102
112103
112104
112105
112106
112107
112108
112110
112111
112112
112113
112114
112118
112119
112120
112121
112122
112123
112124
112125
112126
112127
112129
112130
112134
112135
112136
112138
112139
112140
112141
112142
112144
112145
112147
112148
112149
112150
112152
112153
112158
112159
112162
112163
112164
112165
112166
112167
112168
112169
112171
112173
112174
112175
112177
112180
112182
112184
112185
112186
112188
112191
112192
112193
112194
112196
112197
112198
112199
112200
112201
112202
112203
112204
112205
112206
112207
112208
112209
112211
112212
112213
112214
112215
112216
112217
112218
112219
112220
112221
112222
112223
112224
112226
112227
112230
112232
112234
112235
112236
112238
112239
112241
112242
112243
112244
112245
112248
112249
112250
112252
112253
112254
112255
112256
112258
112262
112263
112265
112267
112269
112271
112272
112273
112274
112275
112276
112278
112279
112280
112281
112282
112283
112284
112285
112286
112288
112289
112290
112291
112292
112294
112295
112296
112297
112298
112299
112300
112301
112302
112304
112305
112306
112307
112308
112309
112310
112311
112312
112313
112314
112315
112316
112317
112318
112319
112320
112321
112322
112323
112324
112325
112326
112328
112329
112330
112331
112332
112334
112335
112336
112337
112338
112339
112340
112341
112342
112343
112345
112347
112348
112349
112350
112351
112352
112353
112355
112356
112360
112361
112362
112363
112364
112365
112366
112367
112368
112369
112370
112371
112372
112374
112375
112376
112377
112378
112379
112380
112381
112382
112383
112384
112385
112386
112387
112388
112389
112390
112391
112392
112393
112394
112395
112396
112397
112398
112399
112400
112403
112404
112405
112406
112407
112408
112409
112411
112412
112413
112414
112417
112418
112419
112420
112422
112423
112426
112427
112428
112430
112431
112432
112436
112437
112438
112439
112440
112441
112442
112443
112444
112447
112448
112449
112450
112452
112453
112454
112456
112457
112458
112462
112464
112466
112468
112470
112474
112475
112477
112478
112480
112481
112482
112485
112486
112487
112489
112491
112492
112495
112499
112503
112504
112507
112510
112511
112512
112513
112514
112515
112516
112517
112518
112520
112521
112522
112523
112526
112527
112528
112529
112531
112532
112533
112536
112537
112538
112540
112541
112543
112545
112546
112547
112548
112550
112551
112552
112553
112554
112555
112558
112559
112560
112561
112562
112563
112564
112565
112566
112567
112568
112570
112571
112572
112573
112574
112575
112576
112577
112578
112579
112580
112581
112582
112584
112586
112587
112589
112590
112591
112592
112593
112594
112595
112596
112598
112599
112600
112601
112602
112603
112604
112605
112606
112607
112608
112610
112611
112612
112613
112615
112616
112617
112619
112621
112622
112624
112625
112626
112627
112628
112629
112630
112631
112632
112633
112634
112635
112636
112637
112638
112639
112640
112641
112643
112644
112646
112647
112648
112649
112650
112651
112653
112654
112655
112656
112657
112658
112659
112662
112663
112664
112665
112667
112670
112674
112675
112677
112678
112681
112682
112684
112685
112686
112687
112688
112689
112690
112691
112692
112693
112695
112696
112697
112698
112700
112701
112702
112703
112704
112705
112706
112707
112709
112710
112711
112712
112713
112714
112715
112716
112718
112719
112721
112722
112723
112724
112725
112726
112728
112729
112730
112731
112735
112736
112737
112738
112739
112742
112743
112744
112746
112747
112748
112749
112750
112751
112753
112760
112762
112763
112764
112766
112767
112768
112770
112771
112772
112773
112776
112777
112778
112780
112781
112782
112783
112786
112788
112789
112791
112793
112795
112796
112797
112800
112803
112805
112806
112807
112808
112809
112810
112811
112813
112814
112815
112817
112818
112819
112820
112821
112822
112823
112824
112825
112826
112827
112828
112830
112833
112834
112836
112839
112840
112841
112842
112843
112844
112845
112847
112848
112849
112850
112851
112852
112853
112854
112856
112857
112858
112859
112861
112864
112865
112866
112867
112868
112869
112871
112872
112873
112874
112875
112878
112879
112880
112881
112882
112883
112884
112886
112887
112888
112889
112890
112891
112893
112894
112895
112896
112897
112898
112899
112900
112901
112902
112903
112905
112906
112907
112908
112909
112910
112911
112913
112914
112915
112916
112917
112920
112921
112923
112925
112927
112928
112929
112932
112936
112937
112938
112940
112942
112943
112944
112945
112946
112949
112951
112954
112955
112958
112959
112960
112962
112963
112964
112966
112968
112969
112970
112971
112972
112973
112975
112976
112978
112981
112982
112983
112984
112986
112988
112989
112990
112991
112992
112993
112995
112997
112998
112999
113000
113002
113003
113004
113005
113006
113007
113009
113010
113011
113013
113014
113015
113016
113017
113018
113024
113026
113027
113028
113029
113030
113031
113032
113033
113035
113036
113037
113038
113039
113040
113043
113044
113045
113046
113047
113048
113050
113051
113054
113055
113056
113057
113059
113060
113061
113062
113063
113064
113065
113066
113067
113068
113070
113071
113072
113073
113074
113075
113076
113078
113079
113080
113081
113082
113083
113084
113086
113087
113089
113090
113091
113092
113093
113094
113095
113096
113099
113101
113102
113103
113105
113106
113107
113108
113109
113110
113112
113115
113119
113120
113122
113123
113124
113126
113127
113128
113130
113131
113133
113134
113135
113136
113137
113138
113139
113141
113142
113144
113145
113146
113147
113148
113149
113150
113151
113153
113156
113157
113158
113159
113160
113161
113162
113163
113164
113165
113166
113167
113169
113170
113171
113172
113173
113175
113176
113177
113178
113179
113180
113183
113184
113186
113187
113189
113190
113191
113192
113193
113194
113195
113196
113197
113198
113199
113200
113202
113203
113204
113208
113209
113210
113211
113212
113213
113214
113217
113218
113219
113223
113224
113227
113229
113231
113232
113233
113234
113235
113237
113238
113239
113243
113244
113245
113246
113247
113249
113250
113251
113252
113254
113256
113257
113258
113259
113260
113261
113263
113264
113265
113266
113267
113268
113269
113270
113272
113274
113275
113277
113278
113279
113280
113281
113282
113284
113285
113286
113287
113288
113290
113291
113293
113295
113296
113298
113299
113301
113302
113303
113304
113305
113306
113307
113310
113311
113313
113314
113317
113319
113320
113322
113323
113324
113325
113326
113327
113329
113330
113331
113332
113334
113336
113337
113338
113339
113341
113342
113343
113344
113346
113347
113348
113350
113351
113352
113355
113356
113357
113358
113359
113360
113361
113363
113364
113365
113366
113367
113368
113369
113370
113371
113372
113373
113375
113376
113377
113379
113380
113381
113382
113383
113385
113387
113388
113390
113392
113393
113394
113395
113396
113400
113401
113402
113403
113404
113406
113407
113408
113409
113410
113411
113412
113413
113414
113415
113416
113418
113419
113420
113422
113423
113424
113426
113427
113431
113432
113433
113434
113438
113440
113442
113443
113444
113445
113447
113448
113449
113450
113451
113454
113456
113458
113459
113460
113461
113463
113465
113469
113471
113472
113473
113474
113475
113476
113477
113479
113480
113481
113482
113483
113485
113487
113489
113490
113491
113493
113494
113495
113496
113497
113498
113499
113500
113501
113502
113503
113504
113506
113508
113509
113510
113512
113513
113514
113516
113520
113521
113522
113526
113527
113534
113535
113536
113538
113539
113542
113543
113545
113546
113547
113548
113549
113550
113552
113553
113554
113556
113557
113558
113559
113561
113562
113563
113564
113565
113566
113569
113570
113571
113573
113575
113576
113577
113578
113579
113580
113581
113583
113584
113585
113586
113589
113591
113592
113593
113594
113595
113597
113598
113599
113600
113601
113602
113603
113604
113605
113609
113610
113611
113612
113613
113614
113615
113618
113619
113620
113621
113622
113623
113624
113625
113626
113627
113628
113629
113630
113631
113632
113633
113634
113635
113636
113637
113638
113639
113640
113641
113642
113643
113644
113645
113646
113647
113648
113649
113650
113651
113652
113653
113655
113656
113658
113659
113660
113661
113662
113663
113664
113665
113666
113667
113668
113669
113670
113672
113673
113674
113675
113677
113678
113679
113680
113681
113682
113683
113684
113687
113688
113690
113691
113692
113693
113694
113695
113696
113697
113698
113699
113700
113701
113702
113703
113704
113705
113706
113707
113708
113709
113711
113713
113715
113716
113717
113718
113719
113720
113721
113722
113723
113724
113725
113726
113727
113728
113729
113730
113731
113733
113734
113735
113736
113737
113738
113740
113741
113742
113744
113745
113749
113750
113752
113753
113754
113758
113759
113760
113761
113763
113764
113766
113767
113769
113770
113771
113773
113775
113776
113777
113778
113779
113780
113781
113782
113783
113784
113786
113787
113788
113789
113791
113792
113795
113798
113799
113800
113801
113802
113803
113805
113807
113809
113810
113811
113814
113815
113818
113819
113820
113821
113822
113825
113826
113828
113830
113833
113834
113835
113836
113838
113839
113840
113842
113844
113847
113852
113854
113855
113860
113861
113866
113867
113868
113869
113870
113873
113875
113876
113877
113878
113879
113881
113885
113888
113889
113890
113891
113896
113897
113899
113902
113903
113904
113905
113906
113907
113908
113911
113912
113913
113914
113918
113920
113921
113922
113923
113924
113925
113926
113927
113928
113929
113930
113931
113932
113933
113934
113935
113938
113940
113941
113942
113946
113948
113949
113950
113951
113952
113955
113956
113957
113958
113959
113961
113962
113963
113964
113965
113966
113967
113968
113970
113971
113972
113973
113974
113975
113976
113977
113978
113980
113982
113983
113984
113985
113988
113989
113990
113991
113992
113993
113995
113996
113997
113998
113999
114000
114001
114002
114003
114004
114005
114006
114008
114009
114010
114011
114012
114014
114015
114017
114018
114020
114022
114024
114026
114027
114029
114030
114031
114033
114034
114035
114037
114039
114041
114042
114043
114044
114045
114046
114047
114048
114049
114050
114051
114053
114055
114056
114057
114058
114059
114060
114064
114065
114066
114067
114068
114069
114070
114071
114072
114073
114074
114075
114076
114077
114078
114079
114082
114083
114084
114086
114087
114088
114089
114090
114091
114092
114097
114098
114103
114104
114109
114111
114113
114115
114116
114120
114121
114122
114123
114124
114127
114128
114129
114130
114133
114134
114135
114136
114140
114141
114142
114143
114145
114146
114147
114148
114149
114151
114153
114154
114155
114156
114157
114158
114159
114160
114162
114163
114164
114165
114166
114167
114169
114171
114172
114173
114174
114175
114176
114177
114178
114180
114181
114182
114183
114184
114186
114187
114188
114189
114190
114191
114192
114195
114196
114199
114200
114201
114202
114203
114204
114205
114207
114209
114210
114211
114212
114214
114216
114217
114218
114219
114220
114221
114223
114226
114227
114228
114230
114231
114232
114233
114235
114236
114237
114239
114240
114242
114244
114249
114250
114251
114252
114253
114254
114255
114256
114257
114258
114259
114260
114261
114262
114263
114264
114265
114266
114268
114269
114270
114271
114272
114273
114274
114275
114276
114277
114278
114279
114280
114281
114282
114283
114284
114285
114286
114287
114288
114289
114290
114291
114292
114293
114294
114295
114296
114297
114298
114299
114300
114301
114302
114303
114304
114305
114306
114307
114308
114309
114310
114313
114314
114315
114316
114317
114318
114319
114320
114321
114322
114323
114324
114325
114326
114327
114328
114329
114331
114333
114334
114335
114336
114337
114339
114340
114342
114344
114345
114346
114348
114349
114351
114352
114353
114354
114355
114357
114358
114359
114360
114361
114362
114363
114364
114365
114366
114367
114368
114369
114370
114371
114374
114377
114378
114379
114381
114382
114383
114384
114385
114386
114387
114388
114390
114391
114392
114393
114394
114395
114396
114399
114400
114401
114402
114403
114404
114405
114407
114408
114409
114410
114411
114412
114413
114414
114415
114416
114417
114421
114422
114423
114426
114428
114429
114430
114431
114432
114433
114434
114437
114438
114440
114443
114446
114448
114450
114453
114455
114456
114458
114459
114460
114461
114462
114465
114466
114468
114469
114470
114475
114476
114477
114478
114480
114481
114482
114483
114484
114485
114488
114489
114490
114491
114492
114494
114496
114498
114499
114500
114501
114502
114503
114504
114505
114506
114507
114509
114510
114512
114513
114514
114516
114517
114520
114522
114523
114524
114525
114526
114527
114528
114529
114531
114533
114534
114536
114537
114540
114541
114543
114544
114545
114547
114548
114549
114550
114551
114553
114554
114555
114558
114559
114560
114561
114562
114564
114565
114566
114567
114568
114569
114572
114573
114574
114575
114576
114578
114579
114581
114582
114583
114584
114585
114586
114587
114590
114591
114592
114593
114594
114595
114598
114600
114601
114603
114604
114605
114607
114608
114609
114610
114612
114614
114615
114618
114620
114621
114623
114624
114625
114626
114628
114629
114630
114631
114632
114634
114635
114636
114637
114639
114641
114642
114643
114645
114646
114647
114649
114650
114651
114652
114653
114655
114656
114658
114659
114660
114663
114664
114666
114667
114668
114669
114670
114671
114672
114673
114674
114676
114678
114679
114680
114681
114682
114683
114684
114687
114688
114689
114690
114691
114692
114693
114694
114695
114697
114698
114699
114700
114701
114703
114704
114705
114707
114708
114709
114710
114712
114713
114714
114715
114718
114719
114720
114721
114722
114725
114726
114727
114730
114731
114732
114733
114734
114735
114736
114737
114739
114741
114742
114743
114744
114745
114747
114748
114751
114753
114754
114755
114756
114757
114758
114759
114760
114765
114766
114767
114768
114769
114770
114772
114773
114775
114777
114778
114779
114780
114781
114784
114787
114788
114790
114791
114793
114796
114798
114803
114804
114806
114807
114812
114813
114814
114815
114816
114818
114819
114820
114823
114828
114829
114834
114835
114837
114838
114839
114841
114843
114844
114845
114846
114847
114848
114850
114851
114854
114855
114856
114857
114858
114859
114860
114861
114863
114865
114867
114871
114873
114876
114878
114879
114881
114882
114892
114893
114895
114898
114899
114900
114901
114902
114904
114907
114908
114909
114910
114911
114913
114916
114918
114919
114922
114924
114926
114929
114930
114934
114935
114940
114941
114942
114945
114946
114948
114949
114950
114951
114952
114955
114956
114957
114960
114964
114965
114966
114967
114968
114969
114970
114971
114973
114975
114976
114977
114979
114982
114983
114984
114988
114991
114992
114997
115002
115004
115006
115008
115010
115013
115015
115017
115018
115019
115020
115021
115022
115024
115026
115028
115029
115030
115031
115034
115037
115038
115039
115040
115041
115042
115044
115045
115046
115047
115048
115052
115055
115058
115059
115061
115062
115064
115065
115066
115069
115075
115081
115084
115085
115088
115089
115091
115093
115096
115098
115101
115110
115113
115115
115120
115122
115123
115124
115127
115130
115131
115136
115137
115139
115143
115144
115148
115152
115154
115156
115158
115161
115163
115164
115165
115166
115168
115172
115179
115182
115192
115198
115202
115211
115213
115226
115239
115247
115254
115255
115256
115257
115261
115263
115264
115265
115270
115272
115274
115275
115277
115278
115279
115281
115284
115285
115286
115287
115292
115293
115295
115296
115298
115300
115301
115303
115306
115310
115312
115313
115318
115319
115322
115323
115335
115340
115341
115347
115349
115350
115351
115352
115353
115355
115356
115359
115360
115361
115364
115365
115367
115370
115373
115377
115379
115381
115384
115394
115395
115400
115401
115402
115405
115406
115411
115413
115414
115416
115421
115422
115424
115425
115427
115429
115430
115431
115433
115434
115435
115439
115441
115443
115444
115450
115452
115453
115455
115459
115460
115461
115466
115468
115469
115472
115473
115475
115480
115484
115489
115491
115492
115494
115495
115496
115498
115499
115503
115507
115508
115509
115511
115512
115513
115518
115520
115522
115524
115527
115533
115534
115536
115542
115549
115551
115552
115553
115554
115555
115556
115563
115565
115567
115574
115577
115581
115584
115585
115587
115589
115591
115593
115596
115598
115604
115606
115607
115608
115609
115612
115613
115615
115618
115620
115621
115631
115632
115633
115634
115636
115637
115640
115642
115643
115645
115646
115647
115648
115649
115650
115652
115653
115654
115655
115656
115657
115658
115659
115661
115663
115668
115669
115671
115673
115674
115675
115684
115685
115689
115690
115699
115700
115702
115704
115705
115707
115713
115714
115716
115721
115723
115724
115726
115730
115731
115735
115737
115740
115741
115742
115744
115752
115754
115755
115756
115757
115758
115762
115765
115767
115768
115769
115770
115774
115776
115777
115778
115781
115782
115785
115786
115787
115793
115798
115801
115805
115806
115807
115812
115820
115828
115831
115835
115839
115849
115850
115851
115859
115862
115867
115868
115869
115876
115880
115881
115884
115885
115886
115887
115888
115889
115891
115893
115897
115900
115901
115911
115912
115921
115922
115923
115926
115931
115933
115934
115935
115936
115941
115942
115943
115946
115947
115948
115949
115952
115953
115958
115959
115966
115967
115968
115969
115973
115979
115981
115982
115988
115990
115991
115993
115996
115998
115999
116003
116004
116006
116009
116010
116014
116016
116024
116027
116028
116029
116030
116031
116034
116036
116038
116040
116041
116046
116050
116053
116057
116060
116062
116063
116066
116067
116069
116071
116075
116077
116078
116083
116084
116085
116086
116088
116089
116091
116092
116093
116094
116098
116099
116102
116107
116108
116109
116110
116116
116117
116119
116121
116122
116124
116125
116129
116133
116134
116135
116137
116139
116145
116147
116148
116150
116154
116156
116159
116162
116163
116164
116167
116168
116171
116178
116179
116183
116193
116195
116197
116201
116202
116203
116205
116209
116222
116223
116226
116232
116235
116238
116239
116241
116245
116246
116247
116248
116249
116251
116253
116259
116261
116262
116271
116272
116273
116274
116275
116276
116277
116278
116279
116280
116281
116284
116285
116288
116290
116293
116294
116295
116296
116297
116298
116299
116300
116301
116304
116306
116309
116311
116314
116315
116319
116320
116321
116322
116324
116326
116334
116335
116338
116339
116340
116341
116346
116351
116352
116353
116357
116359
116360
116361
116363
116365
116366
116367
116369
116371
116374
116376
116377
116381
116382
116386
116389
116392
116393
116395
116396
116397
116399
116404
116406
116408
116409
116411
116412
116415
116417
116419
116423
116425
116430
116432
116435
116438
116441
116442
116444
116446
116449
116450
116451
116452
116453
116455
116457
116458
116462
116465
116468
116471
116474
116477
116483
116484
116485
116490
116495
116498
116503
116507
116514
116515
116519
116521
116522
116523
116529
116530
116532
116534
116537
116540
116541
116544
116545
116552
116553
116554
116557
116558
116559
116560
116561
116562
116563
116567
116568
116570
116571
116572
116574
116575
116576
116581
116583
116585
116586
116587
116588
116589
116592
116594
116597
116598
116599
116601
116603
116606
116608
116610
116614
116616
116617
116620
116621
116622
116623
116625
116628
116631
116632
116635
116636
116639
116640
116641
116643
116644
116646
116647
116648
116649
116650
116651
116652
116653
116654
116656
116659
116660
116661
116662
116664
116665
116666
116667
116668
116669
116672
116673
116674
116675
116677
116678
116679
116680
116682
116685
116688
116689
116690
116692
116693
116698
116700
116702
116706
116708
116709
116710
116711
116712
116714
116715
116717
116718
116719
116720
116721
116722
116723
116725
116728
116731
116734
116737
116738
116739
116740
116742
116743
116749
116750
116751
116752
116753
116754
116756
116757
116758
116760
116763
116766
116767
116768
116769
116770
116771
116772
116774
116776
116777
116778
116779
116784
116786
116787
116788
116790
116791
116792
116793
116794
116796
116797
116798
116799
116800
116801
116802
116805
116806
116807
116808
116809
116810
116813
116814
116818
116819
116820
116822
116823
116826
116827
116829
116830
116833
116834
116835
116837
116838
116839
116840
116841
116843
116844
116845
116846
116847
116848
116849
116850
116851
116852
116853
116854
116855
116856
116862
116863
116864
116865
116867
116868
116869
116870
116871
116872
116873
116874
116876
116877
116878
116879
116881
116882
116883
116884
116885
116886
116887
116888
116889
116890
116891
116892
116893
116895
116897
116898
116899
116900
116901
116905
116906
116907
116909
116910
116911
116914
116915
116917
116918
116919
116920
116921
116922
116923
116926
116927
116928
116930
116931
116932
116933
116935
116936
116937
116939
116940
116941
116942
116944
116946
116950
116951
116952
116953
116954
116956
116957
116958
116959
116961
116962
116963
116964
116965
116966
116967
116970
116971
116972
116973
116974
116975
116976
116977
116979
116980
116981
116982
116983
116984
116985
116986
116988
116990
116991
116993
116994
116997
116998
116999
117001
117002
117004
117007
117009
117010
117011
117012
117013
117017
117020
117021
117022
117023
117024
117025
117026
117029
117030
117031
117033
117034
117036
117039
117042
117043
117044
117046
117047
117054
117058
117059
117060
117061
117062
117063
117066
117068
117070
117071
117074
117076
117081
117084
117085
117086
117087
117088
117090
117093
117096
117098
117100
117104
117105
117108
117109
117110
117111
117113
117117
117119
117120
117125
117126
117128
117129
117130
117131
117132
117133
117134
117137
117141
117143
117148
117150
117151
117152
117153
117155
117156
117157
117159
117160
117168
117169
117176
117177
117181
117182
117187
117189
117191
117193
117195
117202
117203
117204
117205
117207
117208
117210
117211
117213
117215
117216
117217
117219
117221
117222
117223
117224
117226
117228
117229
117233
117234
117235
117238
117240
117242
117243
117253
117255
117256
117257
117258
117259
117261
117262
117263
117266
117267
117271
117273
117275
117277
117279
117280
117281
117282
117284
117285
117286
117287
117290
117292
117293
117294
117295
117296
117297
117298
117299
117300
117301
117302
117303
117304
117306
117309
117312
117313
117314
117316
117317
117319
117320
117321
117322
117325
117326
117328
117329
117330
117331
117332
117334
117335
117336
117337
117338
117342
117344
117346
117347
117349
117350
117351
117352
117353
117354
117355
117356
117357
117358
117359
117360
117361
117362
117363
117365
117366
117369
117370
117372
117373
117375
117376
117379
117380
117382
117387
117393
117394
117396
117398
117400
117406
117408
117409
117410
117412
117413
117414
117415
117417
117418
117419
117422
117423
117424
117425
117426
117427
117428
117429
117430
117431
117432
117433
117434
117435
117436
117437
117438
117439
117445
117450
117451
117452
117453
117454
117456
117458
117459
117462
117465
117468
117470
117472
117473
117477
117480
117481
117484
117485
117486
117487
117497
117498
117499
117502
117503
117505
117506
117508
117509
117514
117521
117529
117530
117532
117533
117536
117541
117543
117544
117545
117546
117547
117548
117550
117551
117552
117553
117556
117558
117559
117561
117563
117568
117569
117571
117572
117573
117575
117576
117577
117579
117580
117581
117584
117587
117588
117589
117590
117591
117592
117595
117596
117601
117602
117604
117605
117606
117607
117608
117609
117610
117611
117612
117616
117617
117623
117625
117627
117628
117631
117634
117635
117637
117638
117641
117642
117643
117644
117646
117647
117650
117651
117655
117657
117662
117663
117664
117667
117669
117670
117671
117672
117673
117674
117678
117679
117681
117682
117683
117684
117686
117687
117688
117693
117697
117699
117701
117703
117705
117707
117710
117711
117715
117716
117717
117720
117721
117722
117725
117728
117729
117731
117733
117734
117737
117739
117740
117741
117745
117748
117749
117750
117751
117752
117755
117756
117757
117760
117762
117770
117771
117776
117778
117780
117783
117789
117790
117792
117794
117798
117799
117801
117803
117804
117805
117806
117808
117809
117810
117811
117813
117814
117815
117818
117819
117820
117823
117824
117825
117826
117829
117830
117833
117834
117836
117838
117839
117840
117844
117845
117846
117849
117851
117856
117858
117867
117868
117869
117871
117872
117874
117877
117878
117879
117881
117890
117892
117893
117895
117898
117901
117903
117904
117906
117907
117909
117910
117915
117917
117921
117922
117925
117932
117933
117934
117936
117938
117939
117940
117941
117942
117947
117949
117950
117952
117953
117954
117958
117959
117961
117963
117964
117965
117966
117972
117974
117976
117977
117978
117980
117982
117983
117984
117985
117986
117988
117989
117991
117993
117995
117996
117997
117998
117999
118000
118001
118003
118004
118006
118007
118009
118010
118011
118015
118016
118017
118022
118024
118025
118026
118027
118028
118029
118030
118031
118032
118035
118036
118037
118041
118042
118043
118045
118047
118048
118049
118050
118051
118052
118053
118054
118055
118056
118057
118059
118060
118062
118063
118070
118071
118072
118073
118074
118075
118076
118077
118079
118080
118081
118083
118085
118086
118087
118091
118093
118094
118095
118096
118097
118099
118100
118101
118102
118103
118104
118105
118106
118107
118108
118109
118112
118118
118119
118121
118122
118124
118125
118126
118127
118129
118130
118131
118132
118133
118134
118135
118136
118137
118138
118139
118140
118141
118142
118144
118145
118146
118147
118148
118149
118150
118151
118152
118153
118154
118155
118156
118157
118158
118159
118160
118161
118163
118164
118165
118166
118167
118168
118169
118170
118172
118173
118174
118175
118176
118177
118178
118179
118180
118182
118183
118184
118185
118188
118189
118191
118192
118193
118194
118195
118196
118197
118198
118199
118200
118201
118202
118203
118204
118205
118206
118207
118208
118209
118211
118214
118215
118216
118218
118219
118220
118221
118222
118223
118225
118226
118227
118231
118234
118235
118236
118237
118238
118240
118241
118242
118244
118246
118248
118249
118250
118251
118252
118253
118254
118255
118256
118257
118258
118261
118262
118263
118264
118265
118266
118267
118268
118269
118270
118271
118273
118274
118277
118278
118279
118281
118282
118283
118284
118285
118287
118288
118289
118290
118291
118292
118293
118295
118297
118298
118301
118302
118304
118305
118306
118309
118311
118313
118314
118316
118317
118318
118319
118320
118321
118322
118323
118324
118325
118327
118329
118330
118331
118333
118334
118336
118337
118340
118341
118342
118343
118348
118349
118350
118351
118356
118357
118359
118366
118368
118369
118370
118371
118372
118373
118375
118378
118379
118380
118386
118387
118388
118391
118393
118397
118398
118400
118402
118404
118405
118407
118408
118409
118411
118414
118416
118417
118418
118419
118423
118424
118426
118427
118429
118430
118431
118432
118433
118434
118435
118436
118438
118439
118440
118441
118442
118443
118444
118445
118447
118448
118449
118450
118451
118453
118458
118459
118460
118461
118463
118464
118466
118467
118468
118470
118471
118472
118477
118478
118479
118481
118482
118484
118485
118486
118491
118492
118494
118495
118497
118498
118502
118503
118505
118506
118508
118509
118510
118511
118512
118513
118514
118516
118517
118518
118520
118523
118524
118525
118526
118527
118529
118530
118531
118533
118534
118535
118537
118542
118543
118544
118545
118546
118547
118550
118551
118552
118553
118554
118555
118556
118557
118558
118559
118561
118562
118563
118564
118565
118567
118570
118571
118572
118575
118576
118581
118582
118585
118590
118591
118592
118593
118600
118602
118603
118604
118605
118606
118607
118608
118610
118612
118613
118614
118616
118620
118623
118626
118632
118633
118641
118644
118646
118647
118650
118653
118656
118657
118662
118663
118664
118674
118676
118678
118679
118682
118683
118684
118685
118687
118690
118691
118693
118698
118701
118709
118710
118713
118715
118729
118730
118731
118735
118737
118742
118746
118747
118748
118749
118756
118758
118762
118765
118769
118770
118771
118776
118777
118778
118782
118785
118786
118792
118796
118798
118799
118802
118804
118808
118811
118814
118819
118820
118831
118832
118834
118835
118836
118837
118843
118846
118847
118848
118850
118854
118859
118866
118867
118870
118872
118873
118883
118885
118886
118891
118892
118893
118894
118898
118899
118901
118902
118903
118904
118906
118911
118912
118916
118917
118920
118922
118923
118926
118927
118928
118930
118931
118932
118934
118935
118936
118938
118939
118940
118944
118945
118947
118948
118950
118951
118952
118955
118956
118957
118958
118960
118963
118964
118966
118967
118968
118971
118973
118974
118975
118978
118979
118983
118987
118988
118989
118991
118992
118995
118996
118997
119000
119002
119005
119006
119007
119008
119010
119011
119012
119013
119014
119015
119017
119020
119021
119023
119024
119025
119026
119027
119028
119029
119030
119031
119032
119034
119036
119037
119039
119040
119041
119042
119044
119045
119046
119050
119051
119052
119053
119058
119061
119064
119065
119069
119070
119072
119074
119077
119079
119081
119082
119086
119087
119090
119091
119092
119093
119094
119096
119098
119099
119100
119101
119104
119105
119106
119107
119110
119111
119112
119113
119114
119115
119116
119117
119118
119119
119121
119122
119123
119124
119125
119126
119127
119128
119129
119130
119131
119132
119134
119135
119136
119137
119138
119139
119140
119142
119143
119145
119146
119147
119148
119149
119150
119151
119153
119154
119155
119156
119157
119159
119160
119161
119162
119164
119165
119166
119169
119171
119172
119173
119174
119175
119179
119180
119181
119182
119184
119185
119187
119189
119190
119191
119192
119193
119196
119197
119198
119200
119201
119202
119203
119205
119206
119207
119210
119211
119212
119217
119220
119222
119224
119225
119226
119227
119228
119229
119230
119232
119233
119236
119238
119239
119240
119241
119242
119244
119245
119246
119248
119249
119250
119252
119253
119254
119255
119256
119257
119258
119259
119260
119261
119264
119266
119268
119271
119272
119273
119274
119275
119276
119277
119279
119281
119282
119285
119286
119287
119288
119289
119291
119292
119294
119295
119297
119298
119302
119304
119305
119306
119308
119310
119312
119315
119318
119319
119321
119323
119324
119325
119326
119328
119330
119331
119332
119334
119335
119337
119338
119339
119340
119342
119343
119344
119345
119346
119348
119349
119350
119351
119356
119361
119362
119363
119365
119366
119368
119369
119370
119371
119372
119374
119375
119376
119377
119378
119379
119380
119381
119383
119384
119388
119389
119390
119391
119392
119393
119394
119395
119396
119397
119398
119399
119400
119401
119402
119403
119404
119405
119406
119407
119408
119410
119411
119413
119414
119415
119416
119417
119418
119421
119422
119423
119424
119425
119426
119427
119430
119431
119432
119433
119434
119435
119436
119437
119438
119439
119440
119441
119442
119443
119444
119445
119446
119447
119448
119449
119450
119451
119452
119453
119454
119456
119457
119458
119460
119461
119462
119463
119465
119466
119467
119468
119469
119471
119472
119474
119475
119476
119477
119478
119479
119480
119482
119483
119485
119486
119487
119488
119489
119490
119491
119492
119493
119494
119495
119496
119497
119498
119499
119500
119502
119504
119506
119507
119508
119509
119510
119511
119512
119513
119514
119515
119516
119517
119518
119519
119520
119521
119522
119523
119524
119525
119526
119527
119528
119529
119531
119532
119533
119534
119535
119536
119537
119538
119539
119540
119541
119542
119544
119545
119548
119550
119551
119553
119554
119556
119557
119558
119559
119560
119561
119562
119563
119566
119567
119568
119569
119570
119577
119578
119579
119581
119584
119585
119586
119588
119589
119590
119591
119592
119593
119594
119595
119596
119597
119598
119599
119601
119602
119603
119605
119606
119607
119608
119609
119610
119611
119612
119613
119617
119618
119619
119620
119621
119622
119623
119624
119625
119626
119627
119628
119629
119630
119632
119635
119636
119638
119641
119642
119643
119644
119645
119646
119647
119650
119652
119657
119658
119659
119660
119661
119662
119663
119664
119667
119669
119670
119671
119673
119674
119675
119676
119677
119678
119679
119680
119681
119683
119684
119686
119687
119689
119690
119691
119692
119693
119696
119697
119698
119699
119700
119701
119702
119706
119707
119708
119709
119710
119711
119712
119714
119716
119717
119718
119720
119721
119722
119723
119724
119725
119726
119727
119729
119732
119733
119734
119736
119737
119739
119742
119743
119744
119745
119746
119747
119748
119749
119750
119753
119754
119755
119756
119757
119759
119762
119765
119768
119769
119773
119774
119775
119776
119777
119778
119779
119780
119781
119783
119785
119786
119787
119788
119789
119791
119793
119794
119795
119796
119798
119799
119800
119801
119802
119803
119804
119805
119806
119807
119809
119810
119811
119812
119813
119814
119816
119817
119818
119819
119820
119823
119824
119825
119826
119829
119830
119831
119832
119833
119835
119837
119839
119842
119843
119844
119845
119846
119847
119848
119849
119851
119852
119853
119854
119855
119856
119857
119858
119859
119862
119863
119864
119865
119867
119868
119869
119870
119871
119872
119873
119874
119875
119876
119877
119878
119879
119880
119881
119883
119886
119887
119889
119892
119893
119894
119895
119896
119898
119899
119900
119902
119904
119905
119906
119907
119908
119910
119911
119912
119913
119914
119915
119918
119920
119921
119923
119924
119925
119926
119930
119932
119933
119934
119935
119936
119937
119938
119940
119942
119944
119945
119946
119948
119949
119950
119951
119953
119954
119955
119956
119958
119959
119960
119961
119963
119964
119965
119966
119967
119968
119969
119970
119971
119972
119973
119974
119975
119976
119978
119979
119980
119981
119982
119983
119984
119985
119986
119989
119990
119991
119992
119993
119994
119995
119996
119998
119999
120000
120001
120002
120003
120004
120005
120007
120011
120012
120013
120014
120015
120016
120017
120018
120019
120020
120021
120022
120023
120024
120025
120026
120028
120029
120030
120031
120032
120033
120034
120035
120036
120037
120038
120039
120040
120041
120042
120043
120044
120045
120046
120047
120048
120049
120050
120051
120053
120054
120055
120056
120057
120059
120061
120062
120063
120067
120068
120069
120070
120071
120072
120073
120074
120075
120076
120079
120080
120081
120082
120084
120085
120086
120087
120088
120089
120090
120091
120092
120093
120094
120099
120100
120101
120102
120103
120104
120105
120107
120108
120109
120111
120112
120113
120114
120115
120117
120118
120119
120121
120125
120126
120127
120132
120133
120134
120137
120138
120140
120143
120145
120146
120148
120149
120150
120151
120152
120153
120155
120158
120159
120160
120161
120163
120164
120165
120166
120167
120168
120169
120170
120171
120172
120173
120174
120175
120176
120177
120178
120180
120181
120183
120184
120185
120186
120187
120188
120190
120191
120192
120194
120196
120197
120198
120199
120200
120201
120202
120204
120205
120206
120207
120209
120210
120211
120212
120213
120214
120215
120216
120217
120218
120219
120223
120224
120225
120226
120227
120228
120230
120231
120232
120233
120234
120235
120238
120240
120241
120243
120245
120246
120247
120249
120250
120251
120252
120253
120254
120255
120256
120257
120258
120259
120260
120261
120262
120264
120266
120267
120268
120269
120270
120272
120275
120276
120277
120278
120279
120281
120284
120286
120287
120288
120290
120292
120295
120297
120298
120299
120301
120302
120304
120305
120306
120307
120308
120309
120310
120311
120312
120313
120314
120315
120316
120317
120318
120319
120322
120323
120324
120325
120330
120331
120332
120333
120337
120338
120339
120340
120341
120342
120343
120344
120345
120346
120347
120348
120349
120350
120351
120352
120353
120354
120355
120356
120358
120359
120360
120361
120362
120363
120364
120365
120366
120367
120369
120370
120371
120373
120375
120376
120377
120379
120380
120381
120382
120383
120385
120387
120388
120389
120390
120393
120394
120398
120399
120400
120401
120402
120403
120404
120405
120406
120407
120408
120410
120412
120413
120415
120416
120417
120421
120422
120424
120425
120427
120428
120431
120432
120433
120434
120435
120436
120437
120438
120440
120441
120442
120443
120444
120446
120447
120448
120449
120453
120455
120456
120457
120458
120459
120460
120461
120462
120464
120465
120466
120468
120470
120473
120475
120478
120479
120481
120483
120484
120485
120487
120491
120492
120493
120494
120495
120496
120497
120499
120500
120502
120503
120504
120505
120506
120507
120508
120509
120511
120513
120515
120516
120518
120519
120520
120521
120522
120523
120524
120525
120526
120527
120528
120529
120530
120531
120532
120533
120536
120537
120538
120539
120540
120541
120542
120544
120545
120546
120548
120554
120557
120558
120559
120560
120562
120563
120564
120568
120569
120570
120573
120575
120576
120579
120581
120582
120584
120585
120586
120587
120592
120594
120595
120597
120598
120600
120601
120603
120604
120605
120606
120607
120608
120609
120610
120612
120613
120615
120617
120618
120619
120620
120621
120623
120624
120625
120626
120628
120629
120630
120632
120633
120635
120636
120638
120639
120640
120642
120643
120644
120646
120648
120650
120651
120652
120653
120654
120655
120656
120657
120658
120659
120660
120661
120662
120664
120665
120666
120667
120668
120669
120670
120671
120673
120674
120675
120676
120677
120678
120679
120680
120681
120682
120683
120684
120685
120686
120687
120689
120690
120691
120692
120693
120695
120696
120697
120698
120699
120700
120701
120702
120704
120705
120706
120707
120708
120709
120712
120713
120714
120715
120716
120717
120718
120719
120720
120721
120722
120723
120724
120725
120726
120727
120729
120730
120731
120732
120734
120735
120736
120737
120738
120739
120740
120741
120742
120743
120744
120745
120746
120747
120748
120749
120750
120752
120753
120754
120756
120757
120758
120759
120760
120761
120763
120764
120766
120767
120768
120771
120772
120774
120776
120777
120778
120780
120781
120782
120783
120785
120787
120788
120789
120790
120791
120792
120793
120794
120796
120798
120799
120800
120802
120803
120804
120806
120808
120809
120810
120811
120812
120814
120816
120817
120818
120819
120820
120821
120823
120824
120826
120827
120829
120830
120831
120834
120835
120836
120837
120838
120839
120840
120841
120842
120843
120844
120847
120848
120849
120850
120851
120853
120854
120855
120857
120858
120859
120860
120861
120862
120863
120864
120865
120867
120869
120874
120875
120877
120878
120879
120880
120882
120883
120884
120886
120887
120888
120890
120892
120893
120894
120895
120897
120898
120899
120900
120902
120903
120904
120905
120906
120907
120908
120909
120910
120911
120912
120913
120914
120918
120919
120921
120924
120925
120927
120928
120929
120930
120931
120932
120933
120935
120936
120937
120940
120941
120942
120943
120945
120946
120947
120949
120951
120952
120954
120955
120956
120957
120958
120959
120961
120962
120964
120965
120970
120971
120972
120973
120974
120975
120976
120977
120978
120979
120980
120982
120985
120988
120990
120992
120995
120996
120998
120999
121000
121001
121003
121004
121005
121006
121007
121009
121010
121011
121012
121014
121015
121016
121017
121018
121019
121020
121021
121022
121023
121024
121025
121026
121027
121029
121031
121032
121035
121036
121038
121039
121040
121042
121043
121044
121046
121049
121050
121051
121052
121053
121054
121056
121057
121058
121059
121060
121063
121064
121066
121067
121069
121070
121073
121074
121075
121076
121077
121078
121079
121080
121082
121083
121084
121087
121088
121090
121091
121093
121094
121095
121097
121098
121100
121101
121103
121107
121108
121109
121110
121111
121112
121113
121114
121115
121118
121119
121120
121124
121125
121126
121127
121128
121130
121131
121132
121133
121134
121135
121136
121137
121139
121142
121144
121145
121146
121147
121148
121149
121150
121151
121152
121153
121154
121155
121156
121157
121158
121159
121163
121164
121165
121166
121167
121169
121170
121171
121172
121173
121175
121176
121177
121179
121180
121184
121185
121186
121187
121188
121189
121190
121191
121192
121194
121195
121196
121197
121198
121203
121204
121205
121206
121207
121208
121210
121211
121214
121215
121216
121217
121219
121220
121221
121222
121223
121224
121227
121228
121229
121230
121231
121232
121234
121235
121236
121237
121240
121242
121243
121244
121245
121246
121247
121248
121249
121250
121251
121252
121253
121254
121256
121259
121260
121261
121262
121263
121264
121265
121266
121268
121269
121270
121271
121272
121273
121274
121275
121276
121277
121278
121279
121281
121283
121284
121285
121286
121287
121288
121289
121290
121291
121292
121293
121294
121296
121297
121300
121301
121302
121303
121304
121306
121307
121309
121310
121311
121312
121313
121314
121315
121316
121317
121318
121319
121320
121323
121325
121326
121327
121328
121329
121331
121332
121333
121334
121336
121337
121338
121339
121342
121343
121344
121345
121346
121347
121348
121351
121352
121353
121354
121355
121356
121358
121361
121362
121363
121366
121367
121368
121369
121370
121371
121372
121373
121374
121375
121376
121378
121380
121382
121384
121385
121386
121387
121388
121389
121390
121393
121395
121396
121397
121398
121399
121400
121401
121402
121405
121406
121408
121409
121410
121411
121412
121416
121420
121421
121422
121423
121424
121425
121427
121428
121429
121430
121431
121433
121434
121435
121436
121437
121439
121441
121442
121443
121444
121445
121446
121448
121450
121451
121454
121455
121456
121458
121459
121460
121461
121462
121463
121464
121465
121466
121470
121471
121472
121474
121475
121476
121477
121478
121479
121481
121484
121485
121488
121489
121490
121491
121495
121496
121498
121501
121502
121503
121504
121505
121507
121510
121511
121512
121513
121515
121521
121522
121524
121526
121528
121529
121530
121533
121534
121535
121537
121538
121539
121542
121543
121544
121545
121547
121548
121549
121554
121555
121557
121560
121561
121562
121563
121568
121572
121573
121574
121577
121579
121582
121585
121586
121590
121591
121592
121593
121594
121595
121596
121597
121599
121602
121605
121607
121608
121609
121612
121613
121614
121616
121617
121618
121620
121621
121622
121623
121624
121627
121629
121630
121631
121633
121634
121635
121636
121638
121639
121640
121642
121643
121644
121645
121647
121648
121650
121651
121652
121653
121656
121657
121659
121660
121661
121663
121665
121666
121667
121668
121670
121671
121672
121674
121675
121676
121677
121678
121679
121680
121681
121682
121683
121684
121685
121687
121688
121689
121691
121693
121696
121697
121698
121699
121701
121702
121704
121705
121706
121707
121709
121710
121711
121712
121714
121716
121717
121718
121719
121720
121721
121722
121723
121724
121725
121726
121727
121728
121729
121730
121733
121736
121737
121738
121740
121748
121751
121752
121756
121759
121761
121768
121771
121772
121773
121774
121775
121776
121777
121779
121780
121781
121782
121783
121784
121786
121787
121788
121790
121792
121794
121795
121797
121798
121799
121802
121803
121804
121805
121806
121810
121812
121814
121815
121816
121817
121818
121819
121820
121821
121822
121823
121824
121825
121826
121827
121828
121829
121830
121832
121833
121834
121836
121838
121839
121840
121841
121843
121844
121845
121846
121848
121849
121853
121854
121855
121856
121857
121859
121860
121861
121862
121863
121864
121866
121867
121871
121872
121874
121876
121878
121879
121880
121881
121882
121885
121886
121887
121888
121892
121894
121899
121900
121901
121902
121903
121904
121905
121906
121907
121908
121909
121910
121911
121912
121913
121914
121916
121917
121918
121920
121921
121922
121923
121924
121925
121926
121927
121928
121929
121930
121931
121932
121933
121934
121935
121936
121937
121938
121939
121940
121942
121943
121944
121945
121946
121947
121948
121949
121950
121951
121952
121953
121954
121955
121956
121957
121959
121960
121961
121963
121964
121966
121967
121968
121969
121970
121971
121972
121974
121975
121976
121977
121978
121979
121980
121981
121982
121984
121985
121987
121988
121989
121990
121991
121992
121993
121995
121996
121997
121999
122000
122001
122002
122003
122004
122005
122006
122007
122008
122009
122010
122011
122012
122013
122014
122015
122016
122017
122019
122020
122021
122022
122023
122024
122025
122028
122029
122030
122031
122032
122033
122034
122035
122036
122037
122038
122039
122040
122041
122042
122043
122044
122045
122046
122047
122051
122052
122053
122054
122055
122056
122058
122059
122060
122061
122062
122063
122064
122065
122068
122069
122070
122071
122072
122073
122074
122075
122077
122078
122079
122080
122081
122082
122083
122084
122085
122086
122089
122090
122091
122092
122094
122097
122101
122103
122104
122105
122106
122107
122108
122109
122110
122111
122112
122118
122119
122120
122121
122123
122126
122127
122129
122131
122132
122134
122135
122136
122137
122138
122140
122141
122142
122143
122145
122152
122153
122155
122156
122160
122161
122163
122164
122165
122166
122167
122168
122169
122171
122173
122174
122175
122176
122177
122179
122182
122183
122184
122185
122186
122187
122188
122189
122192
122193
122194
122195
122196
122197
122199
122200
122201
122203
122204
122206
122207
122208
122209
122211
122212
122215
122216
122218
122219
122220
122221
122223
122224
122225
122226
122227
122228
122229
122232
122233
122234
122237
122238
122239
122242
122243
122244
122245
122246
122247
122248
122249
122250
122251
122252
122254
122255
122256
122257
122259
122260
122261
122262
122263
122264
122265
122266
122267
122268
122269
122271
122272
122274
122276
122277
122278
122279
122280
122281
122282
122284
122286
122287
122288
122290
122291
122293
122294
122296
122297
122298
122299
122300
122301
122302
122303
122304
122305
122307
122308
122309
122310
122312
122313
122314
122315
122316
122317
122318
122319
122322
122324
122325
122326
122327
122329
122330
122331
122333
122334
122335
122337
122338
122339
122340
122341
122342
122343
122344
122345
122346
122348
122349
122350
122351
122352
122353
122354
122355
122358
122359
122360
122361
122362
122363
122364
122365
122366
122370
122371
122372
122373
122375
122378
122379
122380
122381
122382
122383
122384
122387
122388
122389
122391
122392
122393
122395
122396
122399
122400
122403
122404
122405
122406
122407
122408
122409
122410
122412
122413
122414
122415
122417
122418
122419
122420
122421
122422
122423
122424
122425
122426
122427
122428
122429
122430
122431
122432
122435
122437
122438
122442
122443
122444
122445
122447
122450
122451
122452
122453
122454
122455
122462
122463
122464
122465
122466
122468
122473
122476
122477
122479
122481
122484
122486
122487
122488
122489
122490
122491
122492
122494
122495
122497
122499
122501
122502
122503
122504
122506
122507
122508
122509
122510
122511
122512
122516
122518
122521
122526
122532
122541
122543
122545
122546
122547
122548
122552
122555
122556
122557
122559
122560
122563
122573
122575
122577
122580
122583
122584
122585
122586
122587
122592
122595
122598
122601
122602
122603
122604
122605
122608
122609
122610
122618
122620
122621
122622
122624
122626
122629
122634
122637
122643
122649
122655
122656
122658
122659
122660
122662
122663
122664
122665
122666
122667
122668
122669
122670
122671
122673
122675
122676
122677
122679
122680
122681
122682
122684
122685
122686
122687
122688
122690
122691
122693
122695
122696
122697
122698
122699
122700
122702
122706
122708
122709
122713
122715
122716
122717
122718
122723
122727
122728
122729
122730
122737
122739
122740
122746
122747
122748
122751
122755
122760
122761
122764
122771
122774
122775
122776
122781
122782
122786
122787
122788
122795
122799
122804
122805
122806
122809
122812
122814
122815
122819
122820
122822
122823
122824
122831
122835
122836
122847
122848
122852
122858
122862
122865
122868
122892
122898
122904
122914
122917
122924
122925
122926
122927
122929
122930
122931
122932
122934
122937
122938
122941
122946
122953
122954
122969
122970
122971
122972
122973
122974
122975
122978
122983
122986
122989
122992
122994
122998
122999
123001
123004
123007
123008
123009
123010
123012
123015
123016
123018
123021
123023
123024
123025
123026
123028
123031
123036
123038
123040
123043
123046
123051
123055
123056
123058
123059
123063
123064
123068
123073
123078
123080
123081
123082
123083
123084
123085
123087
123088
123089
123092
123093
123094
123100
123103
123104
123110
123111
123112
123117
123121
123125
123127
123132
123135
123140
123141
123148
123149
123150
123155
123158
123159
123162
123163
123164
123166
123167
123170
123171
123172
123175
123177
123178
123183
123184
123185
123187
123190
123192
123194
123199
123203
123207
123208
123215
123218
123219
123222
123233
123238
123240
123242
123243
123246
123247
123249
123251
123252
123257
123259
123265
123269
123270
123271
123272
123274
123282
123286
123288
123289
123293
123294
123295
123296
123297
123298
123300
123305
123306
123307
123308
123309
123310
123312
123313
123314
123317
123319
123320
123321
123323
123326
123329
123330
123332
123333
123337
123339
123340
123350
123356
123357
123366
123371
123372
123376
123377
123380
123381
123382
123383
123389
123391
123392
123394
123395
123398
123399
123401
123402
123403
123404
123405
123406
123417
123419
123420
123421
123422
123424
123425
123426
123427
123428
123429
123431
123434
123435
123436
123437
123438
123441
123445
123450
123451
123470
123473
123490
123501
123508
123513
123525
123529
123530
123531
123533
123534
123537
123539
123540
123548
123549
123551
123558
123562
123565
123572
123573
123575
123582
123583
123584
123585
123587
123588
123589
123592
123593
123594
123597
123598
123600
123601
123602
123603
123604
123610
123613
123616
123617
123618
123620
123622
123627
123631
123633
123639
123642
123643
123644
123645
123646
123647
123654
123655
123656
123658
123659
123660
123661
123666
123671
123674
123677
123678
123680
123686
123691
123692
123693
123694
123698
123701
123703
123711
123718
123719
123726
123728
123731
123733
123736
123738
123739
123742
123744
123747
123749
123750
123751
123755
123761
123763
123764
123766
123770
123773
123774
123778
123779
123780
123782
123784
123789
123791
123793
123800
123801
123802
123803
123805
123806
123807
123808
123810
123813
123814
123815
123816
123820
123822
123828
123829
123832
123837
123838
123848
123850
123861
123863
123864
123865
123867
123869
123872
123873
123874
123876
123877
123882
123883
123884
123886
123889
123892
123896
123897
123899
123905
123908
123912
123915
123916
123918
123919
123920
123921
123923
123924
123925
123926
123928
123929
123930
123932
123933
123935
123936
123937
123939
123943
123944
123945
123946
123947
123948
123949
123951
123952
123955
123956
123957
123959
123960
123965
123967
123968
123969
123970
123971
123973
123974
123990
123991
123993
123998
124000
124002
124003
124004
124006
124009
124010
124011
124013
124014
124015
124016
124017
124020
124025
124027
124028
124029
124032
124037
124040
124041
124043
124044
124045
124051
124052
124055
124056
124058
124060
124062
124064
124065
124067
124070
124071
124072
124074
124075
124079
124080
124081
124083
124084
124085
124093
124096
124097
124099
124100
124101
124102
124106
124107
124108
124116
124119
124122
124123
124127
124129
124131
124132
124133
124136
124138
124139
124140
124144
124145
124147
124149
124151
124152
124159
124160
124164
124165
124169
124170
124174
124176
124177
124183
124184
124186
124188
124189
124190
124191
124192
124196
124198
124200
124201
124203
124204
124205
124207
124208
124209
124210
124211
124212
124214
124215
124216
124218
124223
124224
124225
124227
124229
124231
124232
124235
124237
124239
124241
124243
124244
124246
124248
124252
124253
124256
124261
124263
124266
124267
124271
124273
124275
124276
124280
124281
124282
124283
124285
124287
124290
124292
124294
124295
124296
124297
124298
124299
124302
124303
124304
124305
124306
124308
124310
124311
124312
124313
124314
124315
124316
124319
124320
124323
124325
124326
124327
124330
124334
124335
124339
124340
124341
124342
124343
124344
124345
124346
124348
124349
124350
124356
124357
124358
124359
124360
124361
124362
124363
124366
124368
124369
124372
124373
124383
124384
124386
124387
124390
124391
124393
124394
124395
124398
124400
124401
124402
124403
124404
124406
124410
124415
124417
124418
124419
124421
124422
124423
124424
124428
124429
124430
124432
124433
124435
124436
124437
124438
124439
124440
124442
124443
124444
124445
124446
124447
124448
124451
124452
124454
124455
124456
124457
124458
124459
124460
124461
124465
124466
124468
124470
124471
124472
124473
124474
124475
124476
124478
124479
124480
124482
124483
124484
124485
124486
124488
124489
124490
124492
124493
124496
124497
124498
124499
124501
124502
124503
124505
124506
124507
124508
124511
124513
124517
124518
124519
124520
124524
124525
124526
124527
124528
124529
124530
124533
124534
124535
124536
124538
124539
124542
124543
124545
124548
124550
124551
124552
124553
124555
124556
124558
124559
124560
124561
124562
124565
124566
124567
124569
124570
124571
124572
124573
124574
124577
124578
124579
124581
124582
124584
124586
124587
124588
124589
124590
124591
124592
124593
124595
124596
124598
124599
124601
124602
124603
124604
124606
124607
124608
124609
124610
124611
124613
124614
124615
124616
124618
124619
124622
124624
124626
124627
124629
124631
124632
124633
124634
124636
124637
124638
124640
124641
124643
124644
124647
124648
124649
124651
124652
124653
124658
124660
124662
124664
124665
124666
124667
124668
124671
124673
124674
124676
124677
124680
124682
124683
124685
124686
124687
124689
124690
124692
124693
124694
124695
124696
124697
124698
124708
124709
124710
124712
124713
124714
124715
124717
124718
124719
124721
124722
124723
124728
124729
124730
124731
124732
124735
124736
124737
124740
124742
124743
124744
124748
124749
124753
124755
124757
124758
124759
124760
124761
124762
124765
124768
124771
124774
124776
124779
124782
124783
124785
124786
124787
124788
124790
124791
124792
124794
124795
124796
124798
124799
124800
124801
124803
124804
124806
124807
124808
124810
124812
124814
124824
124826
124827
124829
124831
124832
124833
124834
124835
124838
124840
124848
124849
124850
124852
124854
124856
124859
124860
124861
124863
124865
124866
124867
124868
124870
124871
124872
124875
124876
124877
124885
124886
124887
124889
124890
124892
124893
124894
124895
124898
124899
124902
124903
124904
124906
124910
124914
124916
124917
124918
124919
124920
124921
124922
124925
124926
124927
124928
124931
124932
124933
124934
124936
124937
124938
124939
124942
124943
124944
124945
124946
124948
124949
124951
124953
124954
124955
124956
124957
124959
124962
124963
124964
124965
124966
124967
124968
124971
124972
124973
124976
124977
124978
124979
124980
124981
124982
124983
124984
124986
124987
124988
124990
124991
124993
124994
124996
124997
124998
125002
125003
125004
125005
125007
125008
125009
125010
125011
125012
125013
125014
125015
125016
125017
125018
125019
125021
125023
125024
125026
125028
125030
125032
125033
125038
125040
125043
125045
125049
125052
125053
125056
125058
125061
125065
125068
125069
125070
125073
125074
125075
125077
125079
125080
125082
125083
125084
125086
125087
125092
125100
125101
125102
125103
125104
125107
125108
125109
125110
125111
125114
125120
125125
125126
125129
125130
125131
125132
125135
125136
125137
125140
125147
125148
125153
125154
125156
125157
125158
125159
125160
125161
125162
125165
125168
125169
125170
125172
125173
125174
125175
125180
125182
125183
125184
125187
125188
125189
125193
125194
125195
125196
125199
125200
125201
125202
125203
125204
125205
125209
125211
125214
125219
125220
125222
125226
125227
125228
125230
125232
125238
125240
125241
125242
125243
125251
125253
125256
125258
125259
125260
125261
125262
125266
125269
125270
125271
125273
125274
125275
125279
125280
125281
125282
125283
125285
125286
125287
125288
125289
125290
125292
125294
125295
125297
125298
125300
125301
125304
125306
125307
125309
125310
125313
125314
125315
125321
125322
125323
125324
125326
125328
125329
125330
125336
125337
125338
125339
125342
125344
125346
125349
125352
125358
125362
125365
125366
125368
125370
125372
125379
125380
125383
125384
125390
125391
125393
125396
125398
125399
125403
125404
125405
125406
125412
125414
125417
125419
125422
125424
125425
125428
125429
125431
125435
125436
125438
125443
125446
125447
125450
125451
125452
125453
125454
125455
125456
125457
125458
125460
125461
125462
125463
125464
125465
125466
125467
125468
125469
125470
125471
125472
125474
125475
125478
125479
125481
125483
125484
125485
125488
125491
125492
125494
125495
125496
125499
125500
125502
125503
125505
125506
125507
125509
125512
125519
125522
125524
125525
125526
125528
125530
125531
125532
125541
125542
125543
125547
125549
125551
125552
125555
125557
125558
125561
125568
125572
125576
125584
125589
125591
125592
125594
125598
125601
125602
125603
125604
125607
125612
125613
125614
125615
125616
125617
125623
125624
125629
125630
125631
125632
125633
125634
125635
125636
125637
125639
125641
125643
125644
125647
125648
125649
125650
125651
125652
125653
125659
125662
125663
125665
125666
125668
125670
125671
125672
125673
125674
125675
125676
125677
125678
125679
125680
125682
125683
125685
125686
125687
125688
125690
125692
125694
125695
125696
125698
125699
125700
125701
125702
125703
125704
125705
125706
125707
125709
125713
125714
125715
125716
125719
125720
125721
125722
125724
125725
125728
125729
125730
125731
125732
125733
125734
125735
125736
125737
125739
125743
125744
125745
125746
125747
125748
125750
125751
125752
125753
125754
125755
125756
125757
125758
125762
125763
125765
125769
125770
125771
125772
125774
125775
125776
125777
125778
125779
125780
125781
125782
125783
125785
125786
125788
125789
125792
125793
125794
125797
125798
125801
125802
125803
125804
125805
125807
125808
125811
125812
125814
125815
125816
125817
125818
125819
125821
125823
125824
125826
125827
125828
125829
125830
125831
125833
125834
125835
125836
125839
125840
125841
125843
125844
125846
125847
125849
125850
125851
125852
125853
125854
125855
125858
125859
125861
125862
125864
125867
125868
125871
125872
125873
125875
125876
125877
125880
125881
125882
125885
125886
125888
125890
125891
125892
125893
125894
125895
125897
125899
125900
125901
125902
125903
125904
125905
125906
125907
125909
125913
125914
125915
125917
125918
125920
125922
125923
125925
125927
125928
125930
125931
125932
125934
125935
125936
125937
125938
125939
125940
125941
125942
125947
125948
125949
125951
125953
125954
125955
125956
125957
125959
125960
125961
125962
125963
125964
125965
125966
125967
125968
125969
125971
125973
125975
125976
125978
125979
125980
125981
125982
125983
125985
125987
125988
125990
125993
125994
125999
126000
126003
126004
126006
126009
126010
126012
126013
126014
126016
126019
126020
126021
126022
126023
126024
126025
126026
126028
126029
126030
126031
126035
126037
126038
126039
126040
126041
126043
126045
126046
126048
126051
126054
126055
126056
126057
126058
126060
126062
126064
126065
126072
126073
126076
126079
126080
126081
126082
126083
126085
126086
126088
126089
126090
126091
126094
126095
126096
126097
126098
126099
126100
126106
126108
126109
126110
126112
126113
126115
126116
126117
126118
126120
126121
126122
126123
126124
126128
126132
126136
126137
126138
126139
126144
126145
126147
126148
126149
126155
126156
126157
126162
126163
126169
126170
126172
126175
126177
126178
126179
126180
126182
126183
126184
126185
126186
126187
126188
126189
126193
126194
126195
126197
126198
126199
126200
126201
126206
126209
126212
126213
126214
126215
126216
126217
126220
126221
126222
126223
126224
126225
126227
126231
126232
126236
126239
126240
126241
126243
126244
126246
126249
126252
126254
126255
126257
126258
126261
126262
126263
126264
126265
126267
126268
126269
126270
126274
126276
126283
126289
126291
126296
126299
126300
126301
126306
126311
126312
126316
126322
126326
126328
126329
126331
126332
126333
126335
126337
126338
126340
126341
126345
126349
126353
126357
126358
126361
126368
126371
126376
126377
126378
126381
126382
126387
126390
126394
126395
126396
126397
126407
126409
126418
126419
126423
126428
126429
126432
126433
126434
126436
126437
126440
126445
126446
126449
126450
126453
126458
126460
126463
126468
126473
126476
126481
126486
126487
126488
126489
126493
126514
126518
126520
126523
126536
126537
126543
126544
126545
126548
126550
126552
126555
126557
126558
126559
126560
126562
126563
126567
126568
126571
126572
126573
126577
126579
126581
126582
126585
126586
126587
126588
126589
126590
126592
126596
126597
126598
126599
126600
126601
126603
126605
126606
126612
126614
126616
126617
126618
126619
126620
126623
126624
126626
126627
126629
126630
126632
126633
126634
126635
126636
126637
126638
126639
126640
126642
126643
126644
126645
126646
126647
126648
126653
126654
126656
126657
126658
126660
126663
126668
126669
126670
126671
126672
126674
126676
126677
126678
126679
126680
126682
126685
126687
126689
126690
126692
126695
126698
126699
126700
126701
126702
126703
126704
126705
126706
126707
126709
126710
126711
126714
126716
126718
126719
126721
126722
126724
126727
126728
126729
126732
126733
126734
126735
126738
126739
126740
126741
126742
126743
126744
126746
126747
126748
126749
126751
126755
126756
126757
126758
126759
126760
126761
126762
126763
126764
126766
126767
126768
126769
126770
126772
126773
126774
126775
126776
126778
126779
126780
126781
126782
126784
126787
126789
126790
126792
126793
126795
126796
126797
126798
126800
126803
126805
126806
126807
126808
126809
126810
126812
126814
126815
126816
126817
126819
126820
126821
126822
126823
126824
126825
126826
126829
126830
126831
126832
126835
126838
126839
126840
126841
126842
126844
126845
126846
126847
126848
126849
126850
126851
126852
126853
126856
126862
126867
126868
126869
126871
126873
126875
126876
126877
126879
126881
126885
126886
126889
126890
126891
126892
126893
126894
126895
126896
126897
126898
126899
126901
126902
126903
126904
126906
126907
126908
126909
126910
126911
126912
126913
126914
126915
126917
126919
126920
126921
126922
126924
126925
126926
126927
126928
126930
126931
126932
126933
126934
126937
126939
126944
126946
126950
126952
126953
126954
126956
126957
126958
126959
126962
126963
126964
126965
126966
126967
126968
126969
126975
126976
126977
126978
126980
126981
126982
126983
126985
126986
126988
126990
126991
126992
126993
126994
126995
126996
126997
126999
127001
127002
127008
127011
127013
127014
127015
127017
127018
127021
127022
127023
127025
127026
127027
127029
127030
127031
127032
127034
127035
127036
127039
127040
127041
127043
127044
127045
127048
127050
127051
127053
127055
127056
127057
127058
127059
127062
127063
127064
127065
127066
127068
127069
127070
127073
127076
127077
127078
127081
127082
127084
127085
127086
127087
127089
127090
127091
127092
127093
127095
127096
127097
127099
127101
127103
127105
127106
127107
127109
127110
127111
127112
127114
127115
127116
127117
127118
127119
127120
127122
127125
127126
127127
127129
127131
127132
127135
127137
127138
127139
127141
127143
127145
127146
127147
127149
127150
127152
127153
127157
127158
127159
127160
127161
127162
127163
127164
127165
127166
127167
127168
127169
127170
127173
127174
127175
127176
127177
127178
127179
127181
127182
127183
127184
127185
127187
127188
127191
127192
127195
127196
127199
127200
127203
127204
127205
127206
127207
127209
127212
127213
127214
127215
127216
127217
127218
127219
127220
127221
127222
127227
127228
127229
127230
127232
127233
127234
127235
127236
127237
127238
127240
127241
127242
127243
127244
127245
127246
127247
127248
127249
127250
127251
127252
127253
127256
127258
127260
127262
127263
127264
127265
127266
127267
127268
127269
127270
127271
127272
127274
127275
127276
127277
127278
127280
127283
127285
127288
127291
127292
127293
127294
127295
127296
127297
127298
127300
127302
127304
127305
127308
127310
127311
127313
127314
127315
127316
127320
127323
127324
127325
127327
127328
127329
127330
127331
127332
127333
127335
127336
127337
127338
127339
127340
127341
127342
127343
127344
127345
127347
127348
127349
127350
127351
127352
127353
127354
127355
127356
127357
127358
127359
127361
127362
127363
127364
127365
127366
127367
127368
127369
127370
127371
127372
127374
127376
127377
127378
127382
127383
127384
127385
127386
127387
127388
127389
127390
127391
127392
127393
127394
127395
127396
127397
127399
127400
127401
127404
127405
127406
127407
127409
127410
127411
127414
127415
127416
127417
127418
127420
127421
127423
127424
127426
127427
127428
127429
127431
127432
127433
127434
127435
127436
127437
127439
127440
127441
127442
127443
127444
127446
127447
127449
127450
127453
127454
127455
127457
127459
127460
127461
127466
127467
127468
127469
127470
127472
127474
127475
127476
127479
127481
127482
127484
127485
127486
127490
127494
127495
127496
127498
127499
127500
127501
127502
127503
127504
127505
127506
127507
127508
127509
127510
127512
127513
127514
127515
127516
127518
127519
127520
127521
127522
127523
127524
127525
127526
127528
127529
127531
127532
127533
127534
127535
127536
127537
127538
127539
127542
127543
127544
127545
127546
127547
127550
127551
127552
127553
127558
127559
127560
127562
127563
127564
127565
127566
127567
127568
127569
127571
127574
127576
127577
127578
127579
127580
127581
127582
127584
127585
127586
127587
127588
127589
127590
127591
127592
127593
127596
127597
127598
127599
127600
127601
127602
127603
127604
127605
127607
127608
127609
127610
127611
127613
127614
127615
127616
127617
127618
127619
127620
127623
127624
127625
127626
127627
127628
127629
127630
127634
127635
127636
127637
127638
127639
127640
127641
127642
127643
127644
127645
127646
127648
127649
127650
127651
127652
127653
127654
127655
127656
127657
127658
127659
127660
127661
127662
127663
127664
127667
127668
127669
127670
127671
127673
127674
127675
127676
127677
127680
127681
127682
127683
127684
127685
127686
127687
127688
127689
127690
127691
127693
127694
127695
127696
127697
127698
127701
127703
127704
127705
127706
127707
127708
127711
127713
127715
127717
127718
127719
127720
127721
127722
127724
127725
127728
127729
127730
127731
127732
127733
127735
127737
127738
127740
127741
127742
127743
127744
127745
127746
127747
127748
127749
127750
127751
127753
127754
127755
127756
127757
127758
127759
127761
127762
127763
127764
127767
127769
127770
127771
127772
127774
127775
127776
127779
127780
127781
127782
127783
127784
127785
127786
127788
127789
127792
127793
127794
127796
127797
127799
127800
127801
127802
127803
127804
127805
127806
127808
127809
127810
127811
127814
127817
127818
127819
127820
127821
127822
127823
127825
127826
127827
127828
127829
127831
127832
127833
127834
127835
127836
127837
127838
127839
127840
127843
127844
127845
127846
127847
127849
127850
127852
127853
127854
127855
127856
127857
127858
127859
127860
127861
127862
127863
127864
127865
127866
127868
127869
127870
127871
127874
127875
127876
127877
127878
127879
127880
127881
127882
127883
127884
127885
127887
127888
127890
127891
127892
127893
127894
127896
127897
127900
127901
127902
127903
127904
127905
127906
127908
127909
127910
127911
127912
127913
127914
127915
127916
127918
127919
127921
127923
127926
127927
127928
127929
127930
127931
127932
127933
127935
127937
127938
127939
127940
127941
127942
127944
127945
127946
127947
127948
127949
127951
127952
127953
127955
127956
127957
127958
127962
127963
127964
127965
127966
127968
127969
127972
127976
127977
127978
127979
127982
127983
127984
127985
127988
127989
127990
127991
127992
127993
127994
127995
127996
127998
127999
128000
128001
128002
128003
128004
128005
128006
128007
128008
128009
128011
128012
128013
128014
128015
128016
128017
128018
128019
128020
128021
128026
128027
128028
128029
128030
128031
128033
128034
128035
128036
128038
128039
128040
128041
128044
128045
128049
128050
128051
128053
128054
128055
128056
128057
128058
128059
128060
128062
128063
128064
128066
128067
128068
128069
128071
128073
128074
128076
128077
128078
128080
128081
128082
128083
128084
128085
128086
128088
128091
128092
128094
128095
128099
128100
128101
128102
128104
128109
128110
128111
128112
128113
128114
128115
128116
128117
128121
128122
128123
128126
128128
128129
128130
128132
128133
128135
128136
128138
128139
128140
128141
128143
128145
128146
128147
128148
128149
128150
128151
128152
128153
128154
128155
128156
128157
128158
128159
128161
128162
128163
128166
128167
128168
128170
128171
128173
128178
128179
128181
128183
128184
128186
128187
128188
128190
128191
128192
128193
128196
128200
128201
128202
128204
128205
128206
128209
128213
128214
128217
128218
128219
128222
128223
128224
128225
128227
128231
128232
128234
128235
128236
128237
128240
128243
128244
128246
128247
128248
128249
128252
128253
128254
128256
128259
128260
128261
128262
128263
128265
128267
128268
128270
128271
128272
128273
128274
128275
128276
128277
128278
128279
128280
128281
128282
128287
128290
128291
128292
128293
128294
128295
128297
128298
128299
128301
128303
128304
128305
128306
128307
128309
128310
128312
128313
128314
128315
128316
128317
128319
128320
128321
128322
128323
128324
128325
128326
128327
128329
128330
128331
128332
128333
128334
128335
128336
128337
128338
128339
128340
128341
128342
128343
128344
128345
128346
128347
128348
128349
128351
128353
128354
128355
128356
128357
128358
128359
128360
128361
128362
128364
128366
128368
128369
128370
128371
128372
128373
128374
128375
128376
128377
128378
128380
128381
128382
128383
128384
128385
128386
128387
128390
128393
128396
128397
128398
128399
128401
128403
128404
128405
128406
128407
128408
128409
128410
128412
128414
128418
128419
128422
128423
128424
128425
128426
128427
128428
128429
128430
128431
128432
128433
128434
128435
128436
128437
128438
128439
128440
128441
128442
128443
128445
128448
128449
128450
128452
128454
128455
128457
128458
128459
128460
128461
128462
128463
128465
128466
128468
128469
128470
128471
128473
128478
128480
128484
128485
128486
128487
128488
128489
128490
128491
128492
128493
128494
128495
128497
128498
128499
128500
128501
128502
128503
128504
128505
128509
128510
128511
128513
128514
128515
128516
128517
128518
128519
128520
128523
128525
128526
128527
128529
128530
128531
128533
128534
128535
128537
128538
128539
128541
128542
128544
128545
128546
128547
128548
128549
128550
128551
128552
128553
128554
128555
128557
128562
128563
128565
128566
128568
128569
128570
128572
128576
128579
128581
128582
128583
128584
128585
128586
128587
128588
128591
128592
128593
128594
128595
128597
128599
128600
128601
128603
128604
128606
128607
128608
128611
128612
128616
128618
128619
128620
128622
128623
128625
128626
128627
128628
128629
128630
128631
128632
128633
128636
128637
128638
128640
128641
128645
128647
128648
128651
128652
128654
128656
128657
128658
128659
128660
128661
128662
128663
128664
128665
128667
128668
128669
128670
128671
128672
128673
128674
128675
128676
128678
128682
128683
128685
128687
128689
128691
128692
128693
128694
128695
128696
128697
128700
128701
128702
128703
128704
128705
128707
128708
128709
128710
128711
128713
128714
128715
128717
128718
128720
128721
128722
128723
128724
128725
128726
128727
128728
128729
128730
128731
128732
128733
128734
128736
128737
128738
128739
128741
128742
128743
128744
128745
128746
128748
128750
128752
128754
128755
128756
128757
128758
128762
128763
128764
128765
128766
128767
128769
128771
128773
128774
128775
128776
128777
128778
128779
128780
128781
128782
128784
128785
128786
128787
128788
128789
128790
128792
128795
128797
128798
128799
128800
128801
128802
128804
128806
128807
128808
128809
128810
128811
128814
128815
128817
128818
128821
128823
128824
128827
128828
128830
128835
128836
128837
128840
128841
128842
128844
128845
128846
128848
128850
128852
128853
128854
128856
128859
128861
128863
128865
128866
128872
128873
128879
128881
128883
128885
128886
128887
128888
128889
128890
128891
128892
128895
128896
128897
128898
128899
128900
128901
128902
128903
128904
128905
128906
128907
128908
128909
128911
128912
128913
128914
128915
128916
128917
128918
128919
128920
128923
128924
128926
128927
128928
128929
128930
128932
128933
128934
128935
128936
128937
128938
128939
128940
128941
128942
128943
128945
128946
128947
128948
128949
128951
128952
128953
128954
128955
128956
128958
128959
128961
128962
128963
128964
128965
128966
128967
128968
128969
128970
128971
128972
128973
128974
128975
128976
128977
128979
128980
128981
128982
128983
128984
128985
128986
128988
128989
128990
128991
128992
128994
128995
128996
128997
128998
128999
129000
129001
129002
129003
129004
129005
129006
129007
129008
129009
129010
129011
129012
129013
129017
129018
129019
129021
129022
129023
129024
129025
129026
129027
129028
129029
129030
129035
129036
129037
129038
129043
129044
129046
129047
129050
129052
129056
129057
129059
129060
129062
129064
129065
129067
129069
129071
129072
129073
129074
129078
129080
129082
129084
129085
129087
129089
129090
129091
129096
129097
129098
129099
129100
129101
129102
129104
129105
129109
129110
129111
129112
129113
129116
129117
129118
129119
129121
129122
129123
129124
129125
129126
129128
129129
129130
129131
129133
129134
129135
129136
129138
129139
129140
129141
129143
129144
129145
129146
129148
129150
129152
129155
129156
129159
129162
129163
129165
129169
129170
129171
129172
129173
129174
129177
129178
129179
129181
129186
129187
129189
129190
129192
129194
129195
129197
129198
129199
129202
129203
129205
129206
129209
129211
129212
129214
129216
129218
129219
129223
129225
129226
129229
129231
129236
129237
129238
129239
129240
129241
129242
129243
129245
129246
129247
129251
129254
129257
129259
129260
129267
129268
129269
129271
129272
129273
129275
129279
129280
129281
129282
129285
129287
129288
129289
129290
129291
129293
129294
129295
129296
129297
129302
129303
129305
129306
129307
129308
129309
129310
129312
129313
129314
129315
129316
129318
129319
129321
129323
129324
129325
129328
129329
129330
129331
129332
129333
129335
129336
129337
129339
129340
129341
129342
129343
129344
129345
129347
129348
129349
129350
129351
129352
129353
129355
129357
129358
129359
129361
129362
129363
129366
129367
129368
129370
129371
129372
129374
129375
129377
129378
129379
129380
129381
129386
129387
129389
129390
129391
129392
129399
129400
129401
129403
129406
129409
129410
129411
129413
129414
129415
129417
129419
129422
129424
129425
129426
129427
129428
129429
129430
129431
129433
129434
129435
129436
129437
129438
129439
129440
129441
129443
129444
129446
129448
129449
129450
129452
129453
129454
129455
129459
129461
129462
129463
129466
129467
129468
129469
129471
129472
129473
129474
129475
129477
129478
129479
129480
129483
129484
129485
129487
129490
129491
129493
129494
129495
129496
129497
129498
129499
129501
129502
129504
129505
129506
129507
129508
129509
129510
129513
129514
129517
129519
129521
129522
129523
129525
129526
129528
129530
129531
129532
129534
129535
129538
129541
129542
129543
129544
129545
129546
129548
129550
129551
129552
129553
129554
129555
129557
129558
129559
129560
129561
129562
129563
129564
129565
129566
129567
129568
129569
129571
129572
129573
129574
129575
129576
129577
129578
129579
129581
129582
129583
129584
129585
129586
129587
129588
129589
129590
129591
129592
129593
129594
129595
129596
129597
129598
129599
129600
129601
129602
129603
129605
129606
129607
129608
129609
129610
129611
129612
129615
129616
129617
129618
129619
129620
129622
129623
129624
129625
129626
129627
129628
129629
129630
129631
129632
129634
129635
129636
129639
129640
129641
129642
129643
129644
129645
129646
129647
129648
129650
129651
129652
129653
129654
129655
129656
129657
129658
129659
129660
129661
129662
129663
129664
129665
129666
129668
129670
129671
129672
129673
129674
129675
129676
129678
129680
129681
129682
129683
129684
129685
129687
129688
129689
129691
129692
129693
129694
129695
129696
129697
129698
129699
129702
129703
129704
129705
129706
129707
129708
129709
129710
129711
129712
129713
129714
129715
129716
129717
129719
129722
129724
129725
129726
129727
129729
129730
129731
129733
129734
129735
129736
129737
129739
129740
129742
129743
129745
129746
129747
129748
129749
129750
129752
129754
129755
129756
129757
129758
129760
129762
129763
129764
129766
129768
129769
129770
129773
129774
129775
129776
129777
129779
129780
129781
129783
129784
129786
129788
129789
129791
129792
129793
129794
129795
129796
129802
129803
129806
129807
129808
129809
129811
129814
129815
129816
129817
129818
129820
129821
129822
129824
129826
129827
129828
129829
129830
129832
129833
129834
129835
129836
129838
129839
129841
129843
129844
129845
129846
129847
129848
129850
129852
129854
129855
129857
129858
129859
129860
129861
129862
129863
129865
129866
129867
129869
129870
129871
129872
129873
129874
129875
129876
129877
129878
129879
129880
129881
129882
129883
129884
129885
129886
129888
129889
129890
129891
129892
129893
129894
129895
129896
129898
129899
129900
129902
129904
129905
129906
129907
129908
129909
129910
129911
129912
129914
129916
129917
129918
129919
129920
129921
129922
129923
129924
129925
129928
129929
129930
129931
129932
129933
129935
129936
129937
129938
129940
129941
129943
129945
129946
129947
129948
129949
129950
129951
129953
129954
129955
129957
129959
129960
129961
129963
129966
129967
129968
129969
129970
129971
129973
129977
129979
129980
129981
129982
129984
129985
129987
129988
129989
129991
129993
129994
129995
129996
129997
129998
129999
130000
130001
130002
130003
130004
130005
130006
130007
130008
130009
130011
130012
130013
130014
130015
130016
130017
130018
130019
130020
130021
130022
130023
130024
130026
130027
130029
130030
130031
130032
130033
130034
130035
130036
130038
130039
130040
130042
130043
130044
130045
130046
130047
130048
130050
130051
130052
130053
130054
130055
130056
130057
130058
130059
130061
130063
130064
130065
130067
130069
130070
130072
130073
130074
130077
130079
130080
130081
130083
130085
130094
130102
130103
130104
130105
130106
130107
130108
130109
130110
130114
130115
130117
130120
130123
130128
130131
130133
130135
130139
130141
130144
130145
130147
130152
130153
130155
130157
130158
130159
130160
130161
130162
130163
130164
130165
130167
130169
130172
130174
130180
130182
130188
130194
130200
130202
130203
130208
130209
130210
130211
130212
130214
130217
130219
130220
130222
130223
130224
130226
130229
130231
130232
130233
130235
130237
130238
130255
130257
130258
130259
130264
130265
130266
130269
130270
130271
130272
130273
130274
130277
130278
130279
130280
130283
130284
130286
130295
130300
130301
130302
130303
130306
130307
130308
130309
130311
130315
130316
130318
130319
130320
130321
130322
130323
130324
130328
130330
130332
130333
130337
130339
130340
130341
130342
130343
130344
130345
130346
130347
130348
130349
130350
130351
130353
130362
130368
130370
130375
130399
130401
130402
130404
130406
130407
130410
130414
130415
130418
130422
130424
130426
130427
130428
130430
130431
130435
130438
130443
130444
130445
130446
130448
130451
130456
130457
130458
130461
130462
130463
130464
130465
130466
130467
130468
130469
130470
130473
130475
130476
130479
130482
130493
130494
130499
130518
130528
130529
130542
130548
130549
130557
130558
130559
130561
130565
130566
130574
130575
130576
130577
130578
130579
130580
130581
130582
130583
130585
130588
130600
130601
130602
130606
130611
130612
130616
130623
130624
130630
130631
130634
130635
130643
130645
130648
130650
130652
130654
130659
130662
130663
130665
130666
130672
130685
130686
130687
130688
130695
130696
130697
130700
130703
130707
130712
130714
130715
130716
130718
130719
130724
130725
130726
130729
130731
130733
130737
130739
130741
130743
130745
130751
130753
130755
130756
130760
130763
130770
130771
130777
130781
130782
130783
130791
130798
130800
130801
130802
130805
130809
130810
130811
130813
130815
130816
130828
130829
130830
130832
130834
130835
130836
130842
130843
130844
130849
130856
130857
130858
130863
130876
130877
130878
130879
130882
130884
130888
130889
130891
130894
130895
130896
130897
130898
130900
130903
130906
130910
130921
130922
130923
130925
130929
130933
130936
130937
130939
130940
130942
130944
130945
130947
130948
130949
130950
130951
130953
130954
130955
130956
130957
130958
130959
130960
130961
130963
130964
130968
130969
130971
130973
130975
130976
130979
130985
130987
130988
130989
130995
130998
131002
131007
131010
131012
131014
131015
131016
131017
131023
131025
131029
131030
131031
131032
131033
131034
131039
131044
131045
131046
131050
131052
131054
131058
131060
131068
131069
131072
131075
131076
131077
131079
131080
131085
131087
131098
131108
131111
131120
131127
131138
131149
131165
131171
131179
131181
131182
131183
131184
131185
131191
131202
131204
131210
131212
131213
131214
131215
131216
131220
131224
131229
131232
131233
131235
131240
131243
131244
131245
131246
131247
131248
131252
131255
131258
131263
131268
131275
131281
131283
131284
131290
131291
131293
131294
131295
131299
131300
131301
131304
131306
131307
131308
131309
131310
131318
131319
131323
131327
131330
131332
131333
131335
131336
131342
131345
131349
131350
131354
131355
131359
131363
131364
131371
131375
131383
131384
131393
131394
131395
131400
131409
131411
131412
131414
131415
131416
131418
131419
131420
131421
131422
131424
131431
131433
131435
131445
131451
131452
131453
131454
131457
131460
131462
131463
131466
131467
131472
131475
131479
131484
131486
131494
131496
131499
131500
131501
131512
131514
131521
131523
131524
131528
131533
131534
131535
131546
131549
131550
131551
131552
131556
131559
131563
131564
131570
131573
131575
131576
131581
131582
131587
131588
131592
131594
131595
131596
131598
131599
131600
131601
131602
131603
131604
131610
131611
131613
131616
131618
131620
131621
131622
131628
131633
131642
131643
131644
131646
131649
131653
131654
131655
131657
131659
131660
131662
131663
131665
131666
131668
131671
131672
131673
131675
131677
131679
131680
131683
131688
131689
131690
131691
131694
131695
131697
131698
131702
131707
131708
131709
131711
131712
131713
131714
131715
131716
131717
131721
131722
131724
131730
131731
131734
131736
131741
131742
131744
131745
131747
131749
131750
131753
131759
131761
131764
131767
131768
131769
131773
131778
131779
131780
131781
131782
131784
131788
131789
131790
131791
131793
131795
131798
131799
131802
131803
131805
131809
131810
131811
131815
131817
131818
131823
131825
131826
131827
131828
131829
131834
131837
131840
131842
131843
131847
131848
131849
131851
131852
131855
131856
131857
131860
131861
131863
131864
131866
131868
131870
131874
131875
131876
131878
131879
131880
131881
131883
131886
131888
131891
131892
131894
131895
131896
131899
131902
131904
131905
131906
131907
131908
131913
131915
131916
131918
131919
131921
131922
131923
131928
131929
131930
131932
131933
131935
131936
131938
131939
131941
131945
131946
131948
131949
131951
131952
131954
131955
131958
131959
131961
131962
131964
131965
131969
131970
131971
131974
131975
131976
131977
131980
131981
131982
131984
131985
131990
131991
131992
131993
131999
132000
132002
132003
132007
132009
132010
132011
132012
132013
132014
132015
132017
132020
132021
132024
132025
132028
132029
132031
132038
132041
132043
132044
132045
132046
132050
132051
132052
132053
132054
132055
132058
132059
132060
132062
132063
132064
132065
132066
132067
132069
132070
132071
132072
132073
132074
132075
132076
132077
132079
132081
132083
132087
132088
132091
132094
132095
132096
132098
132099
132100
132101
132102
132103
132105
132107
132109
132110
132111
132116
132119
132120
132121
132123
132124
132125
132126
132128
132129
132130
132131
132134
132136
132137
132138
132140
132141
132143
132144
132146
132147
132149
132152
132154
132155
132156
132157
132159
132167
132168
132170
132171
132173
132175
132176
132177
132178
132179
132180
132182
132183
132184
132185
132186
132187
132188
132189
132191
132192
132194
132195
132196
132197
132199
132200
132201
132203
132204
132205
132206
132207
132208
132209
132210
132211
132212
132213
132218
132219
132220
132221
132222
132223
132224
132225
132228
132229
132231
132233
132235
132239
132240
132241
132242
132243
132244
132246
132247
132249
132250
132251
132252
132255
132256
132258
132259
132260
132261
132264
132265
132266
132267
132268
132270
132271
132272
132273
132274
132275
132277
132278
132280
132281
132282
132283
132284
132285
132287
132288
132289
132291
132292
132296
132297
132298
132299
132300
132302
132303
132304
132305
132309
132311
132314
132315
132317
132319
132321
132323
132324
132325
132326
132328
132329
132335
132336
132338
132340
132341
132342
132343
132344
132346
132347
132348
132349
132350
132351
132354
132355
132357
132359
132360
132361
132362
132364
132365
132366
132368
132370
132371
132372
132376
132378
132380
132382
132383
132386
132387
132388
132393
132394
132395
132396
132398
132400
132401
132404
132407
132408
132409
132411
132412
132413
132414
132416
132418
132419
132423
132426
132429
132430
132431
132432
132433
132436
132438
132440
132443
132445
132446
132448
132449
132450
132454
132457
132458
132459
132461
132464
132472
132477
132478
132480
132481
132482
132483
132484
132491
132492
132499
132500
132501
132503
132505
132506
132509
132510
132512
132513
132517
132518
132519
132520
132522
132523
132527
132528
132529
132530
132532
132537
132540
132541
132543
132544
132545
132547
132550
132553
132556
132561
132565
132569
132571
132578
132579
132581
132582
132583
132584
132585
132586
132587
132588
132589
132591
132592
132593
132596
132598
132599
132600
132601
132602
132604
132605
132606
132608
132611
132613
132615
132617
132618
132619
132620
132621
132622
132624
132626
132627
132628
132631
132632
132633
132634
132635
132638
132639
132640
132642
132643
132644
132645
132647
132649
132650
132651
132652
132653
132655
132657
132660
132661
132662
132663
132665
132666
132667
132668
132669
132670
132673
132674
132675
132676
132677
132684
132685
132689
132691
132692
132694
132699
132700
132702
132703
132706
132708
132709
132712
132714
132715
132717
132718
132719
132720
132722
132723
132726
132729
132731
132734
132735
132736
132737
132739
132740
132748
132749
132750
132751
132752
132753
132755
132756
132761
132767
132768
132769
132770
132771
132773
132778
132781
132783
132784
132785
132786
132790
132791
132798
132800
132801
132803
132807
132808
132809
132810
132811
132812
132813
132814
132816
132817
132818
132819
132821
132824
132825
132826
132827
132828
132829
132832
132834
132835
132837
132840
132843
132844
132845
132846
132847
132852
132854
132858
132859
132865
132867
132868
132869
132870
132873
132874
132878
132879
132882
132883
132885
132886
132889
132894
132895
132898
132900
132904
132905
132906
132907
132908
132909
132914
132915
132917
132918
132919
132921
132925
132928
132929
132930
132932
132933
132934
132935
132936
132938
132939
132940
132941
132942
132944
132948
132949
132950
132953
132955
132956
132957
132958
132960
132961
132962
132964
132965
132966
132967
132971
132972
132973
132975
132976
132979
132981
132984
132985
132986
132987
132988
132989
132995
133000
133002
133003
133006
133012
133013
133014
133020
133022
133023
133024
133026
133027
133028
133035
133036
133041
133042
133043
133046
133050
133053
133054
133055
133056
133057
133058
133059
133062
133067
133072
133075
133076
133079
133082
133084
133088
133089
133090
133091
133093
133094
133098
133099
133100
133101
133102
133105
133106
133108
133109
133110
133111
133113
133114
133115
133116
133117
133118
133120
133122
133123
133124
133125
133126
133127
133129
133130
133132
133133
133135
133139
133144
133145
133149
133151
133152
133154
133155
133156
133158
133160
133161
133163
133166
133167
133169
133171
133174
133175
133176
133178
133180
133181
133182
133183
133193
133194
133195
133197
133200
133201
133203
133205
133206
133209
133211
133212
133217
133219
133227
133228
133232
133235
133236
133238
133239
133240
133241
133242
133246
133248
133251
133254
133255
133256
133260
133262
133263
133265
133266
133267
133268
133274
133275
133279
133282
133283
133284
133285
133286
133287
133289
133293
133294
133296
133297
133298
133299
133300
133301
133302
133303
133304
133306
133307
133311
133314
133315
133316
133317
133318
133319
133323
133324
133325
133326
133327
133328
133329
133330
133331
133332
133333
133334
133335
133336
133337
133338
133339
133343
133346
133347
133349
133350
133351
133352
133353
133354
133355
133356
133357
133358
133360
133361
133364
133371
133372
133373
133374
133375
133376
133377
133379
133380
133381
133382
133383
133384
133385
133386
133387
133388
133389
133390
133391
133394
133395
133396
133397
133398
133399
133401
133402
133403
133404
133405
133406
133407
133408
133409
133410
133412
133413
133414
133415
133416
133420
133423
133425
133426
133427
133428
133429
133430
133431
133432
133433
133434
133435
133437
133438
133439
133440
133442
133443
133444
133446
133449
133450
133451
133452
133453
133454
133455
133456
133457
133458
133460
133461
133462
133466
133467
133468
133469
133470
133474
133475
133477
133478
133479
133483
133484
133485
133486
133487
133489
133491
133492
133493
133494
133495
133496
133498
133500
133501
133502
133504
133505
133506
133507
133512
133515
133516
133518
133519
133522
133523
133525
133527
133531
133536
133538
133544
133546
133549
133551
133554
133556
133558
133559
133560
133564
133566
133567
133568
133569
133570
133571
133572
133573
133574
133575
133576
133578
133580
133583
133584
133585
133586
133587
133588
133589
133590
133591
133592
133593
133596
133598
133600
133602
133603
133604
133605
133606
133607
133610
133611
133612
133613
133614
133615
133616
133617
133618
133619
133620
133621
133622
133625
133626
133628
133629
133632
133634
133638
133641
133644
133646
133651
133658
133660
133661
133662
133664
133666
133667
133668
133669
133670
133671
133672
133674
133676
133677
133679
133680
133681
133686
133689
133690
133692
133696
133699
133700
133701
133704
133705
133706
133707
133708
133710
133711
133712
133714
133715
133716
133717
133720
133721
133723
133725
133726
133727
133729
133731
133732
133733
133734
133736
133737
133738
133740
133742
133743
133745
133746
133747
133748
133749
133751
133752
133754
133758
133760
133761
133762
133766
133769
133772
133773
133776
133777
133780
133781
133783
133787
133789
133790
133791
133792
133794
133795
133796
133798
133799
133801
133802
133805
133806
133807
133810
133811
133812
133813
133816
133817
133819
133821
133822
133824
133825
133826
133828
133830
133831
133834
133835
133836
133837
133838
133840
133841
133842
133844
133846
133847
133853
133855
133857
133858
133859
133860
133864
133865
133867
133868
133870
133871
133873
133875
133876
133877
133878
133883
133884
133888
133890
133891
133895
133897
133899
133900
133904
133905
133908
133909
133910
133912
133913
133914
133916
133919
133921
133922
133924
133925
133927
133930
133932
133940
133942
133946
133947
133948
133949
133951
133952
133954
133958
133959
133960
133962
133963
133967
133968
133969
133970
133973
133978
133979
133982
133984
133985
133988
133993
133999
134002
134009
134012
134017
134026
134028
134029
134033
134037
134048
134049
134051
134052
134055
134064
134069
134078
134081
134083
134084
134087
134093
134097
134099
134101
134105
134106
134109
134110
134113
134116
134118
134119
134121
134124
134128
134131
134132
134138
134144
134147
134150
134151
134154
134157
134160
134163
134166
134169
134174
134177
134183
134193
134194
134196
134198
134200
134203
134204
134205
134206
134207
134208
134213
134214
134216
134223
134225
134227
134228
134232
134233
134234
134236
134237
134240
134241
134244
134246
134247
134248
134249
134250
134252
134254
134258
134261
134263
134264
134265
134266
134268
134269
134270
134271
134272
134274
134275
134276
134278
134280
134281
134282
134283
134284
134287
134289
134291
134293
134294
134295
134297
134303
134305
134307
134308
134309
134311
134313
134314
134315
134317
134319
134320
134321
134322
134323
134324
134325
134327
134328
134329
134330
134331
134333
134334
134339
134340
134341
134343
134344
134346
134347
134348
134349
134351
134354
134361
134362
134364
134365
134366
134367
134370
134371
134372
134373
134375
134376
134377
134378
134379
134380
134381
134383
134384
134386
134388
134389
134390
134391
134393
134395
134396
134398
134401
134402
134403
134404
134406
134407
134410
134412
134413
134414
134415
134416
134417
134418
134419
134420
134421
134422
134423
134424
134425
134426
134427
134428
134429
134430
134431
134432
134433
134434
134436
134441
134445
134446
134449
134450
134452
134453
134454
134456
134458
134459
134460
134462
134463
134464
134465
134466
134467
134468
134469
134472
134473
134474
134475
134476
134478
134480
134481
134482
134483
134485
134486
134487
134488
134489
134492
134493
134495
134496
134497
134498
134499
134502
134503
134505
134506
134507
134508
134510
134513
134514
134515
134517
134518
134519
134520
134521
134522
134523
134525
134526
134527
134528
134529
134531
134532
134533
134534
134538
134539
134540
134541
134542
134543
134544
134545
134546
134547
134549
134551
134552
134553
134554
134555
134556
134557
134558
134559
134560
134561
134562
134563
134564
134565
134566
134567
134568
134570
134571
134572
134573
134574
134575
134577
134578
134579
134580
134581
134582
134584
134585
134586
134588
134589
134591
134593
134594
134595
134596
134597
134598
134599
134600
134602
134607
134608
134609
134610
134612
134613
134614
134615
134616
134617
134618
134619
134620
134624
134625
134626
134627
134628
134629
134630
134632
134633
134634
134635
134636
134639
134640
134641
134642
134644
134645
134646
134649
134651
134654
134658
134659
134660
134663
134664
134665
134666
134667
134668
134669
134672
134674
134676
134679
134681
134682
134683
134684
134685
134686
134687
134688
134689
134690
134691
134692
134693
134694
134695
134696
134697
134701
134702
134703
134704
134705
134706
134707
134708
134712
134713
134715
134716
134717
134718
134719
134720
134722
134724
134725
134726
134727
134728
134729
134731
134732
134733
134735
134736
134737
134738
134739
134740
134741
134742
134743
134744
134745
134746
134747
134748
134749
134750
134751
134752
134753
134754
134757
134758
134759
134760
134761
134762
134763
134765
134766
134767
134769
134770
134772
134773
134775
134776
134778
134780
134782
134784
134785
134786
134787
134788
134789
134792
134793
134794
134796
134797
134800
134802
134804
134807
134808
134809
134810
134811
134813
134814
134815
134816
134817
134818
134819
134820
134824
134825
134826
134827
134828
134829
134830
134831
134832
134833
134836
134837
134838
134839
134840
134841
134843
134849
134852
134853
134856
134857
134858
134861
134862
134863
134864
134865
134866
134867
134870
134871
134872
134873
134874
134875
134876
134878
134881
134882
134884
134887
134888
134889
134890
134891
134892
134894
134895
134896
134897
134898
134899
134900
134901
134902
134903
134904
134905
134906
134907
134908
134909
134910
134911
134912
134913
134915
134916
134917
134918
134919
134920
134922
134923
134924
134925
134926
134927
134928
134930
134931
134932
134933
134934
134935
134938
134939
134943
134946
134947
134949
134950
134951
134954
134955
134958
134961
134962
134963
134964
134965
134966
134967
134968
134970
134971
134972
134974
134976
134978
134979
134980
134981
134982
134983
134984
134985
134986
134989
134990
134991
134992
134995
134996
134997
134999
135000
135001
135002
135004
135005
135006
135007
135008
135009
135011
135012
135016
135017
135018
135019
135020
135021
135022
135023
135024
135025
135026
135027
135028
135029
135033
135034
135035
135036
135039
135040
135041
135044
135045
135046
135047
135048
135049
135050
135051
135053
135055
135056
135057
135058
135059
135060
135061
135062
135066
135067
135068
135073
135074
135075
135076
135077
135078
135079
135080
135081
135082
135083
135084
135086
135087
135088
135089
135090
135091
135092
135093
135094
135095
135096
135097
135098
135100
135101
135102
135103
135104
135108
135111
135112
135114
135116
135118
135119
135120
135123
135125
135127
135130
135131
135133
135135
135137
135141
135142
135143
135144
135146
135147
135149
135151
135152
135153
135155
135156
135157
135158
135159
135160
135161
135162
135163
135165
135166
135167
135168
135169
135170
135171
135172
135173
135174
135175
135176
135177
135179
135180
135181
135182
135183
135184
135185
135187
135188
135190
135191
135192
135193
135194
135195
135197
135198
135201
135203
135204
135205
135209
135210
135212
135215
135219
135220
135222
135223
135225
135226
135227
135228
135229
135230
135232
135233
135234
135235
135236
135237
135238
135239
135240
135241
135242
135244
135246
135248
135249
135250
135252
135253
135254
135255
135256
135257
135258
135259
135260
135261
135262
135263
135264
135265
135268
135269
135270
135275
135276
135277
135278
135279
135280
135281
135282
135283
135284
135285
135286
135288
135289
135290
135291
135293
135294
135295
135296
135297
135299
135300
135301
135302
135303
135304
135305
135306
135307
135309
135311
135312
135313
135314
135316
135317
135318
135319
135320
135322
135323
135324
135325
135326
135327
135328
135329
135330
135331
135332
135333
135335
135336
135337
135338
135339
135341
135342
135343
135344
135345
135346
135347
135348
135349
135350
135351
135352
135353
135355
135358
135360
135361
135363
135364
135365
135366
135368
135369
135371
135372
135373
135374
135375
135376
135377
135378
135380
135381
135383
135384
135385
135386
135387
135389
135390
135391
135392
135393
135394
135395
135397
135398
135400
135401
135402
135404
135405
135406
135407
135408
135409
135410
135411
135412
135413
135414
135415
135417
135418
135419
135420
135421
135422
135423
135424
135425
135428
135429
135431
135432
135434
135435
135437
135438
135439
135446
135447
135450
135451
135452
135453
135454
135456
135457
135458
135460
135462
135463
135465
135466
135468
135470
135471
135472
135473
135474
135475
135477
135478
135479
135480
135483
135485
135486
135487
135488
135489
135490
135491
135492
135493
135496
135497
135499
135500
135501
135502
135503
135505
135506
135507
135508
135509
135511
135512
135513
135514
135515
135516
135517
135518
135519
135520
135521
135523
135525
135526
135528
135529
135530
135532
135533
135534
135535
135536
135538
135539
135540
135541
135542
135543
135544
135545
135546
135547
135548
135549
135551
135553
135554
135555
135556
135557
135558
135559
135560
135561
135562
135563
135564
135565
135566
135568
135569
135570
135571
135572
135573
135578
135579
135580
135581
135582
135584
135585
135586
135588
135589
135590
135592
135593
135594
135595
135596
135597
135599
135600
135601
135602
135603
135605
135606
135607
135608
135609
135610
135611
135612
135613
135614
135615
135616
135617
135619
135620
135622
135625
135626
135627
135628
135629
135630
135631
135633
135636
135637
135639
135640
135642
135643
135644
135645
135647
135648
135649
135651
135652
135653
135654
135655
135656
135657
135658
135659
135660
135661
135663
135664
135665
135666
135667
135669
135670
135671
135672
135674
135676
135677
135678
135679
135680
135681
135682
135683
135684
135685
135686
135687
135688
135689
135691
135695
135696
135697
135700
135701
135702
135703
135704
135705
135708
135709
135710
135712
135713
135714
135717
135718
135719
135723
135724
135725
135726
135727
135729
135731
135732
135733
135734
135735
135736
135737
135738
135743
135744
135746
135747
135748
135753
135755
135756
135757
135758
135759
135760
135761
135763
135764
135765
135766
135767
135768
135769
135770
135774
135775
135777
135780
135781
135783
135784
135785
135786
135787
135789
135790
135792
135793
135794
135795
135796
135797
135798
135799
135800
135801
135802
135803
135804
135805
135807
135808
135809
135811
135813
135814
135815
135816
135817
135818
135819
135820
135821
135822
135823
135824
135828
135829
135832
135834
135837
135838
135839
135840
135841
135842
135843
135846
135847
135848
135850
135851
135852
135853
135855
135858
135859
135860
135861
135863
135864
135865
135866
135867
135869
135870
135872
135873
135875
135878
135880
135882
135885
135886
135887
135888
135891
135894
135895
135898
135900
135901
135903
135907
135908
135909
135910
135912
135914
135915
135916
135918
135919
135921
135922
135923
135924
135925
135926
135929
135930
135931
135932
135933
135935
135937
135938
135939
135940
135941
135942
135943
135945
135946
135948
135949
135950
135951
135952
135953
135954
135955
135957
135958
135959
135961
135962
135963
135964
135965
135968
135969
135970
135971
135972
135973
135974
135976
135977
135978
135979
135980
135981
135982
135983
135984
135985
135986
135987
135988
135989
135991
135992
135993
135994
135995
135996
135997
135998
135999
136000
136001
136002
136003
136004
136005
136006
136008
136009
136010
136012
136014
136016
136019
136020
136021
136022
136023
136024
136025
136026
136027
136029
136031
136032
136033
136034
136035
136037
136038
136039
136042
136043
136045
136046
136047
136048
136050
136052
136053
136055
136058
136059
136060
136061
136062
136063
136065
136066
136067
136068
136069
136073
136075
136076
136079
136080
136081
136082
136085
136086
136087
136088
136089
136090
136091
136093
136095
136096
136098
136099
136101
136102
136103
136104
136105
136106
136107
136108
136109
136110
136112
136113
136114
136116
136117
136119
136120
136121
136123
136124
136126
136127
136128
136129
136131
136133
136135
136136
136138
136139
136140
136142
136143
136144
136146
136147
136148
136150
136151
136152
136153
136155
136156
136160
136161
136162
136164
136165
136166
136167
136170
136171
136173
136174
136177
136179
136180
136181
136182
136183
136184
136185
136186
136187
136188
136190
136192
136193
136196
136197
136198
136199
136200
136201
136202
136203
136204
136205
136207
136208
136209
136210
136211
136212
136213
136214
136215
136217
136218
136219
136220
136221
136222
136223
136225
136226
136227
136229
136230
136232
136233
136234
136235
136236
136237
136238
136240
136241
136242
136243
136246
136247
136251
136252
136255
136256
136257
136259
136260
136262
136263
136264
136265
136267
136268
136269
136270
136271
136272
136273
136275
136276
136277
136278
136279
136280
136281
136282
136283
136286
136287
136290
136291
136293
136294
136295
136297
136299
136301
136302
136303
136305
136306
136307
136308
136309
136310
136311
136312
136313
136315
136316
136317
136318
136319
136320
136321
136322
136323
136324
136325
136326
136327
136333
136334
136335
136336
136337
136338
136342
136343
136345
136347
136350
136352
136353
136355
136356
136357
136358
136359
136360
136362
136364
136366
136368
136369
136370
136371
136372
136373
136374
136375
136376
136378
136379
136380
136381
136383
136384
136385
136386
136388
136390
136391
136392
136393
136394
136397
136399
136400
136401
136402
136403
136404
136405
136408
136409
136410
136411
136412
136413
136414
136415
136418
136419
136420
136422
136423
136425
136428
136429
136430
136431
136432
136433
136434
136435
136436
136437
136438
136439
136441
136442
136445
136446
136447
136448
136450
136451
136452
136453
136454
136455
136457
136458
136459
136466
136467
136468
136469
136470
136472
136475
136477
136478
136479
136480
136481
136482
136483
136484
136486
136487
136489
136491
136493
136495
136496
136497
136499
136502
136504
136508
136510
136512
136513
136514
136515
136516
136517
136518
136519
136520
136522
136523
136524
136525
136527
136528
136529
136530
136531
136532
136533
136534
136536
136537
136538
136539
136540
136541
136542
136543
136544
136545
136546
136547
136548
136549
136550
136551
136552
136553
136554
136555
136556
136557
136558
136559
136560
136562
136563
136564
136565
136566
136567
136568
136569
136570
136571
136572
136574
136575
136576
136577
136578
136579
136580
136583
136585
136586
136587
136588
136589
136590
136591
136592
136593
136594
136596
136597
136598
136599
136600
136601
136602
136603
136604
136605
136606
136607
136608
136609
136611
136612
136613
136614
136617
136618
136619
136620
136621
136622
136623
136624
136626
136627
136628
136629
136630
136631
136633
136634
136635
136636
136637
136638
136639
136640
136641
136642
136643
136645
136648
136649
136650
136651
136652
136653
136654
136655
136656
136657
136658
136659
136660
136661
136662
136663
136666
136668
136670
136672
136673
136674
136675
136676
136677
136678
136679
136680
136684
136685
136687
136688
136689
136693
136694
136697
136698
136699
136701
136702
136703
136704
136707
136708
136712
136714
136715
136716
136718
136723
136724
136725
136726
136727
136729
136731
136732
136733
136734
136735
136736
136738
136739
136740
136741
136742
136743
136745
136748
136749
136750
136752
136753
136755
136757
136760
136763
136765
136766
136767
136770
136771
136772
136773
136774
136775
136777
136779
136780
136781
136782
136784
136785
136786
136787
136790
136791
136792
136793
136794
136796
136797
136798
136799
136801
136802
136806
136807
136810
136811
136812
136816
136817
136818
136819
136822
136823
136825
136826
136828
136829
136831
136832
136833
136835
136836
136838
136839
136840
136842
136845
136848
136849
136850
136853
136854
136857
136860
136861
136863
136865
136871
136872
136874
136875
136877
136889
136890
136891
136892
136893
136898
136900
136903
136904
136906
136908
136909
136910
136911
136912
136913
136914
136918
136920
136922
136923
136924
136925
136926
136928
136930
136931
136932
136933
136934
136935
136937
136939
136940
136941
136946
136947
136948
136949
136950
136951
136953
136954
136957
136959
136960
136961
136962
136963
136964
136967
136968
136969
136973
136974
136975
136976
136977
136978
136979
136980
136983
136984
136985
136986
136987
136988
136989
136990
136991
136992
136993
136994
136995
136996
136997
136998
136999
137000
137001
137002
137003
137005
137006
137007
137008
137009
137010
137012
137013
137014
137016
137017
137021
137022
137023
137025
137026
137028
137029
137030
137031
137032
137033
137037
137043
137044
137046
137047
137050
137054
137056
137058
137059
137060
137062
137064
137071
137072
137073
137074
137075
137077
137078
137079
137080
137081
137082
137083
137084
137087
137088
137089
137090
137091
137092
137093
137094
137095
137097
137098
137099
137100
137101
137102
137103
137104
137105
137106
137109
137112
137114
137115
137116
137117
137118
137119
137121
137122
137123
137127
137128
137129
137131
137132
137133
137134
137136
137137
137139
137141
137142
137143
137144
137148
137149
137150
137151
137152
137153
137155
137156
137157
137158
137160
137161
137162
137163
137164
137165
137166
137170
137172
137173
137174
137179
137183
137184
137185
137186
137187
137190
137191
137192
137194
137195
137197
137200
137201
137202
137203
137204
137205
137207
137208
137209
137210
137211
137212
137213
137214
137215
137216
137217
137218
137219
137220
137221
137222
137223
137224
137225
137226
137228
137229
137231
137232
137233
137234
137235
137236
137237
137238
137239
137240
137241
137242
137243
137244
137245
137246
137247
137248
137249
137250
137251
137252
137253
137254
137255
137257
137258
137259
137260
137261
137262
137263
137266
137268
137269
137270
137271
137272
137273
137274
137275
137276
137277
137278
137279
137280
137281
137282
137283
137284
137285
137286
137288
137289
137290
137291
137292
137293
137294
137295
137296
137297
137298
137299
137301
137302
137303
137304
137305
137306
137307
137308
137309
137310
137313
137314
137315
137316
137318
137319
137320
137321
137322
137323
137324
137325
137326
137327
137328
137329
137330
137331
137332
137334
137335
137336
137337
137338
137339
137340
137341
137343
137344
137345
137346
137347
137348
137349
137350
137353
137354
137355
137356
137357
137358
137359
137360
137361
137362
137363
137364
137365
137366
137367
137368
137369
137372
137373
137374
137375
137376
137377
137379
137380
137381
137382
137383
137384
137385
137386
137387
137388
137389
137391
137393
137394
137395
137396
137397
137399
137404
137407
137408
137409
137410
137412
137413
137414
137415
137419
137420
137421
137422
137423
137428
137429
137430
137431
137432
137433
137434
137436
137438
137439
137440
137441
137442
137443
137444
137446
137447
137448
137449
137453
137455
137457
137458
137460
137463
137464
137465
137466
137468
137469
137471
137473
137476
137477
137478
137479
137480
137482
137483
137484
137486
137487
137488
137489
137490
137492
137494
137495
137496
137497
137499
137502
137503
137504
137505
137506
137507
137508
137509
137511
137512
137513
137515
137516
137517
137518
137521
137522
137525
137526
137527
137529
137530
137531
137532
137533
137534
137536
137537
137539
137540
137542
137545
137546
137547
137550
137551
137552
137553
137554
137555
137557
137558
137559
137560
137561
137562
137563
137564
137565
137567
137568
137571
137573
137574
137575
137576
137577
137578
137579
137580
137583
137584
137585
137587
137588
137589
137591
137592
137593
137594
137595
137596
137597
137598
137599
137602
137603
137604
137606
137608
137610
137611
137612
137614
137615
137616
137618
137619
137620
137621
137622
137625
137626
137627
137628
137631
137633
137634
137635
137636
137637
137639
137640
137641
137642
137643
137644
137645
137646
137647
137648
137649
137650
137651
137652
137654
137655
137656
137657
137658
137659
137660
137661
137662
137663
137664
137665
137666
137667
137668
137669
137671
137672
137674
137675
137678
137679
137682
137683
137684
137685
137686
137687
137690
137691
137693
137694
137695
137696
137697
137698
137701
137702
137703
137704
137705
137706
137708
137709
137711
137712
137723
137726
137728
137729
137731
137732
137734
137737
137739
137741
137742
137744
137747
137749
137750
137753
137754
137756
137759
137762
137764
137765
137766
137767
137769
137772
137774
137775
137778
137781
137785
137792
137795
137797
137798
137799
137801
137803
137805
137807
137808
137809
137810
137812
137813
137814
137818
137820
137821
137822
137825
137826
137829
137830
137831
137832
137833
137838
137839
137841
137842
137846
137848
137850
137851
137852
137853
137855
137857
137858
137860
137861
137863
137864
137865
137866
137867
137870
137874
137875
137876
137878
137883
137886
137889
137892
137893
137901
137903
137905
137910
137915
137920
137922
137923
137924
137925
137926
137928
137929
137930
137931
137932
137944
137945
137946
137949
137951
137953
137956
137957
137958
137959
137960
137962
137965
137966
137967
137969
137970
137972
137973
137974
137975
137976
137977
137978
137979
137981
137985
137987
137989
137990
137992
137994
137995
137997
137998
137999
138000
138010
138012
138014
138015
138018
138019
138020
138028
138029
138030
138031
138035
138040
138042
138044
138049
138050
138052
138053
138061
138066
138069
138079
138080
138083
138085
138086
138087
138089
138096
138097
138099
138102
138107
138109
138110
138112
138114
138116
138117
138118
138121
138122
138125
138127
138130
138132
138133
138190
138195
138198
138200
138201
138210
138214
138216
138218
138219
138221
138225
138226
138227
138230
138231
138232
138233
138234
138235
138236
138237
138239
138248
138252
138253
138259
138260
138263
138265
138267
138268
138270
138271
138274
138278
138279
138286
138287
138288
138294
138296
138300
138301
138302
138305
138306
138307
138308
138309
138312
138314
138317
138318
138320
138323
138325
138330
138338
138344
138347
138349
138351
138354
138355
138356
138361
138362
138367
138369
138372
138373
138375
138376
138384
138387
138388
138390
138391
138392
138395
138402
138403
138404
138406
138407
138411
138412
138413
138414
138417
138419
138420
138425
138428
138429
138431
138434
138435
138438
138446
138451
138456
138457
138459
138460
138461
138462
138465
138468
138469
138471
138474
138475
138476
138477
138478
138479
138480
138486
138487
138488
138494
138508
138509
138510
138512
138519
138523
138528
138529
138536
138537
138542
138545
138548
138551
138553
138555
138556
138557
138559
138561
138563
138566
138569
138570
138572
138573
138576
138579
138584
138585
138586
138587
138589
138590
138591
138592
138593
138596
138598
138599
138601
138604
138605
138607
138609
138610
138611
138612
138614
138615
138618
138619
138621
138623
138625
138626
138628
138629
138632
138636
138641
138642
138645
138653
138658
138659
138661
138667
138681
138683
138684
138687
138688
138689
138691
138692
138695
138696
138703
138704
138705
138708
138711
138713
138715
138718
138719
138723
138724
138726
138728
138730
138731
138732
138734
138736
138747
138748
138750
138755
138783
138790
138792
138793
138799
138803
138819
138820
138823
138829
138835
138840
138841
138843
138846
138850
138855
138858
138863
138865
138871
138872
138875
138877
138881
138885
138886
138887
138889
138892
138893
138894
138898
138899
138901
138902
138903
138905
138906
138919
138920
138922
138934
138937
138943
138946
138952
138959
138961
138962
138968
138969
138970
138974
138977
138981
138983
138989
138991
138993
138996
139000
139001
139004
139006
139014
139015
139022
139023
139025
139029
139032
139036
139037
139038
139040
139042
139045
139050
139051
139053
139056
139058
139065
139069
139070
139071
139072
139073
139074
139075
139079
139080
139081
139083
139084
139086
139088
139089
139091
139093
139097
139099
139100
139102
139104
139105
139107
139108
139109
139110
139111
139113
139114
139115
139116
139117
139118
139126
139130
139131
139135
139136
139147
139150
139152
139154
139158
139172
139175
139176
139177
139178
139181
139182
139184
139185
139191
139192
139193
139198
139199
139200
139201
139202
139204
139222
139225
139226
139227
139228
139230
139231
139232
139233
139238
139239
139241
139242
139247
139249
139250
139251
139252
139253
139257
139258
139260
139261
139267
139268
139269
139270
139271
139274
139276
139292
139293
139294
139303
139304
139305
139306
139311
139312
139313
139315
139316
139317
139318
139322
139326
139329
139330
139331
139333
139334
139335
139337
139339
139340
139342
139344
139346
139350
139354
139359
139360
139361
139362
139365
139367
139370
139371
139372
139373
139375
139379
139380
139383
139385
139386
139388
139389
139390
139393
139394
139396
139397
139398
139400
139401
139403
139404
139408
139409
139411
139417
139423
139425
139426
139428
139430
139431
139433
139435
139438
139440
139441
139444
139446
139447
139449
139452
139454
139457
139459
139460
139462
139463
139464
139465
139466
139467
139473
139476
139479
139482
139485
139491
139492
139494
139497
139504
139505
139506
139507
139508
139510
139511
139512
139516
139520
139521
139522
139525
139526
139527
139528
139531
139534
139538
139543
139546
139547
139551
139552
139554
139555
139556
139557
139559
139561
139563
139565
139566
139567
139571
139572
139573
139574
139576
139577
139578
139580
139582
139584
139586
139587
139588
139590
139592
139593
139596
139597
139598
139599
139600
139602
139603
139605
139606
139610
139612
139613
139614
139615
139616
139618
139619
139621
139622
139625
139626
139628
139630
139631
139633
139635
139636
139637
139638
139639
139640
139642
139643
139644
139645
139647
139648
139650
139651
139658
139659
139663
139664
139665
139670
139671
139673
139679
139681
139684
139685
139688
139691
139693
139694
139696
139697
139698
139699
139703
139705
139706
139707
139708
139709
139710
139712
139714
139716
139717
139719
139720
139721
139722
139723
139724
139725
139726
139728
139729
139731
139732
139734
139736
139738
139739
139741
139742
139743
139744
139745
139747
139749
139752
139754
139755
139756
139757
139758
139759
139760
139763
139767
139770
139772
139773
139774
139775
139776
139778
139779
139780
139781
139783
139784
139787
139790
139791
139792
139793
139794
139795
139796
139797
139798
139799
139800
139802
139803
139805
139806
139808
139810
139811
139815
139816
139818
139821
139822
139825
139827
139828
139829
139830
139831
139833
139834
139835
139836
139837
139838
139839
139840
139841
139842
139843
139845
139846
139847
139848
139850
139851
139852
139853
139854
139855
139856
139857
139858
139859
139860
139862
139863
139864
139866
139867
139868
139869
139870
139871
139872
139873
139875
139877
139880
139881
139882
139884
139886
139890
139891
139894
139896
139897
139898
139899
139900
139901
139902
139904
139906
139907
139908
139909
139910
139911
139912
139913
139914
139916
139917
139919
139921
139922
139923
139924
139926
139928
139930
139932
139934
139936
139937
139938
139939
139941
139942
139943
139944
139945
139947
139948
139949
139951
139952
139953
139954
139955
139956
139959
139960
139962
139963
139964
139965
139967
139968
139969
139970
139971
139974
139975
139976
139977
139979
139980
139981
139986
139987
139988
139991
139992
139993
139994
139995
139996
139997
139999
140004
140008
140010
140013
140014
140015
140017
140019
140020
140022
140023
140025
140029
140034
140036
140039
140040
140041
140044
140047
140050
140051
140052
140053
140055
140059
140060
140061
140064
140065
140067
140069
140070
140072
140073
140075
140076
140079
140081
140082
140083
140084
140086
140087
140088
140089
140090
140092
140093
140094
140099
140100
140101
140104
140105
140106
140108
140109
140110
140114
140115
140116
140121
140122
140123
140129
140132
140134
140140
140142
140146
140147
140150
140151
140152
140153
140154
140155
140156
140157
140158
140160
140162
140166
140167
140171
140172
140173
140174
140175
140177
140178
140179
140180
140183
140186
140187
140189
140190
140192
140193
140195
140196
140197
140198
140201
140202
140204
140206
140209
140210
140221
140226
140227
140228
140229
140230
140231
140233
140234
140235
140236
140237
140238
140239
140243
140244
140245
140246
140247
140248
140249
140250
140252
140253
140254
140255
140259
140261
140263
140264
140269
140270
140271
140272
140275
140277
140278
140279
140281
140282
140283
140284
140285
140286
140288
140290
140293
140294
140295
140296
140297
140302
140303
140304
140305
140306
140307
140308
140309
140311
140312
140314
140315
140316
140317
140318
140323
140325
140326
140328
140329
140332
140336
140340
140345
140346
140347
140353
140360
140362
140365
140369
140370
140375
140376
140377
140379
140380
140381
140382
140386
140389
140390
140391
140392
140400
140402
140403
140404
140405
140406
140408
140410
140415
140418
140423
140427
140430
140431
140432
140433
140434
140436
140437
140439
140440
140441
140445
140448
140449
140451
140454
140456
140457
140458
140459
140462
140463
140464
140467
140470
140472
140475
140476
140479
140481
140486
140491
140492
140493
140494
140495
140499
140503
140505
140506
140507
140508
140511
140512
140520
140522
140524
140528
140530
140534
140536
140537
140542
140544
140545
140546
140549
140553
140554
140557
140558
140559
140561
140563
140564
140565
140568
140569
140570
140571
140572
140574
140575
140577
140578
140579
140580
140583
140584
140585
140587
140588
140589
140590
140591
140592
140593
140596
140598
140602
140603
140610
140616
140622
140623
140624
140625
140626
140628
140630
140631
140632
140633
140634
140638
140639
140640
140642
140643
140646
140647
140648
140649
140655
140656
140661
140664
140665
140666
140667
140668
140670
140672
140674
140677
140684
140687
140688
140692
140693
140695
140696
140701
140708
140709
140712
140714
140720
140722
140724
140728
140731
140733
140734
140735
140736
140738
140740
140742
140744
140745
140747
140748
140749
140751
140752
140753
140754
140755
140756
140757
140758
140760
140761
140762
140765
140767
140769
140770
140771
140772
140773
140775
140778
140779
140780
140781
140782
140783
140785
140786
140787
140789
140791
140792
140803
140806
140807
140809
140811
140812
140817
140818
140821
140822
140824
140827
140830
140831
140832
140833
140844
140846
140847
140848
140849
140851
140852
140856
140858
140859
140860
140861
140862
140863
140866
140869
140870
140882
140883
140885
140886
140887
140892
140893
140895
140897
140898
140899
140900
140902
140905
140907
140909
140910
140912
140913
140914
140915
140916
140917
140918
140919
140929
140932
140933
140934
140935
140936
140937
140938
140939
140940
140941
140942
140943
140944
140945
140946
140948
140950
140951
140952
140953
140954
140955
140956
140958
140959
140960
140961
140965
140966
140967
140968
140969
140971
140972
140973
140974
140975
140976
140978
140979
140980
140981
140982
140983
140984
140985
140986
140988
140990
140991
140992
140993
140994
140996
140997
140998
140999
141000
141001
141002
141003
141005
141006
141007
141008
141010
141011
141013
141014
141016
141018
141022
141023
141024
141025
141026
141027
141028
141029
141031
141032
141033
141035
141036
141037
141038
141039
141041
141045
141047
141048
141049
141050
141052
141053
141056
141057
141058
141059
141060
141061
141063
141064
141065
141066
141067
141071
141072
141074
141075
141076
141077
141079
141082
141083
141084
141085
141086
141088
141089
141091
141092
141093
141094
141095
141096
141097
141099
141100
141102
141103
141106
141107
141111
141112
141113
141114
141115
141116
141117
141118
141119
141121
141122
141125
141126
141128
141131
141132
141133
141134
141135
141136
141137
141140
141142
141143
141144
141146
141147
141148
141149
141150
141151
141154
141155
141156
141157
141161
141164
141167
141170
141171
141174
141175
141176
141178
141179
141188
141189
141190
141193
141194
141195
141197
141199
141200
141201
141202
141203
141204
141205
141206
141210
141217
141218
141219
141221
141222
141225
141226
141227
141230
141231
141232
141233
141234
141235
141236
141237
141240
141241
141242
141243
141244
141246
141247
141249
141250
141257
141262
141263
141264
141265
141266
141267
141268
141269
141271
141272
141273
141274
141275
141276
141277
141279
141281
141282
141283
141284
141285
141286
141287
141291
141292
141295
141297
141303
141304
141307
141309
141315
141316
141318
141319
141320
141321
141322
141323
141324
141325
141326
141327
141328
141329
141331
141332
141333
141337
141339
141340
141341
141343
141351
141352
141353
141358
141359
141360
141361
141362
141365
141367
141368
141369
141370
141371
141374
141376
141378
141380
141381
141382
141384
141385
141388
141389
141390
141391
141393
141394
141397
141398
141399
141400
141402
141408
141409
141410
141411
141412
141417
141418
141420
141422
141424
141425
141427
141428
141430
141431
141432
141435
141436
141440
141442
141445
141446
141450
141452
141453
141455
141456
141457
141458
141459
141461
141462
141463
141467
141468
141469
141471
141472
141473
141474
141475
141476
141479
141480
141482
141483
141487
141488
141490
141491
141492
141493
141496
141497
141499
141501
141502
141503
141505
141506
141507
141509
141510
141512
141514
141515
141518
141523
141524
141525
141527
141528
141529
141533
141534
141535
141536
141538
141540
141541
141544
141545
141546
141547
141550
141551
141552
141553
141555
141558
141559
141560
141563
141565
141566
141567
141569
141570
141571
141573
141575
141577
141584
141585
141586
141589
141593
141594
141595
141598
141602
141609
141610
141612
141614
141616
141620
141621
141625
141626
141630
141633
141638
141640
141641
141642
141646
141647
141652
141654
141666
141673
141676
141679
141681
141692
141693
141694
141699
141703
141705
141715
141718
141724
141725
141735
141742
141747
141754
141756
141760
141761
141764
141772
141776
141778
141786
141787
141788
141789
141798
141799
141800
141801
141804
141812
141814
141816
141817
141818
141819
141823
141824
141826
141831
141838
141851
141859
141860
141861
141863
141864
141865
141868
141870
141872
141873
141874
141876
141877
141878
141879
141880
141883
141884
141885
141889
141892
141897
141900
141901
141902
141903
141907
141908
141909
141910
141914
141915
141916
141917
141918
141919
141920
141921
141922
141923
141924
141925
141926
141928
141929
141931
141932
141934
141935
141936
141937
141938
141939
141940
141942
141943
141944
141945
141946
141947
141949
141950
141952
141954
141955
141958
141960
141961
141963
141964
141965
141966
141967
141968
141971
141972
141973
141974
141975
141976
141977
141978
141979
141980
141981
141982
141984
141985
141987
141989
141990
141992
141993
141994
141996
141997
141998
141999
142000
142001
142007
142011
142012
142014
142015
142016
142017
142021
142022
142024
142026
142028
142029
142035
142037
142039
142040
142041
142042
142043
142044
142046
142052
142055
142057
142058
142059
142060
142062
142063
142064
142066
142068
142070
142072
142074
142075
142077
142078
142080
142081
142082
142083
142085
142087
142088
142089
142090
142092
142095
142096
142098
142099
142100
142101
142102
142103
142106
142107
142108
142109
142110
142113
142114
142117
142119
142121
142122
142123
142124
142129
142132
142133
142135
142137
142139
142140
142142
142143
142144
142145
142146
142147
142148
142149
142150
142152
142153
142155
142156
142157
142158
142159
142161
142162
142164
142167
142169
142170
142171
142172
142175
142176
142178
142182
142183
142188
142190
142191
142192
142194
142195
142196
142197
142198
142200
142202
142203
142204
142205
142206
142207
142208
142209
142210
142211
142212
142213
142214
142215
142216
142219
142220
142221
142222
142223
142226
142227
142228
142229
142230
142232
142233
142235
142236
142237
142238
142239
142240
142242
142243
142244
142247
142248
142250
142251
142253
142254
142255
142256
142258
142259
142260
142261
142263
142264
142265
142266
142267
142268
142269
142270
142271
142272
142274
142275
142276
142277
142278
142281
142283
142284
142285
142286
142287
142290
142293
142295
142296
142297
142300
142301
142302
142303
142305
142306
142308
142309
142310
142311
142312
142313
142314
142316
142319
142320
142321
142322
142323
142324
142325
142327
142328
142329
142330
142331
142334
142337
142338
142341
142343
142344
142345
142346
142348
142351
142352
142353
142355
142356
142358
142359
142362
142364
142365
142367
142368
142369
142371
142373
142376
142377
142378
142382
142383
142385
142386
142387
142388
142390
142391
142392
142393
142394
142395
142396
142397
142398
142399
142400
142402
142403
142404
142405
142406
142407
142408
142409
142410
142411
142413
142416
142417
142418
142420
142421
142422
142423
142424
142426
142427
142429
142431
142433
142434
142436
142437
142438
142442
142445
142446
142447
142448
142450
142451
142453
142455
142456
142457
142458
142459
142460
142461
142462
142464
142465
142466
142467
142468
142469
142471
142473
142475
142476
142477
142478
142480
142482
142483
142484
142485
142486
142487
142488
142489
142490
142491
142492
142493
142494
142495
142500
142503
142504
142507
142509
142511
142512
142513
142514
142516
142517
142518
142519
142520
142522
142523
142524
142525
142526
142527
142528
142529
142531
142535
142537
142539
142540
142542
142543
142544
142545
142546
142547
142548
142551
142552
142553
142554
142555
142558
142559
142560
142561
142562
142563
142564
142565
142566
142567
142568
142569
142570
142571
142573
142575
142576
142577
142578
142579
142580
142581
142582
142583
142585
142587
142588
142591
142592
142594
142599
142600
142601
142605
142606
142607
142609
142610
142611
142614
142615
142616
142618
142621
142622
142623
142624
142627
142629
142630
142632
142633
142634
142635
142636
142638
142640
142641
142642
142643
142645
142646
142647
142649
142650
142651
142652
142653
142654
142655
142656
142658
142660
142663
142665
142669
142670
142671
142672
142673
142674
142677
142678
142680
142684
142687
142688
142689
142691
142692
142694
142695
142696
142697
142698
142699
142700
142701
142702
142704
142706
142707
142709
142710
142711
142712
142713
142715
142717
142719
142720
142721
142722
142724
142726
142727
142728
142729
142730
142731
142734
142736
142737
142738
142739
142740
142741
142742
142743
142744
142745
142746
142747
142748
142751
142752
142754
142755
142756
142759
142761
142762
142763
142764
142766
142769
142771
142773
142774
142776
142778
142779
142780
142781
142782
142783
142786
142788
142791
142793
142794
142796
142797
142798
142800
142801
142802
142804
142805
142806
142807
142808
142809
142810
142811
142812
142813
142815
142816
142817
142818
142820
142821
142822
142823
142824
142825
142826
142827
142828
142831
142832
142833
142834
142835
142836
142838
142839
142840
142841
142844
142845
142846
142848
142851
142852
142854
142857
142858
142860
142862
142863
142865
142866
142867
142870
142871
142872
142873
142874
142875
142876
142878
142879
142880
142881
142882
142883
142884
142887
142888
142889
142890
142891
142892
142893
142894
142895
142898
142900
142901
142902
142903
142904
142905
142906
142908
142909
142911
142912
142913
142914
142915
142916
142919
142920
142923
142924
142925
142926
142927
142928
142929
142930
142931
142934
142935
142936
142937
142938
142939
142940
142942
142945
142946
142947
142948
142949
142950
142951
142952
142953
142954
142956
142957
142958
142959
142960
142961
142963
142964
142965
142967
142968
142969
142971
142972
142973
142974
142975
142976
142977
142978
142979
142981
142982
142983
142984
142985
142986
142987
142988
142989
142990
142991
142992
142993
142994
142995
142997
142998
142999
143000
143001
143003
143004
143005
143006
143007
143008
143010
143011
143012
143013
143014
143017
143020
143021
143022
143024
143025
143026
143027
143028
143033
143034
143036
143037
143040
143041
143042
143043
143045
143046
143048
143049
143050
143051
143052
143053
143054
143055
143056
143057
143058
143059
143060
143061
143063
143064
143065
143066
143068
143069
143070
143072
143074
143075
143076
143079
143082
143083
143086
143087
143088
143090
143091
143094
143095
143098
143099
143102
143104
143105
143106
143107
143108
143111
143112
143116
143117
143118
143119
143120
143121
143122
143123
143124
143125
143126
143128
143129
143130
143131
143132
143133
143134
143136
143137
143139
143141
143142
143143
143144
143147
143148
143150
143151
143152
143153
143154
143155
143156
143157
143158
143159
143160
143161
143162
143163
143165
143166
143167
143168
143169
143171
143172
143173
143176
143177
143180
143181
143182
143183
143184
143186
143187
143188
143189
143190
143191
143192
143193
143194
143195
143196
143197
143198
143201
143202
143204
143205
143206
143207
143208
143209
143210
143211
143212
143213
143215
143216
143217
143219
143220
143221
143222
143223
143224
143225
143226
143227
143229
143231
143232
143233
143235
143236
143237
143238
143239
143240
143241
143242
143243
143244
143245
143246
143247
143248
143249
143250
143251
143252
143253
143255
143256
143257
143258
143259
143260
143261
143262
143263
143264
143265
143266
143267
143268
143269
143270
143271
143273
143274
143275
143278
143279
143280
143282
143283
143284
143285
143287
143288
143290
143291
143292
143293
143294
143295
143296
143297
143298
143300
143302
143303
143304
143305
143306
143307
143308
143309
143311
143312
143313
143314
143315
143316
143317
143318
143319
143320
143321
143323
143324
143326
143328
143329
143330
143331
143332
143333
143336
143337
143338
143341
143342
143343
143345
143346
143347
143348
143350
143351
143352
143353
143355
143357
143358
143359
143360
143361
143362
143365
143367
143368
143369
143370
143371
143373
143374
143375
143376
143377
143378
143379
143380
143381
143382
143383
143385
143386
143387
143388
143389
143390
143391
143392
143395
143396
143398
143401
143404
143405
143409
143411
143412
143416
143417
143419
143420
143421
143423
143424
143425
143426
143427
143428
143431
143433
143435
143436
143438
143441
143442
143443
143445
143446
143447
143448
143449
143450
143451
143452
143453
143454
143455
143456
143457
143458
143459
143461
143463
143464
143465
143466
143467
143468
143469
143470
143471
143472
143474
143476
143478
143479
143480
143482
143484
143485
143486
143488
143489
143490
143491
143492
143493
143494
143496
143498
143499
143502
143503
143504
143505
143507
143508
143510
143511
143513
143515
143516
143517
143518
143520
143521
143522
143525
143526
143527
143528
143529
143530
143531
143536
143539
143540
143541
143542
143543
143547
143549
143550
143551
143555
143556
143558
143559
143560
143561
143562
143563
143566
143567
143568
143569
143570
143571
143572
143573
143574
143576
143577
143578
143579
143581
143583
143584
143585
143586
143587
143588
143589
143590
143591
143592
143593
143594
143595
143596
143597
143599
143601
143602
143604
143605
143606
143607
143609
143610
143611
143612
143613
143614
143615
143616
143617
143618
143619
143620
143622
143623
143624
143625
143626
143629
143632
143633
143636
143637
143638
143639
143640
143642
143643
143645
143646
143647
143648
143649
143650
143652
143653
143654
143655
143656
143657
143659
143660
143661
143663
143664
143666
143667
143668
143669
143670
143671
143672
143673
143674
143675
143676
143677
143678
143679
143682
143683
143684
143685
143686
143687
143688
143689
143690
143693
143694
143695
143696
143698
143699
143700
143702
143704
143706
143707
143708
143710
143711
143712
143713
143716
143718
143720
143721
143725
143726
143727
143728
143730
143731
143732
143733
143736
143737
143739
143740
143741
143742
143744
143745
143746
143747
143749
143750
143751
143752
143753
143754
143755
143756
143758
143760
143761
143763
143764
143766
143768
143769
143770
143771
143773
143775
143777
143778
143779
143780
143781
143782
143784
143785
143787
143789
143790
143791
143792
143793
143794
143795
143796
143797
143798
143799
143800
143801
143802
143803
143804
143806
143807
143808
143809
143811
143812
143813
143815
143816
143817
143818
143821
143822
143824
143825
143826
143827
143828
143829
143830
143831
143833
143834
143835
143836
143837
143838
143840
143842
143844
143845
143847
143848
143849
143850
143851
143853
143854
143855
143856
143857
143858
143859
143860
143861
143862
143863
143864
143865
143866
143867
143868
143869
143870
143872
143874
143876
143879
143881
143883
143884
143886
143887
143888
143889
143892
143893
143894
143897
143898
143899
143900
143903
143905
143906
143907
143908
143910
143911
143914
143918
143919
143920
143922
143924
143926
143928
143929
143931
143933
143934
143936
143938
143940
143941
143942
143944
143946
143948
143949
143950
143951
143952
143954
143955
143956
143957
143958
143959
143960
143961
143962
143963
143964
143965
143966
143967
143968
143969
143970
143971
143972
143973
143974
143975
143976
143977
143979
143983
143984
143985
143986
143987
143988
143989
143990
143991
143992
143993
143994
143995
143996
143997
143998
144000
144001
144002
144003
144004
144006
144007
144008
144009
144010
144011
144012
144013
144014
144015
144017
144018
144019
144020
144021
144022
144026
144028
144029
144030
144032
144034
144036
144037
144038
144042
144043
144044
144045
144047
144048
144051
144052
144053
144054
144057
144058
144060
144061
144063
144065
144067
144068
144070
144071
144072
144075
144076
144077
144078
144079
144080
144081
144082
144083
144084
144085
144086
144088
144089
144090
144092
144093
144096
144097
144098
144100
144101
144105
144106
144107
144108
144109
144111
144112
144113
144117
144118
144119
144120
144121
144122
144124
144125
144126
144128
144130
144132
144135
144137
144138
144140
144143
144144
144145
144148
144152
144158
144160
144161
144163
144164
144165
144166
144167
144168
144169
144170
144171
144172
144173
144174
144176
144178
144179
144180
144181
144183
144184
144185
144186
144187
144189
144190
144191
144192
144193
144194
144195
144196
144197
144198
144199
144200
144201
144202
144203
144204
144205
144206
144207
144208
144209
144210
144211
144212
144213
144214
144215
144216
144217
144218
144219
144220
144221
144222
144223
144224
144225
144226
144227
144228
144229
144230
144231
144234
144235
144236
144237
144238
144239
144240
144241
144242
144243
144244
144245
144246
144248
144249
144250
144253
144254
144255
144256
144257
144258
144260
144262
144263
144264
144267
144268
144269
144270
144271
144272
144273
144276
144277
144278
144279
144280
144281
144283
144284
144285
144286
144287
144288
144289
144290
144291
144292
144293
144296
144297
144298
144299
144300
144301
144302
144305
144307
144309
144310
144312
144313
144318
144319
144320
144321
144322
144324
144327
144328
144331
144333
144335
144336
144337
144338
144340
144341
144342
144345
144346
144347
144351
144354
144356
144357
144358
144359
144360
144361
144362
144363
144365
144366
144370
144371
144373
144374
144375
144377
144380
144381
144382
144383
144384
144385
144386
144388
144389
144391
144392
144393
144394
144395
144397
144399
144400
144401
144402
144403
144404
144408
144410
144411
144412
144413
144414
144417
144419
144420
144422
144423
144424
144425
144426
144427
144428
144429
144430
144431
144432
144433
144435
144436
144437
144438
144439
144442
144443
144444
144446
144448
144449
144450
144452
144455
144457
144459
144460
144461
144462
144463
144464
144465
144467
144468
144470
144471
144472
144473
144476
144479
144480
144482
144486
144488
144492
144494
144496
144499
144500
144501
144502
144503
144504
144507
144508
144510
144511
144514
144516
144518
144519
144520
144521
144523
144525
144526
144527
144532
144533
144534
144537
144538
144541
144543
144547
144548
144549
144550
144556
144557
144558
144559
144560
144561
144563
144565
144566
144567
144568
144569
144570
144571
144573
144574
144575
144576
144577
144578
144580
144581
144582
144583
144584
144586
144589
144591
144592
144594
144596
144597
144598
144600
144601
144606
144607
144608
144610
144612
144614
144615
144616
144617
144618
144621
144622
144624
144625
144626
144627
144628
144629
144631
144632
144633
144634
144636
144637
144639
144640
144641
144642
144643
144644
144645
144646
144647
144648
144649
144650
144652
144653
144654
144655
144656
144657
144659
144660
144661
144662
144663
144666
144667
144668
144669
144672
144673
144674
144676
144677
144678
144679
144680
144681
144682
144683
144684
144686
144688
144689
144693
144696
144697
144700
144703
144704
144705
144706
144707
144708
144709
144710
144712
144718
144720
144725
144726
144727
144728
144729
144730
144731
144732
144733
144734
144735
144737
144738
144739
144740
144741
144744
144745
144746
144749
144750
144751
144752
144755
144758
144759
144761
144763
144764
144765
144767
144768
144770
144771
144772
144775
144778
144779
144780
144781
144782
144783
144784
144785
144786
144787
144788
144789
144791
144793
144794
144795
144796
144797
144798
144799
144800
144802
144803
144804
144806
144807
144808
144809
144814
144815
144816
144817
144820
144821
144822
144823
144827
144831
144832
144834
144837
144840
144843
144844
144845
144849
144850
144852
144853
144854
144855
144856
144857
144858
144859
144860
144861
144862
144863
144864
144865
144866
144867
144868
144869
144870
144871
144872
144873
144874
144875
144876
144877
144878
144879
144880
144881
144882
144883
144884
144885
144887
144889
144890
144891
144892
144893
144894
144895
144896
144897
144898
144899
144900
144901
144902
144903
144904
144905
144908
144909
144912
144913
144914
144915
144917
144918
144919
144920
144921
144922
144923
144924
144925
144926
144927
144928
144929
144930
144931
144932
144933
144934
144936
144937
144939
144940
144941
144942
144943
144944
144945
144946
144947
144948
144949
144951
144952
144953
144955
144957
144958
144960
144962
144963
144964
144965
144966
144967
144968
144969
144970
144971
144972
144973
144974
144975
144976
144977
144978
144979
144981
144982
144985
144986
144987
144988
144989
144990
144991
144992
144993
144994
144995
144996
144997
144998
144999
145000
145001
145004
145005
145006
145007
145008
145009
145010
145011
145012
145013
145014
145016
145017
145018
145023
145024
145028
145030
145031
145033
145034
145035
145037
145040
145042
145044
145045
145047
145050
145052
145053
145055
145057
145058
145059
145060
145061
145062
145063
145064
145067
145069
145072
145074
145076
145079
145080
145082
145085
145087
145088
145089
145090
145091
145092
145093
145095
145097
145099
145101
145102
145105
145106
145107
145108
145110
145113
145114
145116
145117
145118
145119
145121
145122
145123
145124
145125
145127
145128
145129
145130
145131
145133
145134
145137
145138
145139
145140
145141
145142
145143
145144
145145
145146
145147
145148
145149
145150
145151
145153
145154
145155
145156
145157
145158
145159
145160
145161
145162
145163
145164
145166
145168
145169
145172
145173
145174
145175
145176
145177
145179
145180
145181
145184
145187
145188
145190
145191
145192
145193
145194
145195
145196
145197
145198
145199
145201
145202
145203
145204
145205
145206
145207
145208
145209
145210
145211
145212
145215
145216
145217
145218
145219
145221
145222
145225
145226
145227
145228
145229
145230
145232
145235
145236
145237
145238
145239
145240
145241
145242
145243
145244
145245
145249
145250
145252
145253
145255
145256
145257
145260
145261
145263
145264
145265
145266
145267
145268
145269
145270
145271
145272
145273
145275
145276
145277
145279
145280
145282
145284
145285
145286
145288
145289
145290
145291
145293
145294
145295
145297
145298
145299
145300
145301
145302
145303
145304
145305
145306
145307
145308
145309
145310
145311
145312
145313
145314
145315
145316
145317
145318
145319
145320
145322
145323
145324
145325
145327
145328
145329
145333
145335
145336
145337
145338
145339
145340
145342
145344
145345
145346
145347
145349
145351
145352
145353
145355
145356
145357
145359
145361
145362
145363
145366
145367
145370
145371
145374
145375
145376
145377
145379
145380
145381
145382
145383
145384
145385
145392
145393
145394
145395
145396
145398
145399
145400
145403
145404
145405
145406
145407
145408
145409
145417
145418
145420
145421
145423
145426
145427
145429
145430
145432
145434
145437
145439
145441
145443
145444
145445
145449
145452
145453
145454
145455
145456
145457
145458
145459
145461
145462
145463
145464
145467
145469
145470
145473
145474
145477
145478
145479
145480
145482
145483
145485
145487
145491
145492
145494
145496
145497
145499
145500
145501
145502
145504
145506
145507
145509
145510
145512
145513
145515
145516
145517
145519
145523
145524
145526
145528
145529
145531
145532
145536
145537
145538
145539
145540
145542
145544
145546
145547
145548
145550
145551
145552
145553
145554
145555
145556
145557
145558
145565
145568
145570
145572
145575
145576
145579
145580
145581
145583
145585
145587
145588
145589
145590
145593
145598
145599
145604
145605
145608
145609
145610
145616
145617
145618
145621
145622
145624
145627
145631
145632
145633
145634
145635
145636
145638
145640
145641
145643
145644
145645
145648
145649
145650
145651
145652
145653
145655
145658
145660
145662
145663
145664
145665
145668
145669
145670
145671
145672
145675
145680
145688
145689
145691
145693
145696
145699
145701
145704
145705
145708
145710
145714
145718
145720
145722
145733
145734
145735
145736
145738
145742
145743
145746
145747
145748
145751
145756
145757
145758
145759
145761
145763
145764
145768
145769
145770
145772
145773
145775
145776
145777
145784
145815
145818
145830
145840
145855
145864
145868
145876
145878
145881
145883
145885
145886
145887
145889
145890
145894
145899
145900
145901
145903
145904
145905
145915
145922
145925
145927
145931
145934
145935
145936
145937
145938
145941
145945
145947
145951
145954
145955
145956
145957
145958
145961
145963
145965
145967
145968
145970
145971
145974
145977
145978
145981
145987
145989
145991
145997
145998
146001
146002
146005
146009
146010
146011
146015
146016
146017
146018
146021
146025
146026
146029
146030
146031
146032
146034
146036
146037
146039
146044
146045
146050
146052
146053
146055
146056
146057
146059
146062
146063
146065
146066
146068
146072
146076
146079
146082
146084
146085
146093
146095
146100
146103
146105
146111
146112
146113
146114
146116
146117
146119
146121
146122
146127
146129
146130
146131
146133
146135
146136
146138
146139
146145
146148
146156
146159
146160
146161
146165
146173
146176
146178
146180
146181
146182
146187
146189
146193
146197
146199
146200
146205
146208
146210
146212
146215
146219
146220
146224
146225
146236
146237
146238
146239
146240
146241
146242
146243
146244
146246
146247
146249
146250
146251
146252
146256
146257
146258
146259
146260
146261
146262
146263
146264
146265
146266
146270
146272
146273
146277
146278
146279
146284
146286
146287
146288
146294
146300
146304
146309
146311
146316
146333
146334
146337
146340
146343
146344
146346
146347
146351
146352
146355
146361
146366
146371
146373
146374
146377
146379
146381
146382
146383
146389
146390
146396
146403
146413
146415
146434
146438
146458
146467
146470
146471
146475
146484
146485
146486
146487
146489
146490
146497
146498
146501
146504
146506
146507
146508
146514
146515
146518
146521
146522
146523
146524
146525
146526
146528
146529
146534
146536
146541
146542
146547
146548
146550
146556
146557
146563
146566
146569
146570
146592
146595
146598
146602
146604
146610
146611
146613
146614
146618
146619
146620
146624
146625
146626
146627
146628
146635
146638
146641
146642
146646
146649
146656
146658
146661
146664
146669
146670
146676
146677
146683
146689
146697
146698
146704
146706
146713
146716
146721
146722
146726
146731
146732
146745
146747
146750
146757
146758
146765
146766
146768
146772
146773
146776
146778
146781
146782
146786
146787
146790
146791
146800
146801
146803
146806
146811
146818
146822
146823
146824
146826
146827
146830
146831
146833
146835
146836
146843
146845
146849
146851
146852
146856
146864
146865
146867
146870
146873
146875
146877
146878
146879
146881
146883
146887
146889
146890
146891
146892
146895
146898
146899
146900
146902
146904
146907
146909
146910
146911
146917
146918
146924
146925
146927
146930
146931
146935
146938
146939
146943
146944
146945
146951
146952
146954
146955
146956
146959
146962
146964
146965
146966
146967
146968
146969
146973
146974
146975
146978
146979
146980
146981
146982
146984
146985
146989
146990
146991
146993
146996
147004
147005
147007
147008
147010
147011
147012
147015
147016
147017
147025
147028
147031
147034
147035
147039
147041
147042
147043
147044
147046
147048
147051
147052
147053
147057
147059
147060
147062
147068
147069
147070
147072
147073
147075
147077
147079
147082
147086
147087
147091
147095
147098
147100
147101
147110
147113
147116
147117
147118
147124
147125
147126
147130
147131
147133
147134
147136
147139
147141
147143
147144
147145
147148
147152
147153
147154
147157
147159
147160
147161
147162
147163
147164
147166
147178
147180
147182
147184
147185
147189
147190
147193
147198
147201
147202
147203
147204
147205
147206
147209
147211
147216
147220
147222
147223
147224
147227
147229
147232
147233
147234
147236
147237
147238
147239
147240
147242
147243
147244
147245
147247
147248
147249
147251
147252
147253
147256
147257
147259
147260
147263
147265
147266
147269
147270
147272
147273
147276
147277
147280
147283
147288
147289
147290
147292
147293
147295
147296
147299
147301
147302
147309
147310
147311
147312
147313
147314
147315
147316
147317
147318
147319
147321
147322
147325
147330
147331
147333
147336
147337
147338
147339
147340
147341
147343
147344
147346
147347
147348
147354
147355
147356
147357
147358
147365
147366
147367
147370
147372
147375
147376
147378
147379
147380
147381
147382
147383
147385
147388
147389
147392
147393
147394
147395
147397
147399
147400
147401
147402
147403
147404
147405
147406
147407
147408
147409
147410
147412
147413
147414
147416
147417
147418
147419
147421
147423
147424
147425
147426
147427
147428
147429
147430
147432
147433
147434
147435
147436
147438
147439
147440
147441
147443
147445
147446
147447
147448
147449
147451
147453
147455
147457
147458
147459
147461
147463
147465
147466
147467
147468
147469
147471
147472
147474
147476
147481
147482
147483
147485
147486
147487
147488
147489
147490
147491
147492
147493
147496
147497
147498
147499
147501
147502
147503
147504
147506
147507
147508
147510
147511
147512
147514
147515
147516
147517
147519
147520
147521
147522
147523
147524
147526
147527
147528
147532
147533
147534
147535
147537
147540
147541
147542
147543
147544
147545
147546
147548
147551
147552
147554
147557
147558
147559
147560
147561
147562
147563
147564
147566
147567
147568
147570
147571
147572
147574
147576
147577
147579
147580
147581
147583
147584
147585
147586
147590
147591
147592
147593
147594
147597
147599
147602
147604
147605
147606
147610
147611
147612
147613
147614
147615
147618
147620
147621
147623
147624
147625
147626
147627
147628
147630
147632
147633
147634
147635
147636
147638
147639
147640
147641
147642
147645
147646
147647
147648
147649
147650
147653
147654
147655
147657
147659
147661
147664
147665
147666
147671
147674
147675
147676
147679
147680
147681
147682
147685
147689
147690
147691
147692
147694
147695
147696
147697
147700
147701
147702
147704
147706
147710
147711
147712
147713
147714
147715
147717
147718
147719
147720
147721
147722
147723
147724
147727
147728
147729
147732
147734
147735
147737
147738
147739
147741
147742
147745
147748
147749
147751
147752
147754
147755
147756
147757
147760
147761
147763
147765
147766
147770
147772
147780
147781
147782
147784
147785
147787
147791
147794
147795
147800
147802
147803
147804
147805
147807
147809
147811
147812
147813
147815
147817
147820
147821
147822
147824
147826
147827
147828
147829
147830
147831
147832
147833
147834
147836
147837
147838
147841
147843
147844
147846
147847
147848
147850
147853
147857
147859
147861
147867
147868
147869
147871
147874
147875
147877
147879
147880
147881
147884
147886
147887
147888
147889
147890
147891
147893
147894
147895
147899
147900
147901
147902
147905
147908
147909
147910
147919
147920
147922
147923
147924
147925
147928
147929
147930
147933
147935
147936
147937
147939
147941
147945
147946
147947
147948
147950
147951
147952
147953
147954
147955
147956
147957
147958
147959
147961
147962
147963
147965
147966
147967
147968
147969
147970
147971
147972
147973
147976
147977
147979
147980
147981
147982
147983
147985
147986
147989
147992
147996
147998
148001
148003
148004
148009
148011
148020
148021
148022
148024
148025
148027
148028
148038
148041
148042
148043
148044
148045
148052
148053
148054
148055
148056
148058
148059
148061
148062
148064
148067
148068
148069
148070
148073
148076
148077
148082
148085
148086
148087
148088
148089
148090
148092
148093
148095
148096
148098
148101
148102
148103
148107
148108
148110
148112
148114
148115
148117
148118
148120
148123
148126
148129
148130
148131
148133
148134
148135
148137
148140
148142
148144
148147
148149
148153
148155
148159
148160
148161
148162
148163
148164
148167
148168
148169
148170
148172
148173
148175
148180
148181
148183
148184
148185
148189
148191
148194
148195
148196
148197
148200
148204
148205
148206
148207
148209
148210
148211
148213
148214
148215
148216
148217
148219
148222
148225
148227
148229
148231
148232
148233
148234
148235
148236
148237
148238
148239
148241
148243
148244
148245
148246
148247
148249
148250
148253
148254
148256
148260
148263
148264
148266
148269
148270
148273
148275
148279
148280
148282
148285
148286
148288
148290
148291
148292
148293
148294
148297
148298
148299
148301
148304
148305
148306
148308
148311
148315
148316
148317
148319
148324
148325
148326
148329
148330
148331
148332
148334
148338
148339
148341
148343
148344
148347
148350
148351
148354
148355
148356
148357
148358
148359
148360
148361
148363
148370
148375
148377
148378
148387
148388
148389
148390
148393
148394
148395
148396
148401
148402
148403
148408
148409
148410
148411
148413
148414
148416
148417
148418
148419
148420
148422
148423
148424
148425
148426
148427
148428
148429
148431
148433
148435
148436
148437
148438
148439
148443
148445
148447
148448
148449
148451
148454
148455
148458
148460
148461
148463
148464
148471
148472
148473
148474
148475
148477
148481
148482
148483
148484
148485
148492
148494
148495
148496
148498
148499
148502
148503
148506
148507
148508
148509
148510
148511
148512
148514
148521
148529
148534
148540
148541
148542
148543
148548
148549
148550
148552
148553
148555
148559
148561
148563
148565
148566
148567
148568
148569
148570
148582
148583
148584
148585
148586
148587
148588
148589
148590
148591
148593
148594
148595
148597
148598
148599
148600
148602
148603
148605
148606
148607
148608
148609
148611
148612
148615
148616
148618
148619
148620
148621
148622
148624
148626
148627
148628
148629
148630
148631
148632
148633
148634
148635
148636
148637
148638
148639
148640
148641
148642
148643
148647
148648
148649
148650
148651
148652
148653
148654
148655
148656
148657
148659
148661
148663
148664
148667
148672
148674
148675
148677
148679
148681
148682
148684
148687
148688
148689
148690
148691
148692
148695
148696
148697
148699
148700
148701
148703
148704
148705
148709
148710
148711
148715
148716
148717
148720
148721
148722
148724
148726
148727
148728
148729
148732
148733
148734
148735
148736
148737
148739
148740
148741
148742
148743
148748
148750
148751
148752
148754
148755
148757
148758
148760
148761
148762
148766
148767
148768
148770
148771
148772
148776
148777
148778
148779
148780
148781
148782
148783
148785
148786
148787
148789
148791
148792
148793
148794
148795
148796
148799
148800
148801
148803
148805
148806
148807
148808
148816
148817
148818
148819
148824
148825
148829
148830
148831
148833
148835
148838
148839
148841
148842
148845
148847
148848
148849
148852
148853
148854
148855
148856
148857
148858
148860
148866
148867
148868
148869
148871
148872
148873
148874
148877
148878
148881
148883
148884
148885
148886
148887
148888
148889
148890
148891
148892
148893
148894
148895
148897
148900
148901
148902
148904
148905
148906
148907
148909
148912
148915
148916
148917
148918
148919
148920
148922
148923
148924
148926
148927
148928
148929
148930
148932
148935
148937
148939
148940
148943
148946
148952
148953
148957
148959
148960
148963
148964
148965
148969
148970
148971
148972
148973
148974
148975
148976
148977
148978
148979
148984
148986
148988
148991
148992
148994
148995
148997
148999
149000
149001
149003
149006
149007
149012
149013
149015
149016
149018
149020
149021
149022
149023
149024
149025
149026
149028
149029
149032
149034
149036
149038
149039
149044
149045
149047
149048
149049
149050
149051
149052
149053
149054
149055
149056
149058
149059
149060
149063
149065
149066
149067
149068
149070
149073
149074
149075
149076
149079
149082
149084
149086
149091
149093
149096
149097
149098
149100
149102
149104
149106
149107
149108
149109
149110
149112
149114
149115
149116
149117
149118
149119
149120
149122
149123
149126
149127
149128
149129
149130
149131
149132
149134
149137
149139
149141
149142
149143
149146
149147
149148
149149
149150
149151
149155
149156
149157
149160
149162
149163
149166
149168
149170
149172
149173
149174
149176
149177
149179
149180
149181
149183
149184
149185
149186
149189
149190
149192
149193
149196
149197
149204
149205
149206
149209
149210
149212
149214
149215
149216
149220
149221
149222
149223
149224
149225
149226
149227
149229
149230
149231
149234
149235
149238
149243
149244
149248
149252
149253
149255
149256
149260
149261
149265
149270
149272
149273
149285
149286
149289
149292
149293
149294
149295
149297
149298
149301
149302
149304
149306
149307
149317
149321
149326
149330
149335
149343
149344
149347
149356
149360
149363
149365
149367
149370
149371
149375
149386
149389
149392
149396
149398
149402
149403
149407
149411
149415
149427
149429
149430
149431
149435
149439
149451
149454
149458
149462
149471
149474
149484
149485
149498
149501
149503
149504
149506
149508
149509
149511
149513
149514
149515
149516
149519
149520
149521
149524
149527
149530
149531
149532
149533
149534
149535
149536
149537
149538
149539
149540
149541
149544
149546
149547
149549
149550
149552
149554
149557
149559
149560
149562
149565
149567
149568
149569
149571
149572
149573
149575
149576
149577
149580
149581
149582
149584
149586
149588
149589
149590
149591
149592
149595
149596
149600
149601
149603
149605
149609
149611
149612
149613
149614
149616
149617
149618
149621
149624
149625
149627
149629
149630
149632
149633
149635
149637
149638
149639
149640
149641
149642
149647
149648
149649
149650
149651
149652
149653
149654
149655
149656
149663
149666
149667
149668
149670
149672
149673
149674
149675
149676
149679
149681
149682
149685
149686
149687
149688
149690
149691
149692
149693
149694
149695
149696
149700
149702
149703
149704
149705
149707
149709
149710
149712
149713
149715
149716
149717
149718
149721
149722
149723
149725
149726
149728
149729
149730
149731
149732
149733
149734
149736
149737
149738
149739
149740
149743
149744
149747
149748
149750
149751
149752
149754
149757
149760
149761
149762
149764
149767
149768
149769
149770
149771
149772
149773
149775
149776
149777
149778
149779
149782
149784
149786
149788
149791
149792
149795
149797
149798
149799
149800
149801
149803
149804
149805
149807
149809
149812
149813
149814
149815
149816
149818
149820
149821
149822
149823
149825
149826
149828
149829
149830
149831
149832
149834
149836
149839
149840
149842
149843
149845
149846
149847
149849
149850
149851
149852
149853
149854
149855
149856
149857
149858
149859
149861
149863
149864
149865
149868
149869
149870
149871
149872
149873
149874
149875
149877
149878
149879
149881
149882
149883
149884
149887
149889
149890
149891
149893
149894
149895
149896
149897
149898
149899
149900
149901
149902
149905
149908
149909
149910
149911
149912
149913
149914
149916
149917
149918
149919
149920
149921
149922
149923
149926
149927
149928
149930
149932
149933
149934
149935
149937
149938
149940
149943
149946
149948
149953
149954
149958
149959
149960
149962
149963
149964
149965
149966
149967
149968
149969
149970
149971
149972
149974
149975
149976
149978
149979
149980
149981
149982
149983
149984
149985
149986
149987
149988
149989
149990
149991
149992
149993
149994
149995
149996
149998
149999
150000
150004
150005
150006
150007
150008
150009
150010
150011
150012
150013
150014
150015
150016
150017
150018
150019
150020
150021
150022
150023
150024
150026
150027
150028
150030
150031
150032
150033
150035
150036
150037
150038
150039
150041
150042
150043
150044
150045
150046
150047
150048
150049
150051
150052
150053
150054
150056
150057
150058
150059
150060
150061
150062
150063
150064
150065
150066
150068
150069
150071
150073
150076
150077
150078
150079
150080
150081
150082
150083
150084
150086
150088
150090
150091
150092
150093
150094
150095
150097
150098
150099
150100
150101
150102
150104
150106
150108
150112
150113
150114
150115
150116
150117
150118
150119
150120
150121
150122
150123
150124
150126
150127
150128
150130
150131
150132
150133
150134
150136
150137
150138
150139
150140
150142
150143
150144
150145
150146
150149
150152
150153
150155
150157
150158
150159
150160
150161
150162
150163
150165
150166
150167
150168
150169
150171
150173
150175
150176
150177
150178
150179
150181
150182
150183
150188
150190
150191
150193
150194
150195
150196
150197
150198
150199
150202
150203
150204
150205
150206
150207
150208
150209
150210
150211
150213
150215
150216
150217
150219
150220
150221
150222
150224
150226
150229
150230
150232
150233
150234
150235
150236
150237
150238
150239
150241
150243
150244
150246
150248
150249
150250
150253
150255
150258
150259
150260
150263
150265
150266
150268
150269
150270
150272
150273
150274
150275
150277
150278
150280
150281
150283
150284
150285
150286
150287
150289
150290
150291
150292
150294
150296
150297
150298
150299
150300
150301
150303
150304
150305
150306
150307
150308
150309
150310
150314
150315
150316
150319
150320
150321
150322
150323
150324
150325
150326
150328
150330
150334
150335
150336
150338
150339
150340
150342
150343
150344
150345
150348
150349
150350
150351
150352
150353
150355
150357
150358
150362
150363
150364
150367
150368
150369
150370
150372
150373
150376
150377
150378
150379
150380
150382
150383
150384
150385
150386
150387
150388
150389
150390
150391
150392
150393
150395
150396
150397
150398
150399
150400
150402
150403
150404
150405
150406
150407
150413
150415
150416
150417
150419
150421
150422
150425
150426
150429
150431
150432
150434
150437
150438
150439
150441
150444
150445
150446
150448
150449
150451
150453
150455
150457
150458
150460
150461
150462
150463
150466
150467
150468
150469
150470
150471
150472
150473
150474
150475
150476
150477
150478
150479
150480
150484
150486
150487
150490
150491
150492
150494
150495
150496
150497
150499
150504
150505
150511
150514
150516
150517
150518
150521
150522
150523
150524
150525
150526
150528
150529
150530
150531
150532
150533
150534
150535
150536
150538
150540
150541
150542
150543
150548
150549
150550
150551
150552
150553
150554
150555
150558
150559
150560
150562
150563
150564
150566
150567
150568
150569
150570
150571
150573
150574
150576
150577
150578
150579
150580
150581
150583
150585
150586
150587
150589
150590
150591
150592
150593
150594
150596
150597
150598
150599
150600
150601
150603
150604
150605
150606
150607
150608
150609
150610
150611
150612
150614
150615
150616
150617
150618
150619
150620
150621
150622
150623
150624
150625
150626
150627
150628
150629
150630
150631
150632
150633
150634
150635
150636
150637
150638
150639
150640
150641
150642
150643
150644
150645
150646
150647
150648
150649
150650
150651
150652
150653
150654
150655
150657
150658
150660
150661
150662
150663
150664
150665
150666
150667
150669
150671
150672
150673
150674
150675
150676
150680
150682
150685
150687
150688
150689
150690
150691
150692
150693
150694
150695
150697
150698
150699
150700
150702
150703
150705
150706
150707
150708
150709
150711
150712
150713
150714
150715
150716
150717
150718
150719
150720
150722
150723
150724
150725
150726
150729
150731
150734
150735
150736
150738
150741
150744
150745
150746
150747
150748
150749
150750
150754
150755
150757
150758
150760
150761
150762
150763
150764
150765
150767
150768
150769
150770
150771
150772
150773
150774
150776
150777
150778
150779
150780
150781
150782
150783
150784
150785
150786
150787
150788
150789
150791
150792
150793
150794
150795
150796
150797
150798
150800
150801
150802
150803
150804
150805
150806
150807
150808
150809
150810
150811
150812
150813
150814
150815
150816
150817
150818
150819
150820
150821
150822
150823
150824
150825
150826
150828
150831
150832
150834
150836
150837
150838
150839
150841
150842
150843
150844
150846
150847
150848
150849
150850
150851
150853
150854
150855
150856
150857
150858
150859
150860
150861
150862
150863
150864
150865
150866
150867
150868
150871
150872
150873
150874
150875
150876
150877
150880
150881
150882
150883
150884
150885
150886
150887
150888
150889
150892
150893
150894
150896
150898
150899
150900
150902
150903
150906
150907
150908
150909
150910
150912
150914
150915
150916
150918
150919
150920
150921
150924
150925
150926
150927
150928
150929
150930
150931
150932
150934
150935
150937
150938
150939
150942
150943
150944
150945
150946
150947
150948
150949
150950
150951
150952
150954
150955
150956
150957
150958
150959
150960
150962
150964
150965
150966
150967
150968
150969
150970
150971
150972
150973
150974
150976
150978
150979
150980
150982
150983
150984
150985
150986
150988
150991
150992
150993
150994
150996
150997
150998
151000
151001
151002
151004
151005
151008
151010
151011
151012
151014
151015
151016
151018
151019
151020
151021
151022
151025
151026
151029
151032
151034
151035
151036
151037
151038
151039
151040
151041
151042
151043
151044
151045
151048
151049
151051
151053
151055
151056
151059
151060
151063
151064
151066
151067
151068
151069
151071
151072
151073
151074
151075
151076
151078
151080
151082
151083
151084
151085
151086
151087
151088
151089
151091
151092
151093
151096
151097
151098
151099
151100
151103
151105
151106
151107
151108
151110
151111
151112
151114
151115
151117
151118
151119
151120
151121
151122
151123
151124
151126
151127
151128
151129
151130
151131
151132
151135
151137
151138
151139
151140
151141
151142
151143
151144
151145
151146
151150
151152
151154
151155
151156
151158
151159
151161
151162
151164
151165
151167
151168
151169
151170
151172
151175
151176
151177
151178
151179
151180
151183
151187
151188
151189
151194
151196
151197
151198
151199
151200
151201
151202
151203
151204
151205
151206
151210
151212
151213
151215
151216
151217
151220
151221
151222
151223
151224
151225
151227
151228
151229
151230
151231
151232
151233
151234
151235
151237
151238
151239
151240
151241
151243
151244
151245
151246
151247
151250
151251
151255
151257
151258
151259
151260
151261
151262
151263
151264
151265
151266
151267
151269
151270
151271
151272
151273
151274
151275
151276
151277
151279
151280
151281
151282
151283
151284
151285
151286
151288
151289
151290
151293
151294
151296
151297
151298
151299
151300
151301
151302
151303
151304
151305
151306
151308
151309
151310
151311
151312
151314
151315
151316
151317
151318
151319
151320
151321
151323
151324
151326
151327
151328
151329
151330
151331
151332
151333
151334
151335
151336
151337
151338
151340
151341
151342
151343
151344
151345
151346
151348
151349
151350
151351
151352
151353
151354
151355
151356
151357
151358
151359
151361
151363
151364
151365
151367
151369
151370
151374
151375
151376
151377
151378
151379
151380
151381
151382
151384
151385
151388
151390
151391
151393
151394
151395
151396
151397
151399
151400
151401
151402
151404
151405
151406
151407
151408
151409
151410
151412
151413
151414
151415
151416
151417
151418
151419
151420
151421
151422
151424
151425
151426
151427
151428
151429
151430
151431
151433
151434
151437
151438
151439
151441
151442
151444
151445
151447
151449
151450
151451
151452
151453
151455
151456
151457
151458
151459
151460
151462
151463
151464
151465
151466
151467
151468
151469
151472
151473
151474
151476
151477
151478
151479
151480
151481
151483
151484
151485
151487
151488
151489
151490
151495
151496
151497
151498
151499
151501
151502
151503
151504
151505
151506
151507
151508
151509
151510
151513
151514
151515
151516
151517
151518
151519
151520
151521
151522
151523
151524
151526
151527
151528
151529
151530
151531
151532
151534
151535
151536
151538
151539
151541
151542
151543
151545
151548
151549
151552
151554
151557
151558
151559
151560
151561
151563
151564
151566
151567
151568
151569
151570
151571
151572
151574
151577
151578
151579
151580
151582
151583
151585
151587
151588
151589
151591
151592
151593
151594
151595
151598
151599
151600
151601
151602
151603
151604
151605
151606
151607
151609
151610
151611
151612
151613
151614
151615
151617
151618
151619
151620
151621
151622
151623
151624
151625
151626
151628
151630
151632
151635
151636
151637
151638
151639
151640
151641
151642
151643
151644
151645
151646
151647
151648
151649
151650
151651
151652
151654
151655
151656
151657
151658
151659
151660
151661
151662
151663
151664
151665
151666
151667
151668
151670
151672
151674
151675
151677
151678
151680
151681
151682
151684
151685
151686
151687
151690
151691
151692
151695
151696
151698
151699
151700
151703
151705
151706
151708
151710
151712
151714
151715
151716
151718
151719
151721
151722
151723
151724
151725
151726
151727
151728
151729
151731
151732
151734
151735
151736
151737
151738
151739
151740
151742
151743
151744
151745
151746
151747
151748
151752
151754
151755
151756
151757
151758
151759
151761
151763
151764
151765
151766
151768
151769
151770
151771
151772
151773
151775
151778
151779
151780
151781
151783
151784
151787
151789
151790
151791
151793
151794
151795
151796
151797
151799
151800
151801
151803
151805
151811
151812
151813
151814
151815
151817
151818
151820
151824
151826
151827
151828
151829
151832
151833
151834
151835
151836
151837
151838
151839
151840
151841
151842
151843
151844
151845
151846
151847
151849
151850
151851
151852
151853
151854
151855
151856
151857
151858
151859
151860
151861
151862
151863
151864
151865
151866
151867
151868
151869
151870
151871
151872
151873
151875
151876
151877
151878
151879
151880
151881
151883
151885
151886
151887
151888
151889
151890
151891
151892
151893
151894
151895
151896
151897
151898
151900
151901
151903
151904
151905
151906
151908
151909
151911
151912
151913
151914
151915
151916
151917
151918
151919
151920
151921
151922
151923
151925
151927
151928
151929
151930
151931
151932
151933
151935
151936
151937
151938
151939
151940
151942
151943
151944
151945
151947
151948
151949
151950
151951
151952
151953
151954
151955
151956
151957
151958
151959
151960
151961
151962
151963
151964
151968
151969
151970
151971
151972
151975
151976
151977
151978
151979
151980
151981
151982
151984
151985
151986
151990
151991
151992
151994
151996
151997
151998
152000
152002
152003
152004
152005
152006
152007
152008
152009
152010
152014
152015
152016
152017
152018
152021
152022
152024
152026
152028
152029
152031
152032
152033
152034
152035
152036
152037
152038
152039
152042
152043
152044
152047
152049
152051
152053
152054
152055
152058
152063
152064
152065
152068
152069
152070
152071
152074
152076
152077
152080
152081
152082
152083
152085
152086
152087
152089
152090
152091
152093
152094
152095
152096
152097
152098
152099
152100
152102
152104
152105
152106
152107
152108
152109
152110
152111
152113
152114
152118
152119
152121
152122
152124
152127
152130
152132
152134
152137
152141
152143
152145
152147
152150
152154
152155
152157
152159
152160
152161
152162
152163
152166
152167
152170
152176
152177
152182
152183
152184
152185
152186
152187
152188
152189
152193
152194
152195
152196
152197
152198
152199
152204
152205
152206
152207
152210
152211
152212
152213
152214
152216
152217
152218
152219
152220
152222
152223
152224
152225
152226
152227
152228
152229
152230
152231
152232
152233
152234
152235
152236
152237
152238
152239
152240
152242
152243
152245
152247
152249
152250
152254
152255
152256
152257
152258
152259
152261
152262
152264
152265
152268
152269
152270
152271
152272
152273
152274
152275
152277
152278
152279
152280
152281
152284
152285
152286
152287
152288
152289
152291
152292
152293
152294
152295
152296
152297
152298
152299
152301
152303
152304
152305
152306
152308
152309
152310
152312
152316
152317
152318
152319
152321
152323
152324
152325
152328
152330
152331
152332
152333
152334
152338
152339
152342
152348
152352
152353
152354
152361
152362
152363
152365
152366
152369
152371
152373
152375
152376
152378
152379
152380
152382
152384
152385
152386
152388
152390
152391
152392
152394
152395
152397
152398
152399
152400
152401
152402
152403
152404
152405
152406
152408
152409
152411
152412
152413
152414
152416
152421
152422
152423
152424
152425
152426
152427
152428
152429
152431
152436
152437
152440
152442
152444
152446
152448
152450
152452
152455
152457
152458
152459
152461
152462
152463
152464
152465
152466
152467
152469
152470
152471
152472
152473
152474
152476
152478
152479
152480
152481
152482
152483
152486
152487
152488
152490
152492
152493
152494
152497
152499
152500
152503
152505
152506
152507
152508
152509
152510
152511
152512
152513
152514
152515
152516
152517
152518
152519
152520
152521
152522
152523
152524
152525
152526
152527
152528
152529
152530
152531
152533
152534
152535
152536
152537
152538
152540
152541
152543
152545
152546
152547
152549
152550
152551
152552
152553
152554
152555
152556
152558
152559
152560
152562
152563
152564
152565
152566
152568
152569
152570
152571
152572
152573
152574
152575
152576
152577
152578
152579
152580
152581
152582
152583
152584
152585
152588
152589
152592
152593
152594
152595
152596
152597
152599
152600
152602
152603
152604
152605
152606
152607
152608
152611
152612
152613
152615
152616
152617
152618
152619
152620
152621
152622
152623
152624
152626
152627
152628
152629
152630
152631
152632
152633
152635
152636
152637
152638
152639
152640
152641
152642
152644
152645
152646
152647
152648
152649
152650
152651
152654
152655
152656
152657
152658
152659
152661
152662
152664
152665
152667
152668
152669
152671
152674
152675
152676
152677
152678
152680
152682
152683
152684
152685
152686
152689
152690
152693
152695
152696
152698
152699
152700
152701
152706
152708
152709
152710
152711
152712
152713
152715
152717
152718
152720
152721
152722
152723
152725
152727
152728
152731
152732
152733
152734
152735
152736
152737
152739
152740
152742
152744
152745
152746
152748
152750
152751
152754
152755
152756
152757
152758
152759
152761
152762
152764
152765
152766
152767
152768
152769
152770
152772
152773
152774
152775
152776
152779
152780
152781
152782
152783
152785
152788
152789
152790
152791
152792
152793
152795
152796
152797
152799
152800
152801
152805
152806
152807
152808
152810
152811
152812
152813
152814
152815
152816
152817
152818
152819
152820
152821
152822
152823
152824
152825
152827
152828
152829
152830
152831
152832
152833
152834
152835
152837
152839
152841
152842
152843
152846
152847
152848
152849
152850
152851
152853
152854
152855
152857
152858
152860
152861
152862
152863
152865
152866
152867
152868
152870
152872
152873
152874
152875
152876
152877
152878
152879
152880
152881
152882
152884
152885
152886
152888
152890
152892
152893
152894
152895
152896
152897
152898
152900
152901
152902
152903
152904
152905
152906
152907
152908
152910
152911
152912
152914
152915
152916
152917
152918
152919
152920
152921
152922
152923
152924
152925
152926
152928
152929
152930
152931
152933
152934
152935
152936
152937
152938
152942
152943
152944
152945
152946
152947
152948
152950
152951
152953
152954
152956
152957
152958
152960
152961
152962
152963
152966
152967
152968
152969
152970
152971
152972
152973
152974
152975
152976
152977
152978
152980
152981
152982
152983
152984
152985
152986
152988
152989
152990
152991
152992
152993
152994
152995
152996
152998
152999
153000
153002
153004
153005
153007
153008
153009
153010
153011
153012
153013
153016
153018
153022
153025
153026
153027
153028
153029
153030
153032
153033
153034
153037
153040
153045
153046
153048
153049
153051
153052
153054
153057
153058
153059
153060
153062
153063
153066
153067
153068
153069
153072
153074
153079
153080
153081
153082
153083
153084
153085
153087
153088
153089
153090
153091
153092
153094
153095
153097
153098
153100
153101
153102
153107
153109
153110
153111
153112
153113
153114
153115
153116
153120
153121
153125
153126
153127
153128
153131
153134
153146
153147
153149
153152
153155
153157
153159
153160
153162
153163
153165
153166
153172
153173
153175
153177
153178
153180
153182
153184
153188
153189
153190
153192
153193
153199
153200
153203
153204
153205
153206
153208
153210
153213
153215
153217
153218
153221
153222
153224
153225
153226
153227
153228
153230
153231
153236
153241
153244
153249
153250
153252
153253
153254
153256
153258
153261
153262
153263
153264
153267
153268
153269
153271
153272
153273
153275
153277
153278
153279
153283
153285
153290
153291
153292
153293
153294
153295
153296
153297
153298
153299
153300
153301
153302
153303
153306
153307
153308
153309
153313
153317
153318
153319
153321
153325
153328
153330
153338
153339
153340
153343
153347
153350
153352
153353
153354
153356
153359
153360
153363
153365
153368
153369
153371
153377
153379
153383
153386
153387
153390
153392
153393
153396
153403
153408
153409
153412
153414
153415
153416
153419
153421
153422
153428
153433
153434
153435
153437
153450
153453
153463
153476
153480
153482
153487
153489
153491
153493
153502
153503
153506
153508
153518
153528
153529
153530
153531
153532
153533
153535
153536
153537
153538
153542
153547
153550
153551
153554
153555
153560
153563
153565
153568
153573
153574
153576
153577
153579
153580
153582
153584
153587
153596
153599
153600
153601
153602
153603
153607
153608
153609
153613
153614
153615
153618
153620
153622
153625
153633
153640
153647
153648
153649
153651
153655
153659
153660
153664
153666
153669
153672
153678
153679
153682
153685
153686
153687
153688
153689
153690
153691
153692
153693
153694
153696
153697
153698
153704
153706
153708
153709
153711
153713
153715
153716
153718
153719
153720
153721
153724
153730
153732
153734
153736
153738
153741
153745
153746
153747
153749
153751
153753
153755
153756
153760
153762
153763
153764
153765
153767
153768
153770
153772
153774
153779
153780
153781
153782
153783
153786
153787
153788
153789
153790
153793
153799
153802
153804
153806
153807
153810
153811
153812
153814
153826
153828
153829
153830
153838
153842
153843
153845
153846
153850
153851
153853
153856
153857
153863
153865
153871
153874
153875
153883
153885
153886
153887
153888
153892
153897
153900
153904
153907
153908
153909
153911
153912
153913
153914
153915
153916
153917
153919
153921
153922
153924
153925
153929
153930
153932
153933
153936
153937
153938
153939
153940
153941
153943
153944
153948
153954
153959
153960
153961
153967
153968
153969
153970
153972
153977
153982
153984
153985
153991
153992
153993
153995
153997
153998
154002
154008
154009
154014
154015
154016
154017
154019
154020
154025
154027
154028
154030
154032
154033
154036
154040
154041
154042
154043
154051
154054
154056
154058
154062
154063
154064
154065
154072
154073
154082
154085
154091
154095
154105
154111
154115
154122
154123
154133
154136
154137
154139
154143
154145
154149
154155
154158
154160
154162
154163
154165
154166
154168
154172
154177
154180
154182
154186
154196
154197
154200
154201
154207
154208
154209
154214
154217
154218
154219
154220
154221
154222
154224
154225
154228
154230
154232
154235
154245
154246
154247
154248
154258
154261
154262
154263
154265
154267
154268
154270
154272
154276
154278
154285
154287
154290
154300
154304
154305
154309
154316
154317
154318
154324
154325
154327
154334
154335
154337
154345
154348
154350
154355
154356
154357
154358
154359
154363
154365
154370
154371
154373
154375
154382
154387
154388
154391
154392
154395
154396
154404
154408
154409
154410
154412
154416
154417
154418
154421
154422
154423
154424
154427
154431
154435
154437
154438
154440
154444
154445
154448
154452
154453
154464
154473
154474
154475
154478
154480
154484
154487
154489
154492
154493
154494
154495
154496
154498
154500
154504
154506
154509
154516
154518
154521
154526
154527
154528
154530
154531
154532
154533
154534
154537
154538
154542
154545
154548
154549
154550
154551
154552
154553
154554
154555
154559
154560
154561
154564
154565
154567
154571
154573
154577
154580
154583
154590
154593
154594
154595
154598
154600
154601
154602
154606
154607
154608
154612
154613
154615
154616
154617
154618
154620
154621
154623
154624
154625
154626
154628
154631
154632
154633
154635
154638
154642
154645
154647
154649
154650
154653
154655
154657
154660
154661
154662
154663
154665
154669
154673
154676
154678
154682
154684
154687
154688
154691
154692
154693
154697
154698
154700
154701
154704
154706
154707
154710
154711
154717
154721
154724
154726
154729
154735
154736
154737
154738
154739
154740
154743
154747
154749
154753
154754
154756
154758
154768
154769
154774
154776
154781
154783
154785
154786
154787
154790
154794
154798
154801
154805
154807
154808
154811
154812
154813
154814
154816
154817
154818
154821
154822
154823
154824
154828
154829
154830
154833
154835
154839
154840
154841
154842
154843
154844
154845
154847
154854
154856
154857
154865
154866
154867
154868
154869
154871
154872
154874
154875
154877
154882
154885
154886
154887
154888
154889
154890
154891
154892
154893
154895
154898
154899
154900
154901
154902
154903
154904
154905
154907
154908
154909
154910
154911
154912
154913
154915
154916
154917
154918
154919
154920
154921
154924
154925
154927
154928
154931
154933
154935
154936
154937
154938
154939
154942
154944
154945
154947
154949
154950
154951
154954
154955
154961
154963
154965
154967
154968
154972
154973
154974
154976
154978
154980
154981
154983
154989
154991
154992
154993
154994
154995
154996
154997
154999
155000
155002
155005
155006
155007
155011
155012
155013
155014
155016
155019
155022
155023
155024
155025
155026
155027
155029
155030
155031
155034
155036
155038
155040
155041
155043
155044
155046
155048
155051
155052
155053
155054
155055
155056
155057
155058
155059
155060
155064
155065
155066
155067
155068
155069
155070
155072
155074
155075
155076
155077
155078
155079
155081
155082
155083
155085
155086
155087
155088
155089
155091
155095
155096
155097
155098
155099
155100
155102
155105
155106
155107
155108
155110
155111
155112
155116
155117
155119
155121
155124
155125
155126
155128
155129
155133
155134
155135
155136
155137
155138
155139
155140
155141
155142
155144
155145
155148
155149
155154
155155
155156
155157
155158
155160
155161
155162
155165
155166
155167
155170
155171
155172
155173
155175
155176
155178
155179
155182
155183
155184
155186
155188
155191
155192
155193
155195
155196
155197
155198
155199
155201
155202
155203
155204
155205
155206
155207
155208
155209
155211
155213
155214
155215
155216
155217
155218
155219
155220
155221
155222
155223
155224
155226
155227
155228
155230
155231
155232
155233
155234
155235
155239
155240
155241
155243
155246
155248
155249
155250
155251
155253
155255
155256
155258
155259
155261
155262
155264
155265
155266
155268
155269
155271
155272
155273
155274
155277
155278
155279
155280
155281
155283
155284
155286
155287
155290
155291
155293
155294
155295
155297
155299
155300
155301
155305
155309
155310
155313
155315
155317
155318
155319
155322
155323
155326
155329
155331
155333
155334
155335
155336
155340
155341
155342
155343
155344
155347
155349
155352
155354
155355
155357
155360
155361
155362
155363
155364
155365
155366
155367
155368
155370
155371
155372
155375
155382
155384
155385
155387
155389
155390
155391
155392
155394
155398
155399
155402
155403
155406
155408
155411
155412
155416
155418
155423
155424
155426
155432
155434
155435
155436
155437
155439
155442
155444
155445
155447
155448
155449
155451
155452
155454
155455
155456
155458
155459
155460
155461
155462
155463
155468
155469
155471
155473
155475
155477
155478
155479
155480
155481
155482
155487
155488
155489
155491
155492
155493
155495
155498
155501
155503
155510
155511
155512
155514
155518
155521
155525
155526
155528
155530
155531
155532
155534
155535
155538
155539
155540
155541
155542
155544
155545
155546
155547
155549
155550
155551
155552
155553
155554
155556
155557
155558
155559
155561
155564
155567
155568
155571
155572
155574
155576
155579
155580
155581
155583
155584
155585
155586
155587
155588
155590
155591
155592
155595
155596
155597
155598
155599
155600
155601
155603
155607
155608
155609
155611
155613
155614
155620
155621
155624
155627
155628
155630
155631
155632
155636
155637
155638
155644
155649
155651
155656
155657
155658
155661
155662
155666
155668
155670
155671
155672
155675
155677
155678
155680
155681
155682
155684
155685
155686
155687
155689
155690
155691
155692
155693
155699
155704
155705
155706
155707
155708
155709
155710
155711
155712
155713
155714
155716
155718
155720
155722
155724
155726
155730
155731
155733
155734
155735
155736
155738
155739
155740
155741
155743
155746
155752
155758
155759
155761
155762
155763
155765
155766
155768
155769
155773
155775
155776
155777
155779
155780
155783
155784
155786
155794
155797
155798
155799
155800
155801
155803
155804
155805
155809
155811
155814
155815
155816
155817
155818
155819
155820
155821
155826
155831
155832
155833
155835
155836
155839
155840
155842
155844
155846
155847
155856
155857
155858
155859
155861
155864
155866
155870
155872
155873
155874
155876
155877
155879
155880
155881
155883
155884
155885
155886
155887
155889
155891
155892
155893
155894
155895
155896
155898
155899
155902
155903
155904
155911
155912
155913
155914
155915
155916
155917
155918
155920
155921
155922
155923
155924
155925
155927
155929
155931
155933
155935
155936
155937
155941
155943
155944
155945
155952
155953
155954
155956
155959
155961
155966
155968
155970
155972
155976
155977
155979
155980
155982
155987
155988
155989
155990
155991
155993
155994
155998
156001
156002
156004
156005
156008
156010
156011
156012
156014
156016
156018
156019
156020
156021
156022
156024
156025
156026
156029
156036
156043
156045
156046
156051
156055
156059
156061
156062
156067
156068
156069
156070
156071
156072
156076
156078
156080
156081
156083
156087
156088
156090
156093
156095
156096
156099
156100
156101
156102
156106
156111
156113
156114
156118
156119
156122
156124
156126
156127
156128
156130
156131
156133
156134
156145
156146
156147
156148
156150
156151
156152
156156
156157
156158
156161
156162
156164
156165
156170
156171
156173
156179
156180
156188
156191
156192
156193
156197
156199
156200
156201
156202
156204
156205
156207
156208
156209
156211
156212
156213
156214
156216
156217
156218
156219
156221
156228
156230
156231
156233
156234
156236
156237
156238
156239
156240
156241
156243
156246
156247
156248
156249
156251
156252
156253
156254
156255
156256
156257
156258
156259
156260
156262
156263
156267
156269
156270
156271
156272
156273
156274
156275
156278
156280
156281
156282
156283
156284
156286
156287
156289
156290
156292
156294
156295
156296
156298
156299
156300
156301
156302
156303
156304
156305
156306
156310
156312
156313
156314
156315
156316
156317
156323
156325
156326
156328
156329
156330
156334
156336
156338
156339
156340
156341
156342
156343
156344
156345
156346
156347
156348
156349
156350
156351
156352
156354
156356
156358
156362
156364
156366
156367
156369
156373
156375
156376
156377
156379
156381
156382
156384
156385
156386
156387
156388
156390
156391
156392
156393
156394
156396
156397
156398
156399
156400
156401
156402
156403
156404
156405
156406
156407
156408
156410
156411
156412
156413
156414
156415
156416
156417
156419
156420
156421
156422
156423
156427
156428
156429
156430
156432
156433
156434
156435
156437
156438
156439
156440
156441
156442
156443
156444
156445
156446
156447
156448
156451
156452
156453
156454
156455
156456
156459
156461
156464
156465
156466
156467
156468
156471
156473
156476
156481
156483
156486
156488
156489
156492
156498
156499
156500
156503
156504
156507
156508
156509
156511
156512
156513
156517
156519
156520
156521
156522
156523
156524
156526
156527
156528
156529
156531
156533
156534
156535
156536
156537
156538
156541
156542
156543
156544
156545
156546
156550
156551
156555
156557
156559
156564
156565
156566
156567
156568
156569
156570
156572
156573
156574
156576
156577
156578
156579
156581
156582
156583
156585
156588
156589
156590
156591
156594
156601
156603
156604
156608
156609
156610
156611
156613
156614
156615
156617
156619
156621
156623
156624
156625
156626
156627
156628
156629
156630
156631
156632
156634
156635
156638
156641
156642
156644
156645
156647
156650
156654
156656
156657
156662
156664
156665
156666
156668
156669
156670
156672
156673
156674
156675
156676
156678
156680
156687
156690
156691
156692
156694
156695
156696
156698
156699
156700
156701
156703
156704
156705
156706
156711
156712
156714
156715
156716
156717
156719
156720
156721
156723
156725
156726
156727
156728
156729
156730
156731
156732
156733
156734
156735
156736
156740
156741
156742
156743
156746
156747
156748
156751
156753
156755
156756
156758
156759
156760
156761
156763
156765
156766
156767
156768
156769
156770
156771
156774
156775
156776
156777
156778
156780
156783
156784
156785
156787
156788
156797
156798
156799
156800
156803
156806
156807
156809
156811
156812
156814
156816
156817
156819
156821
156822
156823
156824
156825
156828
156829
156830
156833
156834
156835
156840
156841
156843
156844
156845
156848
156849
156852
156855
156857
156858
156860
156861
156863
156865
156866
156867
156868
156871
156872
156873
156874
156875
156877
156882
156886
156892
156902
156910
156911
156917
156918
156920
156930
156931
156937
156938
156944
156945
156946
156948
156953
156957
156965
156970
156974
156977
156978
156979
156981
156983
156986
156992
156994
156997
157001
157002
157003
157004
157010
157015
157016
157018
157019
157025
157027
157035
157036
157037
157043
157047
157051
157054
157056
157059
157062
157063
157068
157073
157075
157077
157078
157082
157088
157100
157101
157102
157103
157105
157109
157112
157115
157122
157125
157128
157129
157137
157139
157140
157144
157146
157148
157149
157150
157152
157153
157154
157155
157158
157159
157166
157167
157168
157171
157172
157175
157176
157177
157179
157181
157182
157183
157184
157185
157186
157188
157189
157190
157191
157192
157196
157199
157201
157202
157203
157204
157205
157206
157209
157211
157212
157214
157217
157218
157219
157220
157221
157222
157224
157225
157227
157228
157229
157231
157232
157233
157235
157236
157239
157241
157243
157244
157247
157248
157250
157251
157252
157254
157256
157258
157259
157260
157262
157263
157264
157265
157267
157268
157272
157273
157274
157275
157276
157277
157278
157279
157280
157281
157282
157283
157284
157285
157288
157289
157290
157291
157292
157293
157298
157299
157300
157301
157302
157303
157304
157305
157306
157308
157310
157312
157313
157314
157315
157317
157318
157319
157322
157323
157324
157325
157326
157329
157331
157334
157335
157341
157342
157343
157345
157348
157349
157351
157356
157358
157360
157361
157364
157365
157368
157371
157372
157373
157374
157375
157378
157379
157380
157383
157384
157387
157389
157390
157391
157393
157394
157395
157396
157397
157398
157399
157400
157401
157402
157403
157404
157405
157408
157409
157411
157412
157413
157418
157419
157420
157421
157423
157424
157426
157427
157429
157431
157432
157436
157437
157438
157439
157440
157441
157442
157444
157447
157450
157451
157453
157454
157455
157456
157457
157458
157459
157460
157466
157467
157469
157471
157472
157473
157474
157475
157477
157478
157479
157480
157482
157485
157486
157487
157488
157489
157490
157491
157493
157494
157496
157497
157499
157500
157504
157507
157508
157510
157511
157512
157513
157514
157515
157516
157518
157519
157523
157524
157525
157526
157528
157529
157530
157531
157532
157534
157538
157539
157540
157542
157544
157546
157550
157551
157552
157554
157555
157557
157558
157559
157560
157561
157563
157564
157568
157570
157571
157573
157577
157580
157581
157582
157585
157586
157588
157589
157590
157591
157592
157593
157597
157598
157599
157601
157603
157605
157607
157608
157609
157610
157612
157614
157615
157616
157617
157618
157619
157620
157621
157623
157625
157626
157627
157628
157629
157631
157632
157634
157635
157636
157637
157639
157641
157642
157643
157646
157647
157648
157649
157650
157652
157653
157657
157658
157659
157661
157664
157666
157667
157668
157669
157670
157672
157673
157674
157675
157676
157677
157678
157679
157680
157682
157683
157684
157685
157686
157687
157688
157689
157690
157691
157692
157693
157694
157695
157696
157697
157698
157699
157700
157702
157703
157704
157706
157707
157708
157709
157710
157711
157712
157713
157714
157716
157717
157718
157719
157720
157723
157724
157725
157726
157727
157729
157730
157733
157734
157735
157736
157737
157738
157739
157741
157742
157744
157745
157746
157748
157750
157751
157752
157754
157755
157756
157759
157760
157762
157763
157764
157765
157767
157768
157769
157770
157771
157772
157773
157774
157775
157776
157777
157778
157779
157780
157781
157782
157783
157784
157785
157786
157787
157788
157789
157790
157791
157792
157793
157794
157795
157796
157797
157804
157807
157808
157809
157810
157811
157812
157814
157815
157816
157817
157818
157819
157820
157823
157825
157826
157827
157829
157830
157831
157832
157833
157834
157835
157836
157837
157838
157840
157841
157842
157845
157846
157847
157848
157849
157851
157852
157853
157854
157855
157856
157857
157858
157859
157860
157861
157862
157863
157864
157865
157866
157867
157868
157870
157871
157872
157873
157874
157876
157877
157878
157880
157881
157883
157884
157885
157886
157887
157888
157890
157891
157892
157893
157894
157897
157899
157900
157901
157902
157903
157904
157905
157906
157910
157911
157913
157915
157916
157917
157919
157920
157921
157922
157923
157924
157929
157931
157932
157933
157934
157935
157936
157937
157938
157940
157941
157942
157943
157945
157946
157947
157948
157949
157950
157951
157952
157953
157954
157956
157957
157958
157959
157960
157963
157964
157965
157967
157970
157971
157972
157973
157974
157975
157976
157979
157980
157981
157982
157986
157988
157989
157990
157991
157992
157993
157994
157995
157996
157997
157998
157999
158000
158001
158003
158004
158005
158006
158008
158009
158011
158012
158013
158014
158015
158016
158017
158018
158019
158020
158021
158022
158023
158024
158025
158026
158027
158028
158029
158030
158031
158032
158033
158034
158035
158036
158037
158040
158041
158042
158043
158044
158046
158047
158048
158050
158054
158055
158056
158057
158058
158061
158062
158063
158064
158066
158067
158068
158069
158070
158071
158072
158074
158076
158078
158080
158082
158083
158084
158085
158086
158088
158089
158090
158092
158095
158096
158097
158099
158100
158101
158102
158103
158104
158105
158106
158107
158108
158109
158110
158111
158113
158114
158117
158118
158119
158120
158122
158123
158124
158125
158127
158128
158129
158130
158131
158133
158135
158136
158138
158139
158141
158142
158145
158146
158147
158148
158149
158150
158152
158154
158155
158156
158162
158167
158168
158169
158170
158171
158173
158174
158175
158176
158177
158179
158180
158181
158182
158183
158184
158185
158186
158187
158188
158189
158190
158192
158193
158194
158195
158197
158199
158200
158201
158202
158203
158204
158205
158206
158208
158209
158210
158212
158213
158214
158215
158216
158217
158218
158219
158221
158222
158223
158224
158225
158226
158227
158228
158229
158230
158231
158232
158234
158235
158236
158237
158239
158240
158241
158242
158243
158244
158246
158247
158248
158249
158250
158251
158252
158253
158254
158255
158256
158257
158259
158261
158263
158264
158265
158266
158267
158268
158269
158270
158271
158272
158273
158274
158275
158276
158277
158278
158279
158280
158281
158282
158283
158284
158285
158286
158287
158288
158289
158290
158291
158292
158293
158294
158295
158296
158297
158298
158299
158300
158301
158302
158303
158305
158306
158307
158308
158309
158310
158311
158312
158313
158316
158317
158318
158319
158320
158321
158322
158325
158326
158327
158328
158330
158332
158333
158335
158336
158338
158339
158340
158341
158342
158343
158344
158345
158346
158347
158348
158349
158350
158351
158353
158354
158355
158357
158358
158359
158360
158361
158362
158363
158364
158365
158366
158369
158370
158371
158372
158373
158375
158376
158378
158380
158381
158382
158383
158385
158386
158387
158388
158389
158391
158393
158395
158396
158398
158400
158404
158405
158406
158407
158408
158410
158416
158417
158418
158419
158420
158421
158423
158425
158426
158427
158429
158430
158431
158432
158433
158434
158435
158439
158440
158441
158443
158444
158445
158446
158447
158449
158450
158452
158453
158454
158455
158456
158457
158458
158459
158460
158461
158462
158463
158464
158465
158466
158467
158468
158469
158470
158471
158472
158473
158474
158475
158476
158477
158478
158479
158480
158481
158482
158485
158486
158487
158488
158489
158490
158492
158493
158495
158499
158500
158502
158503
158504
158506
158507
158508
158509
158510
158511
158512
158513
158514
158515
158516
158518
158519
158521
158522
158523
158524
158525
158526
158527
158530
158533
158534
158535
158536
158538
158540
158541
158543
158545
158548
158550
158552
158553
158554
158556
158557
158558
158559
158560
158561
158564
158565
158567
158568
158569
158570
158571
158572
158573
158574
158575
158576
158577
158578
158579
158586
158587
158588
158589
158590
158591
158592
158593
158594
158595
158596
158597
158598
158599
158600
158601
158602
158603
158604
158605
158606
158607
158608
158609
158610
158611
158612
158613
158614
158615
158616
158617
158618
158619
158620
158621
158622
158623
158625
158626
158627
158630
158631
158634
158635
158636
158638
158641
158643
158644
158645
158646
158648
158649
158652
158653
158656
158658
158659
158660
158663
158664
158667
158669
158670
158672
158673
158675
158676
158677
158679
158680
158683
158684
158685
158687
158689
158690
158692
158693
158695
158697
158699
158701
158702
158703
158706
158708
158709
158710
158711
158715
158716
158718
158721
158722
158723
158724
158725
158726
158727
158729
158730
158731
158733
158734
158735
158736
158737
158738
158739
158740
158741
158742
158743
158744
158747
158748
158749
158751
158752
158753
158754
158756
158757
158758
158759
158763
158765
158766
158767
158770
158771
158773
158774
158775
158776
158777
158778
158780
158781
158782
158783
158785
158786
158787
158788
158789
158791
158793
158794
158795
158796
158800
158801
158802
158803
158804
158806
158807
158809
158812
158813
158815
158817
158818
158819
158820
158822
158823
158825
158826
158827
158828
158829
158830
158832
158834
158836
158838
158841
158845
158846
158847
158848
158849
158850
158852
158853
158855
158856
158857
158858
158860
158861
158862
158863
158864
158866
158867
158868
158869
158870
158871
158872
158874
158875
158876
158878
158879
158881
158882
158885
158886
158888
158889
158890
158893
158894
158895
158896
158897
158898
158899
158901
158904
158906
158907
158908
158909
158910
158911
158912
158913
158914
158915
158916
158917
158918
158920
158921
158922
158923
158924
158925
158926
158927
158928
158930
158931
158932
158933
158934
158935
158936
158937
158938
158939
158940
158942
158943
158944
158945
158946
158947
158948
158949
158951
158952
158953
158954
158955
158956
158957
158958
158960
158961
158963
158964
158966
158967
158968
158969
158970
158971
158972
158973
158974
158975
158976
158977
158979
158980
158981
158982
158983
158984
158986
158987
158989
158990
158991
158992
158993
158994
158995
158997
158999
159000
159001
159002
159003
159004
159005
159006
159007
159009
159010
159011
159012
159013
159014
159015
159016
159019
159020
159022
159023
159025
159026
159027
159028
159029
159030
159031
159032
159033
159035
159036
159038
159039
159040
159041
159042
159043
159044
159045
159046
159047
159048
159049
159050
159051
159052
159053
159055
159057
159059
159060
159061
159062
159063
159065
159066
159067
159069
159070
159071
159072
159073
159074
159075
159076
159077
159079
159080
159082
159083
159084
159085
159086
159089
159090
159091
159095
159096
159098
159100
159101
159102
159103
159104
159105
159106
159107
159108
159109
159110
159112
159113
159114
159117
159118
159120
159121
159123
159124
159128
159129
159130
159131
159134
159135
159137
159139
159141
159142
159143
159144
159145
159146
159147
159148
159149
159150
159151
159152
159153
159154
159155
159156
159157
159158
159159
159160
159161
159162
159163
159164
159165
159166
159167
159168
159169
159170
159171
159172
159173
159174
159177
159178
159181
159184
159186
159187
159188
159189
159190
159193
159194
159195
159196
159199
159200
159203
159204
159205
159206
159207
159208
159209
159211
159213
159214
159215
159217
159218
159220
159221
159222
159225
159226
159228
159229
159232
159233
159234
159235
159236
159237
159238
159240
159241
159243
159244
159245
159246
159249
159250
159253
159254
159255
159256
159257
159259
159260
159261
159262
159265
159266
159267
159268
159269
159270
159271
159272
159273
159274
159275
159276
159277
159278
159279
159280
159281
159283
159285
159286
159287
159288
159289
159290
159291
159292
159293
159294
159296
159297
159298
159299
159301
159302
159303
159304
159305
159306
159307
159308
159309
159310
159311
159312
159313
159314
159315
159316
159317
159318
159319
159320
159321
159323
159325
159326
159327
159328
159330
159331
159332
159333
159334
159338
159339
159340
159341
159342
159343
159344
159346
159347
159348
159349
159353
159355
159356
159359
159364
159365
159367
159368
159369
159370
159372
159373
159374
159375
159376
159377
159378
159379
159380
159382
159383
159384
159385
159386
159387
159388
159389
159390
159391
159393
159394
159395
159396
159397
159398
159400
159402
159404
159405
159406
159407
159409
159410
159411
159413
159415
159416
159417
159419
159420
159421
159423
159425
159426
159427
159428
159429
159430
159431
159434
159436
159437
159439
159441
159442
159443
159444
159446
159448
159449
159451
159453
159456
159459
159461
159462
159463
159466
159467
159468
159469
159470
159471
159472
159474
159476
159479
159480
159481
159482
159483
159485
159486
159487
159489
159490
159491
159492
159493
159494
159495
159496
159497
159498
159500
159501
159502
159503
159504
159505
159508
159512
159513
159515
159516
159517
159518
159519
159520
159521
159522
159523
159524
159525
159526
159527
159528
159529
159530
159532
159533
159535
159536
159537
159538
159539
159540
159541
159542
159543
159544
159545
159546
159548
159550
159554
159555
159556
159557
159558
159560
159561
159562
159563
159564
159565
159566
159567
159568
159570
159571
159572
159573
159574
159575
159576
159577
159578
159579
159580
159581
159582
159583
159584
159585
159586
159587
159589
159590
159591
159594
159595
159596
159598
159599
159600
159601
159602
159603
159604
159605
159606
159607
159608
159609
159614
159615
159616
159617
159621
159622
159624
159625
159626
159627
159628
159629
159631
159633
159634
159635
159636
159637
159638
159642
159644
159645
159646
159648
159649
159651
159652
159653
159655
159656
159657
159658
159659
159660
159663
159665
159667
159668
159669
159672
159673
159678
159679
159682
159685
159686
159688
159690
159691
159692
159693
159694
159696
159697
159698
159699
159700
159701
159702
159705
159706
159707
159709
159711
159716
159717
159718
159721
159722
159724
159725
159726
159728
159729
159730
159732
159733
159734
159735
159736
159737
159738
159739
159740
159741
159742
159743
159744
159745
159746
159748
159749
159750
159751
159752
159753
159755
159757
159759
159760
159762
159765
159768
159769
159775
159776
159777
159781
159783
159785
159788
159790
159791
159795
159796
159799
159800
159801
159803
159804
159805
159808
159809
159810
159811
159812
159813
159818
159819
159820
159821
159823
159824
159827
159829
159832
159836
159837
159841
159843
159846
159848
159849
159850
159851
159854
159858
159859
159862
159865
159867
159868
159869
159870
159872
159873
159874
159876
159877
159879
159881
159883
159884
159885
159886
159887
159888
159890
159891
159892
159893
159894
159895
159896
159897
159898
159899
159900
159901
159903
159904
159905
159907
159908
159909
159910
159912
159914
159915
159916
159917
159918
159919
159920
159921
159923
159924
159925
159926
159927
159928
159929
159930
159931
159932
159933
159934
159936
159938
159939
159940
159941
159942
159943
159944
159945
159949
159950
159951
159953
159955
159956
159958
159959
159960
159963
159965
159966
159967
159968
159969
159970
159971
159972
159973
159974
159975
159977
159978
159979
159980
159982
159983
159984
159985
159986
159988
159990
159994
159997
159999
160003
160004
160007
160010
160011
160013
160014
160019
160023
160025
160026
160027
160029
160030
160031
160034
160035
160036
160037
160038
160039
160040
160041
160042
160046
160049
160051
160052
160053
160054
160055
160056
160058
160059
160060
160061
160062
160063
160067
160068
160069
160070
160071
160073
160074
160076
160077
160080
160081
160085
160086
160088
160090
160091
160092
160099
160101
160104
160105
160106
160109
160110
160111
160113
160114
160116
160117
160118
160120
160121
160122
160123
160124
160129
160131
160133
160134
160136
160138
160139
160141
160142
160143
160144
160145
160146
160147
160148
160149
160150
160151
160155
160156
160157
160158
160159
160160
160161
160162
160163
160164
160165
160166
160168
160169
160171
160172
160173
160174
160175
160176
160178
160179
160180
160181
160182
160184
160185
160186
160187
160188
160189
160190
160192
160193
160194
160195
160196
160197
160198
160199
160200
160201
160202
160203
160204
160205
160206
160211
160212
160213
160215
160216
160217
160219
160220
160221
160222
160223
160224
160226
160227
160228
160229
160230
160231
160232
160233
160234
160235
160236
160237
160239
160243
160244
160246
160247
160248
160250
160253
160254
160255
160256
160257
160258
160259
160261
160262
160263
160264
160267
160268
160269
160271
160272
160273
160274
160275
160276
160277
160278
160279
160280
160281
160282
160283
160284
160285
160286
160287
160288
160289
160290
160291
160293
160295
160296
160297
160298
160300
160301
160302
160303
160304
160306
160307
160308
160309
160310
160312
160313
160314
160315
160316
160319
160320
160322
160326
160328
160332
160333
160334
160335
160336
160337
160338
160339
160340
160341
160345
160346
160347
160349
160352
160354
160357
160360
160361
160362
160363
160364
160366
160370
160371
160372
160373
160376
160377
160379
160380
160381
160382
160384
160385
160386
160387
160390
160391
160392
160393
160395
160401
160403
160405
160408
160409
160411
160413
160415
160417
160420
160421
160422
160424
160425
160426
160428
160429
160430
160431
160432
160433
160434
160438
160439
160440
160441
160442
160444
160446
160447
160449
160450
160451
160454
160456
160458
160459
160461
160462
160465
160466
160467
160468
160469
160470
160472
160473
160474
160475
160476
160478
160479
160480
160481
160482
160483
160484
160485
160486
160487
160488
160489
160492
160493
160494
160496
160497
160498
160499
160500
160501
160502
160503
160504
160505
160506
160507
160508
160509
160510
160511
160512
160513
160514
160515
160517
160518
160519
160522
160523
160524
160527
160528
160529
160530
160531
160532
160534
160535
160536
160537
160539
160541
160542
160543
160544
160545
160546
160547
160549
160550
160551
160552
160554
160555
160556
160558
160559
160560
160561
160562
160563
160564
160565
160566
160568
160569
160570
160571
160572
160573
160574
160575
160577
160578
160579
160581
160582
160584
160588
160589
160590
160592
160593
160594
160595
160596
160597
160598
160599
160600
160601
160602
160603
160604
160605
160606
160607
160608
160609
160610
160611
160612
160615
160617
160618
160619
160621
160622
160623
160624
160625
160626
160627
160628
160629
160631
160634
160635
160637
160638
160639
160640
160642
160643
160644
160645
160646
160647
160648
160649
160651
160653
160654
160655
160656
160658
160659
160660
160661
160662
160663
160664
160665
160666
160668
160669
160670
160673
160676
160681
160682
160684
160685
160688
160693
160697
160700
160701
160702
160703
160704
160705
160707
160709
160710
160711
160713
160716
160717
160718
160720
160724
160726
160727
160731
160734
160735
160736
160737
160738
160740
160741
160743
160745
160746
160748
160751
160752
160760
160761
160763
160765
160766
160767
160774
160776
160780
160782
160783
160787
160794
160798
160799
160800
160801
160803
160806
160808
160809
160810
160811
160812
160814
160816
160824
160827
160829
160830
160833
160835
160836
160837
160839
160840
160842
160843
160847
160851
160854
160855
160856
160857
160858
160859
160862
160863
160864
160865
160867
160868
160870
160873
160874
160875
160876
160877
160878
160879
160881
160882
160885
160886
160888
160889
160892
160895
160896
160897
160900
160904
160909
160912
160913
160914
160915
160918
160919
160920
160922
160923
160924
160925
160927
160928
160929
160932
160934
160936
160937
160938
160939
160940
160941
160943
160944
160945
160946
160947
160948
160949
160950
160951
160952
160953
160954
160962
160963
160964
160965
160966
160968
160976
160978
160979
160980
160981
160982
160983
160991
160992
160994
161002
161004
161006
161011
161012
161022
161027
161029
161030
161033
161035
161036
161037
161040
161041
161044
161046
161048
161054
161058
161059
161061
161063
161066
161067
161069
161074
161075
161076
161077
161078
161079
161081
161084
161086
161087
161106
161121
161125
161128
161132
161136
161137
161144
161147
161154
161156
161159
161160
161167
161168
161169
161171
161174
161178
161179
161180
161182
161183
161184
161185
161192
161193
161195
161197
161198
161200
161201
161202
161205
161206
161207
161209
161216
161217
161221
161224
161225
161227
161228
161229
161233
161239
161244
161251
161254
161258
161265
161270
161273
161280
161288
161292
161293
161298
161299
161300
161303
161304
161306
161307
161316
161319
161321
161322
161328
161330
161333
161334
161337
161338
161341
161342
161343
161344
161345
161346
161349
161352
161356
161359
161361
161362
161363
161365
161366
161367
161369
161371
161374
161376
161379
161380
161382
161384
161387
161390
161395
161397
161405
161406
161407
161409
161412
161413
161415
161418
161423
161429
161431
161432
161433
161436
161438
161440
161442
161443
161445
161452
161455
161459
161460
161461
161462
161463
161464
161472
161475
161476
161481
161482
161484
161489
161492
161493
161495
161498
161499
161500
161501
161502
161507
161512
161514
161515
161516
161519
161525
161526
161527
161528
161534
161539
161540
161542
161543
161544
161549
161551
161552
161554
161555
161556
161557
161559
161560
161561
161562
161564
161565
161567
161572
161574
161575
161576
161578
161581
161583
161584
161586
161587
161588
161589
161591
161592
161594
161595
161598
161600
161605
161608
161611
161612
161623
161628
161630
161633
161634
161636
161639
161641
161644
161645
161646
161649
161653
161654
161657
161659
161664
161668
161669
161673
161674
161676
161681
161683
161684
161685
161687
161689
161693
161699
161702
161707
161712
161726
161728
161729
161733
161736
161743
161745
161754
161756
161758
161761
161766
161769
161774
161775
161776
161778
161780
161781
161785
161787
161788
161792
161795
161799
161802
161803
161804
161807
161809
161811
161813
161815
161816
161818
161819
161830
161836
161837
161843
161847
161850
161865
161868
161871
161874
161879
161881
161883
161900
161904
161910
161911
161912
161915
161916
161918
161919
161925
161929
161933
161937
161943
161944
161952
161957
161958
161963
161964
161965
161967
161968
161975
161976
161979
161983
161989
161991
161995
161998
161999
162000
162002
162005
162006
162009
162010
162017
162018
162023
162025
162026
162028
162032
162035
162037
162041
162042
162043
162046
162047
162048
162051
162054
162057
162061
162065
162068
162070
162071
162072
162073
162075
162078
162079
162083
162084
162085
162086
162088
162089
162091
162093
162095
162099
162101
162102
162103
162105
162108
162120
162122
162128
162130
162136
162137
162138
162144
162145
162147
162148
162151
162153
162154
162155
162156
162157
162160
162165
162167
162172
162174
162175
162176
162177
162178
162179
162180
162181
162182
162183
162184
162185
162187
162191
162192
162193
162194
162196
162198
162200
162201
162202
162204
162205
162206
162216
162217
162218
162221
162222
162225
162226
162228
162231
162239
162240
162252
162256
162257
162258
162259
162264
162265
162266
162268
162269
162270
162271
162276
162277
162281
162284
162286
162287
162293
162295
162298
162300
162303
162304
162306
162308
162309
162310
162311
162312
162313
162318
162320
162322
162323
162324
162326
162327
162328
162331
162333
162334
162340
162342
162343
162345
162348
162350
162351
162353
162354
162358
162361
162362
162364
162367
162368
162369
162371
162372
162375
162378
162379
162380
162383
162384
162386
162387
162388
162394
162399
162400
162401
162402
162404
162405
162407
162413
162414
162415
162416
162419
162422
162423
162424
162433
162437
162438
162443
162444
162445
162447
162448
162450
162451
162455
162456
162457
162458
162460
162461
162462
162463
162464
162470
162473
162475
162478
162482
162484
162485
162486
162497
162500
162501
162502
162503
162504
162507
162508
162510
162512
162516
162517
162518
162519
162520
162522
162523
162526
162527
162530
162531
162532
162533
162535
162537
162540
162541
162542
162543
162545
162546
162547
162548
162549
162552
162553
162554
162555
162556
162557
162559
162561
162562
162565
162566
162569
162570
162571
162572
162573
162578
162579
162580
162581
162582
162583
162585
162588
162589
162593
162594
162595
162596
162597
162600
162601
162602
162603
162604
162605
162606
162607
162608
162611
162612
162613
162615
162616
162617
162619
162620
162622
162624
162625
162626
162627
162632
162634
162637
162639
162640
162642
162644
162647
162649
162650
162653
162656
162657
162658
162659
162660
162661
162666
162668
162669
162670
162672
162673
162674
162677
162678
162679
162680
162682
162683
162684
162687
162688
162689
162691
162696
162697
162700
162701
162702
162703
162704
162705
162706
162707
162709
162710
162711
162712
162714
162715
162717
162718
162721
162723
162724
162726
162727
162728
162729
162730
162731
162732
162733
162734
162737
162740
162741
162742
162745
162747
162749
162750
162751
162752
162753
162755
162756
162757
162758
162760
162761
162762
162763
162764
162765
162768
162769
162770
162771
162775
162776
162780
162781
162782
162784
162785
162787
162788
162789
162790
162791
162792
162793
162795
162799
162800
162801
162803
162804
162805
162807
162808
162809
162811
162812
162813
162815
162817
162818
162819
162821
162822
162823
162824
162825
162826
162828
162829
162830
162833
162834
162835
162839
162842
162845
162846
162847
162848
162849
162850
162851
162852
162853
162854
162855
162857
162859
162860
162862
162863
162864
162865
162866
162867
162869
162870
162871
162872
162873
162877
162878
162880
162882
162883
162884
162885
162886
162887
162889
162891
162893
162894
162895
162896
162898
162900
162901
162902
162903
162904
162905
162906
162907
162909
162910
162912
162913
162914
162915
162917
162919
162920
162922
162923
162925
162926
162928
162929
162930
162931
162933
162934
162935
162936
162937
162938
162941
162942
162943
162944
162945
162946
162948
162949
162950
162951
162952
162954
162959
162962
162963
162964
162965
162966
162968
162969
162970
162972
162977
162979
162980
162981
162982
162983
162987
162990
162991
162998
162999
163000
163002
163004
163005
163011
163013
163014
163015
163017
163018
163020
163021
163023
163025
163029
163030
163031
163032
163033
163034
163036
163037
163038
163040
163041
163043
163044
163045
163047
163051
163052
163053
163054
163056
163058
163059
163062
163063
163068
163069
163078
163082
163084
163086
163087
163091
163096
163097
163098
163100
163101
163102
163109
163110
163111
163113
163116
163117
163120
163126
163128
163129
163130
163131
163132
163134
163135
163139
163140
163141
163143
163145
163146
163154
163155
163158
163163
163166
163171
163172
163173
163174
163175
163176
163179
163180
163181
163183
163185
163187
163188
163189
163190
163191
163192
163193
163195
163196
163198
163199
163200
163201
163202
163203
163204
163205
163207
163208
163209
163219
163220
163221
163222
163223
163224
163225
163226
163227
163228
163231
163232
163233
163234
163235
163236
163238
163240
163241
163243
163247
163248
163249
163250
163251
163252
163253
163254
163256
163258
163261
163263
163264
163269
163270
163271
163272
163273
163274
163275
163276
163278
163279
163281
163282
163284
163288
163292
163293
163294
163295
163302
163306
163307
163309
163312
163313
163314
163315
163318
163319
163320
163321
163322
163323
163326
163327
163328
163329
163330
163333
163336
163337
163339
163340
163342
163343
163344
163345
163348
163356
163357
163358
163359
163361
163362
163363
163367
163369
163370
163373
163377
163379
163380
163381
163383
163385
163386
163387
163389
163390
163392
163394
163395
163398
163400
163401
163403
163405
163406
163409
163410
163414
163416
163420
163421
163422
163424
163425
163428
163431
163435
163437
163439
163442
163443
163444
163446
163451
163453
163454
163455
163456
163457
163460
163464
163465
163469
163470
163471
163472
163473
163477
163481
163482
163485
163486
163487
163489
163490
163493
163495
163497
163498
163499
163502
163503
163504
163506
163507
163510
163511
163512
163513
163515
163516
163517
163519
163520
163521
163524
163526
163527
163529
163530
163532
163533
163534
163535
163536
163537
163538
163539
163540
163542
163543
163546
163548
163550
163551
163552
163553
163554
163555
163557
163560
163562
163563
163564
163565
163566
163567
163569
163571
163572
163573
163574
163576
163577
163578
163581
163582
163583
163584
163587
163588
163589
163590
163592
163593
163594
163595
163596
163602
163604
163606
163607
163609
163614
163622
163623
163625
163626
163627
163628
163631
163632
163633
163635
163636
163639
163640
163641
163643
163646
163647
163648
163649
163653
163654
163656
163658
163661
163663
163668
163669
163675
163677
163678
163679
163681
163682
163683
163686
163689
163690
163692
163693
163694
163696
163697
163698
163704
163706
163707
163708
163709
163710
163712
163713
163714
163716
163717
163718
163721
163722
163723
163724
163725
163726
163727
163728
163729
163730
163731
163732
163733
163734
163739
163741
163743
163744
163745
163748
163750
163752
163753
163754
163755
163756
163757
163758
163762
163766
163769
163770
163774
163775
163777
163778
163779
163780
163781
163783
163785
163786
163796
163797
163804
163805
163808
163809
163810
163811
163812
163813
163814
163815
163818
163821
163822
163823
163827
163831
163833
163835
163836
163837
163838
163840
163842
163843
163845
163848
163850
163851
163852
163855
163856
163860
163861
163862
163865
163866
163867
163868
163870
163872
163873
163879
163880
163882
163883
163884
163886
163887
163888
163889
163890
163891
163892
163893
163895
163896
163897
163898
163900
163901
163904
163905
163906
163907
163908
163909
163910
163911
163912
163915
163918
163919
163921
163923
163924
163927
163928
163929
163930
163931
163932
163933
163934
163935
163936
163937
163938
163940
163941
163943
163944
163945
163946
163947
163948
163949
163950
163951
163952
163953
163954
163955
163956
163957
163958
163959
163960
163961
163963
163964
163965
163966
163968
163969
163972
163973
163976
163978
163979
163981
163982
163983
163987
163989
163990
163991
163992
163993
163994
163995
163996
163998
164000
164001
164002
164007
164008
164009
164010
164011
164012
164013
164015
164016
164017
164018
164019
164028
164029
164030
164031
164032
164033
164035
164036
164037
164038
164040
164041
164042
164047
164048
164049
164050
164052
164053
164055
164056
164057
164058
164059
164060
164061
164062
164063
164065
164067
164068
164069
164070
164071
164072
164073
164074
164078
164079
164081
164082
164083
164084
164085
164087
164088
164089
164092
164093
164094
164095
164097
164098
164100
164102
164104
164105
164106
164107
164108
164109
164110
164112
164115
164118
164119
164120
164125
164126
164128
164130
164132
164134
164137
164139
164141
164143
164144
164145
164149
164150
164151
164152
164154
164156
164159
164162
164163
164167
164168
164169
164170
164171
164172
164173
164174
164175
164176
164178
164179
164180
164182
164183
164184
164185
164186
164187
164188
164189
164190
164191
164192
164193
164194
164195
164196
164197
164200
164201
164204
164206
164208
164209
164210
164213
164214
164215
164217
164218
164221
164224
164225
164228
164230
164232
164235
164236
164238
164239
164240
164242
164243
164247
164249
164251
164254
164255
164257
164261
164262
164263
164264
164265
164268
164270
164271
164273
164274
164275
164276
164277
164278
164279
164280
164281
164282
164283
164284
164285
164286
164287
164290
164291
164292
164293
164294
164295
164296
164297
164300
164302
164303
164304
164306
164307
164308
164309
164310
164312
164313
164314
164315
164319
164321
164322
164323
164326
164328
164329
164330
164331
164332
164333
164334
164335
164338
164339
164340
164342
164343
164344
164346
164347
164349
164350
164351
164352
164353
164354
164355
164356
164357
164358
164361
164363
164364
164367
164368
164370
164371
164372
164377
164379
164381
164383
164386
164387
164389
164390
164392
164396
164398
164399
164400
164401
164402
164403
164404
164410
164411
164412
164414
164416
164417
164422
164423
164426
164427
164428
164429
164430
164432
164433
164434
164439
164440
164441
164442
164444
164448
164449
164450
164451
164452
164455
164459
164460
164462
164463
164464
164465
164467
164469
164470
164472
164473
164474
164475
164476
164477
164478
164481
164487
164488
164491
164495
164496
164499
164501
164503
164504
164506
164509
164511
164512
164518
164521
164522
164524
164526
164528
164537
164545
164546
164549
164554
164556
164558
164559
164561
164562
164563
164569
164571
164577
164580
164585
164588
164590
164591
164594
164596
164597
164599
164601
164603
164606
164611
164612
164613
164615
164616
164618
164619
164627
164634
164637
164647
164648
164651
164652
164659
164661
164664
164666
164677
164679
164683
164687
164688
164690
164691
164692
164694
164695
164697
164703
164708
164720
164732
164735
164737
164739
164740
164741
164743
164751
164754
164766
164772
164773
164776
164777
164783
164786
164793
164794
164796
164797
164809
164811
164813
164814
164817
164818
164821
164822
164823
164825
164827
164828
164829
164830
164834
164835
164836
164839
164841
164843
164845
164846
164848
164849
164850
164851
164852
164853
164854
164856
164857
164858
164859
164860
164863
164864
164865
164866
164867
164868
164869
164870
164871
164872
164874
164875
164876
164878
164879
164880
164881
164882
164883
164884
164885
164887
164888
164889
164891
164892
164893
164894
164895
164896
164899
164901
164902
164903
164904
164905
164907
164911
164913
164914
164915
164916
164917
164918
164919
164925
164927
164930
164931
164932
164933
164935
164936
164939
164940
164942
164944
164945
164946
164950
164952
164953
164954
164955
164956
164959
164960
164963
164964
164965
164966
164967
164968
164969
164971
164972
164973
164974
164976
164979
164980
164981
164982
164984
164985
164986
164987
164988
164992
164995
164996
164997
165001
165005
165007
165008
165009
165011
165015
165017
165020
165021
165022
165023
165024
165025
165026
165027
165028
165029
165031
165032
165033
165035
165036
165037
165038
165039
165040
165042
165044
165047
165048
165049
165053
165054
165055
165059
165060
165061
165062
165064
165065
165066
165069
165070
165071
165072
165075
165077
165078
165079
165080
165081
165084
165085
165086
165087
165088
165089
165090
165094
165096
165097
165098
165100
165102
165103
165104
165105
165106
165108
165109
165110
165112
165113
165114
165115
165117
165118
165119
165123
165124
165125
165126
165127
165128
165130
165131
165132
165133
165135
165136
165137
165138
165142
165145
165147
165150
165153
165154
165155
165157
165158
165159
165160
165161
165162
165163
165164
165165
165166
165167
165168
165169
165170
165173
165174
165176
165178
165179
165180
165181
165182
165183
165184
165185
165186
165190
165191
165193
165195
165197
165198
165199
165201
165202
165203
165204
165205
165206
165208
165209
165210
165211
165212
165213
165216
165218
165219
165221
165222
165223
165225
165227
165228
165229
165230
165231
165232
165233
165234
165236
165238
165240
165241
165242
165243
165244
165247
165248
165249
165254
165255
165256
165257
165259
165260
165261
165263
165266
165267
165268
165269
165270
165271
165273
165275
165276
165277
165278
165279
165280
165281
165282
165283
165285
165286
165287
165288
165290
165291
165292
165295
165296
165297
165298
165299
165300
165301
165302
165303
165305
165308
165309
165311
165312
165313
165315
165316
165317
165319
165320
165321
165322
165324
165326
165327
165328
165329
165331
165334
165335
165337
165338
165339
165340
165341
165342
165343
165344
165346
165347
165348
165349
165350
165352
165353
165354
165355
165356
165358
165359
165360
165361
165362
165363
165364
165365
165366
165367
165368
165370
165371
165372
165373
165374
165375
165376
165377
165379
165380
165381
165384
165386
165387
165388
165389
165390
165392
165394
165395
165397
165400
165401
165402
165403
165404
165405
165409
165410
165413
165414
165415
165416
165417
165418
165419
165420
165421
165422
165423
165424
165425
165426
165428
165429
165430
165431
165432
165433
165434
165435
165436
165437
165438
165439
165440
165441
165442
165443
165444
165445
165446
165450
165451
165453
165460
165464
165465
165466
165469
165470
165474
165475
165476
165477
165478
165479
165482
165483
165486
165487
165488
165489
165490
165491
165493
165494
165495
165496
165497
165498
165499
165501
165502
165503
165505
165506
165507
165508
165509
165510
165512
165513
165514
165515
165516
165517
165518
165519
165521
165522
165523
165524
165525
165526
165527
165528
165529
165532
165535
165538
165540
165542
165543
165545
165546
165547
165548
165550
165551
165552
165555
165556
165561
165565
165566
165567
165568
165569
165570
165571
165574
165575
165578
165581
165582
165583
165584
165585
165586
165587
165589
165590
165592
165593
165596
165597
165598
165599
165601
165602
165605
165607
165608
165609
165613
165614
165615
165616
165618
165620
165621
165623
165624
165625
165626
165627
165628
165629
165630
165631
165632
165633
165634
165636
165637
165640
165642
165644
165645
165646
165647
165648
165649
165650
165651
165652
165653
165654
165655
165656
165657
165659
165661
165662
165665
165666
165667
165668
165669
165670
165674
165675
165678
165679
165681
165682
165683
165684
165685
165686
165687
165688
165689
165690
165691
165692
165693
165694
165695
165697
165698
165699
165700
165701
165702
165704
165705
165706
165707
165709
165712
165713
165715
165719
165721
165722
165723
165724
165725
165727
165728
165729
165731
165733
165734
165735
165739
165740
165741
165743
165745
165746
165748
165749
165750
165751
165752
165753
165755
165756
165757
165758
165759
165761
165762
165763
165764
165765
165768
165769
165770
165771
165772
165774
165776
165777
165778
165779
165780
165781
165782
165784
165785
165786
165789
165790
165792
165793
165795
165796
165797
165798
165799
165800
165801
165802
165806
165807
165808
165809
165810
165812
165813
165814
165815
165818
165819
165820
165822
165823
165824
165825
165826
165827
165828
165829
165830
165831
165832
165833
165834
165835
165836
165837
165838
165839
165840
165841
165843
165844
165845
165846
165847
165848
165849
165851
165852
165853
165854
165855
165856
165857
165859
165860
165861
165862
165864
165865
165867
165868
165869
165870
165871
165872
165873
165874
165876
165877
165878
165879
165881
165883
165884
165886
165888
165889
165890
165891
165892
165894
165895
165897
165899
165900
165901
165902
165903
165904
165906
165907
165908
165909
165910
165911
165912
165913
165914
165915
165916
165918
165920
165921
165922
165923
165924
165925
165926
165928
165929
165930
165931
165932
165933
165935
165936
165937
165938
165939
165940
165942
165943
165944
165945
165946
165947
165948
165949
165950
165951
165952
165953
165954
165955
165956
165957
165959
165960
165961
165962
165963
165964
165966
165968
165969
165970
165971
165972
165975
165976
165980
165983
165984
165985
165986
165987
165988
165990
165991
165993
165994
165995
165997
165998
165999
166000
166002
166004
166005
166006
166007
166008
166009
166010
166011
166012
166013
166015
166016
166018
166020
166021
166022
166023
166024
166025
166026
166027
166028
166031
166032
166033
166035
166036
166037
166038
166040
166041
166042
166044
166046
166047
166048
166049
166050
166051
166052
166053
166054
166058
166059
166060
166061
166062
166064
166065
166066
166067
166069
166070
166071
166072
166073
166076
166077
166078
166079
166081
166082
166083
166084
166088
166089
166090
166091
166092
166094
166097
166098
166100
166101
166103
166104
166105
166106
166107
166108
166109
166110
166111
166112
166113
166114
166115
166117
166119
166120
166121
166123
166124
166126
166127
166129
166130
166132
166133
166136
166137
166138
166140
166141
166142
166143
166144
166146
166147
166148
166149
166150
166151
166152
166153
166154
166155
166157
166158
166159
166160
166161
166162
166163
166164
166165
166166
166167
166168
166170
166171
166172
166173
166174
166175
166176
166177
166178
166179
166181
166182
166183
166184
166185
166186
166189
166191
166193
166194
166196
166197
166198
166199
166200
166201
166202
166204
166205
166207
166208
166209
166210
166212
166213
166214
166215
166216
166217
166219
166221
166222
166224
166225
166227
166228
166229
166233
166236
166239
166240
166241
166242
166243
166244
166245
166246
166247
166248
166249
166250
166251
166252
166253
166254
166255
166256
166257
166258
166259
166260
166262
166263
166264
166265
166266
166267
166268
166269
166270
166271
166272
166273
166274
166276
166277
166280
166281
166282
166283
166284
166285
166286
166287
166288
166289
166291
166292
166295
166296
166297
166298
166300
166301
166303
166304
166305
166306
166307
166310
166311
166312
166314
166316
166317
166318
166320
166321
166322
166325
166327
166328
166329
166330
166335
166337
166338
166339
166340
166341
166342
166343
166344
166345
166346
166348
166350
166352
166353
166354
166355
166356
166357
166358
166360
166361
166362
166363
166365
166366
166367
166368
166369
166370
166371
166372
166375
166376
166378
166379
166380
166381
166382
166384
166385
166386
166387
166388
166389
166390
166393
166394
166398
166399
166400
166401
166402
166403
166404
166405
166406
166407
166408
166409
166410
166411
166412
166413
166414
166415
166416
166417
166419
166420
166421
166422
166423
166424
166425
166426
166428
166429
166431
166432
166433
166434
166436
166437
166438
166439
166440
166441
166442
166443
166444
166445
166446
166447
166448
166450
166451
166452
166453
166454
166455
166456
166459
166460
166461
166463
166465
166466
166467
166468
166469
166470
166471
166472
166473
166474
166476
166478
166479
166480
166481
166482
166484
166485
166486
166487
166488
166489
166490
166492
166494
166495
166496
166497
166498
166499
166500
166501
166502
166503
166506
166512
166513
166514
166515
166516
166518
166519
166520
166521
166522
166523
166524
166525
166526
166527
166528
166529
166530
166531
166532
166534
166535
166537
166540
166541
166542
166543
166544
166545
166546
166547
166548
166550
166551
166552
166553
166554
166557
166558
166559
166560
166561
166562
166563
166564
166565
166566
166567
166568
166571
166572
166573
166574
166575
166577
166578
166579
166581
166582
166583
166584
166585
166586
166587
166588
166590
166591
166592
166594
166595
166596
166597
166598
166599
166600
166601
166602
166603
166604
166605
166606
166607
166608
166610
166611
166612
166613
166614
166615
166616
166617
166618
166619
166620
166621
166623
166624
166626
166627
166628
166629
166631
166632
166634
166635
166638
166639
166640
166641
166643
166644
166647
166648
166649
166652
166653
166654
166655
166657
166658
166659
166661
166662
166663
166664
166665
166666
166668
166670
166671
166672
166673
166675
166677
166679
166680
166681
166682
166683
166684
166685
166686
166687
166689
166690
166691
166692
166693
166694
166695
166697
166698
166699
166700
166701
166702
166703
166706
166707
166708
166709
166710
166711
166712
166713
166715
166716
166718
166719
166720
166722
166723
166725
166726
166727
166728
166729
166730
166731
166733
166734
166735
166736
166737
166740
166742
166743
166745
166747
166748
166749
166751
166752
166754
166755
166756
166757
166758
166759
166761
166762
166763
166764
166765
166766
166768
166769
166772
166775
166776
166778
166779
166780
166782
166783
166784
166786
166789
166791
166792
166796
166797
166800
166802
166803
166804
166805
166806
166807
166808
166809
166811
166812
166813
166814
166815
166816
166818
166819
166820
166821
166823
166824
166825
166826
166827
166828
166829
166831
166832
166833
166835
166836
166837
166838
166839
166840
166841
166844
166845
166848
166849
166851
166853
166855
166857
166858
166859
166860
166862
166865
166867
166869
166871
166872
166874
166875
166879
166880
166883
166884
166885
166887
166888
166889
166891
166892
166894
166895
166896
166898
166900
166901
166902
166903
166904
166905
166906
166907
166908
166909
166911
166912
166913
166915
166916
166917
166918
166919
166920
166921
166922
166923
166924
166925
166926
166927
166928
166929
166930
166931
166932
166933
166934
166936
166937
166938
166939
166940
166941
166942
166943
166944
166945
166946
166948
166949
166950
166952
166953
166954
166955
166956
166957
166958
166959
166960
166961
166962
166963
166964
166965
166966
166967
166969
166970
166971
166972
166974
166975
166976
166978
166979
166982
166983
166984
166985
166986
166987
166988
166990
166991
166992
166994
166997
166998
166999
167000
167001
167003
167005
167007
167008
167009
167010
167011
167012
167013
167014
167015
167016
167018
167020
167021
167022
167023
167026
167027
167028
167029
167030
167031
167032
167033
167035
167036
167037
167038
167039
167040
167041
167042
167045
167046
167047
167048
167049
167050
167052
167054
167055
167056
167057
167058
167059
167060
167061
167063
167064
167065
167067
167069
167070
167071
167072
167073
167074
167075
167076
167077
167078
167079
167080
167083
167084
167086
167088
167089
167090
167091
167092
167095
167096
167097
167098
167099
167101
167103
167105
167106
167107
167110
167111
167112
167113
167114
167115
167116
167117
167118
167120
167121
167124
167125
167126
167129
167130
167131
167132
167135
167136
167137
167138
167139
167140
167141
167142
167143
167144
167145
167146
167147
167149
167150
167151
167152
167153
167154
167155
167156
167157
167159
167161
167163
167166
167167
167168
167169
167170
167171
167172
167173
167174
167175
167176
167177
167178
167179
167180
167182
167183
167184
167186
167187
167188
167189
167190
167191
167192
167193
167194
167195
167199
167202
167203
167205
167206
167207
167209
167210
167211
167212
167214
167215
167216
167217
167218
167219
167220
167222
167223
167224
167225
167227
167229
167231
167232
167233
167234
167235
167237
167238
167239
167240
167241
167242
167243
167244
167245
167247
167250
167251
167252
167253
167254
167255
167257
167258
167259
167260
167261
167262
167263
167264
167265
167266
167267
167268
167272
167276
167277
167278
167279
167280
167281
167282
167284
167285
167286
167287
167288
167289
167290
167292
167293
167294
167295
167297
167299
167300
167302
167307
167310
167311
167312
167316
167317
167319
167320
167321
167323
167324
167326
167329
167330
167333
167334
167335
167336
167337
167338
167339
167340
167341
167342
167344
167345
167349
167350
167351
167352
167353
167354
167356
167357
167358
167360
167361
167362
167363
167364
167365
167369
167371
167375
167376
167377
167378
167379
167381
167382
167383
167384
167385
167386
167388
167389
167390
167391
167393
167395
167396
167397
167399
167401
167402
167403
167408
167409
167410
167411
167413
167414
167415
167416
167417
167419
167420
167425
167426
167427
167429
167430
167432
167433
167436
167437
167439
167445
167446
167447
167448
167451
167452
167453
167456
167458
167460
167468
167469
167472
167475
167477
167479
167480
167483
167484
167488
167494
167495
167496
167499
167501
167503
167505
167507
167509
167511
167512
167514
167515
167516
167517
167518
167520
167521
167522
167524
167526
167530
167532
167534
167536
167537
167538
167539
167541
167542
167543
167544
167545
167547
167548
167549
167550
167551
167552
167554
167555
167556
167557
167558
167559
167560
167562
167563
167566
167567
167568
167570
167571
167572
167573
167575
167577
167578
167579
167580
167581
167586
167587
167588
167589
167590
167592
167594
167595
167597
167600
167601
167602
167603
167604
167606
167607
167610
167611
167612
167613
167614
167615
167616
167617
167618
167620
167624
167625
167626
167627
167628
167629
167631
167632
167633
167635
167636
167637
167640
167647
167649
167650
167651
167655
167656
167658
167660
167662
167666
167676
167677
167680
167682
167683
167684
167686
167691
167692
167693
167696
167699
167700
167701
167703
167704
167705
167706
167707
167708
167709
167712
167713
167714
167715
167717
167718
167720
167721
167722
167724
167725
167726
167727
167730
167733
167734
167736
167737
167740
167741
167742
167743
167744
167745
167746
167749
167750
167752
167753
167755
167756
167757
167759
167760
167761
167762
167763
167765
167767
167769
167770
167772
167774
167777
167778
167781
167784
167785
167789
167790
167791
167792
167793
167794
167796
167797
167798
167799
167801
167802
167804
167805
167807
167808
167809
167811
167813
167814
167815
167817
167818
167819
167820
167821
167823
167824
167825
167826
167827
167828
167829
167830
167831
167832
167833
167835
167836
167837
167838
167839
167840
167841
167842
167844
167845
167846
167848
167849
167850
167851
167853
167854
167855
167856
167857
167859
167861
167862
167863
167864
167866
167867
167868
167869
167870
167871
167872
167873
167874
167875
167877
167878
167879
167880
167881
167882
167883
167884
167885
167887
167888
167889
167890
167891
167892
167893
167894
167895
167896
167897
167898
167899
167901
167902
167905
167906
167907
167908
167909
167910
167911
167912
167913
167914
167915
167918
167919
167920
167921
167922
167923
167924
167925
167926
167928
167929
167930
167931
167932
167933
167934
167935
167936
167937
167938
167939
167942
167944
167945
167946
167948
167949
167951
167952
167953
167954
167957
167958
167959
167960
167961
167963
167964
167965
167966
167967
167968
167969
167970
167971
167972
167974
167977
167981
167982
167983
167984
167985
167986
167987
167988
167989
167990
167991
167992
167993
167995
167996
167998
167999
168000
168001
168003
168004
168005
168006
168009
168012
168014
168015
168016
168017
168020
168021
168023
168027
168028
168029
168032
168034
168035
168036
168037
168038
168040
168041
168042
168043
168044
168046
168047
168048
168050
168052
168054
168055
168056
168057
168059
168060
168061
168062
168067
168069
168071
168073
168074
168075
168076
168077
168079
168082
168084
168088
168089
168090
168091
168092
168093
168095
168096
168097
168098
168100
168102
168107
168108
168109
168110
168111
168112
168113
168116
168118
168119
168120
168122
168124
168125
168126
168127
168129
168131
168133
168134
168135
168136
168137
168138
168139
168140
168141
168143
168144
168145
168146
168147
168148
168149
168150
168152
168154
168155
168156
168157
168159
168160
168161
168165
168166
168167
168168
168170
168171
168172
168173
168174
168178
168179
168181
168182
168183
168184
168185
168187
168188
168189
168191
168192
168193
168194
168195
168196
168197
168198
168202
168203
168204
168205
168206
168207
168209
168210
168211
168213
168214
168215
168216
168217
168219
168220
168221
168222
168223
168225
168227
168228
168229
168230
168232
168233
168235
168237
168239
168240
168242
168243
168244
168245
168246
168247
168248
168249
168251
168252
168253
168254
168256
168259
168260
168262
168263
168265
168266
168269
168270
168271
168273
168274
168275
168277
168278
168279
168280
168284
168285
168286
168287
168288
168289
168290
168291
168292
168293
168294
168295
168296
168298
168299
168300
168301
168302
168303
168304
168309
168310
168312
168315
168319
168322
168327
168331
168332
168334
168335
168336
168338
168340
168341
168342
168343
168346
168348
168349
168351
168352
168353
168354
168355
168356
168360
168361
168364
168366
168367
168368
168369
168370
168371
168373
168376
168377
168378
168379
168382
168386
168388
168393
168394
168395
168397
168398
168399
168400
168403
168404
168405
168411
168412
168413
168414
168416
168417
168418
168423
168424
168427
168428
168429
168431
168432
168434
168437
168439
168440
168444
168445
168449
168450
168451
168455
168456
168458
168459
168462
168463
168465
168466
168468
168470
168474
168478
168479
168482
168484
168485
168487
168489
168490
168491
168493
168494
168496
168499
168500
168503
168507
168508
168509
168510
168511
168512
168519
168520
168521
168524
168525
168526
168527
168529
168530
168531
168532
168533
168535
168536
168539
168544
168547
168550
168552
168556
168557
168558
168559
168561
168563
168564
168565
168566
168569
168570
168573
168574
168575
168576
168578
168581
168582
168583
168585
168588
168589
168591
168592
168593
168594
168595
168596
168598
168599
168600
168601
168602
168603
168604
168605
168611
168615
168617
168619
168620
168621
168622
168623
168624
168625
168632
168633
168641
168642
168646
168652
168654
168655
168656
168659
168661
168665
168671
168677
168680
168681
168686
168691
168692
168693
168699
168701
168710
168712
168718
168720
168722
168723
168725
168730
168734
168735
168736
168746
168747
168749
168752
168769
168774
168778
168792
168795
168796
168800
168810
168812
168814
168815
168818
168821
168825
168827
168829
168830
168831
168834
168835
168840
168843
168846
168851
168856
168857
168865
168866
168867
168880
168881
168890
168892
168896
168897
168898
168902
168903
168905
168907
168909
168914
168915
168916
168917
168920
168926
168929
168933
168935
168949
168950
168952
168957
168958
168959
168962
168964
168968
168969
168970
168971
168973
168974
168975
168978
168981
168982
168983
168984
168987
168988
168989
168991
168992
168993
168994
168995
168998
168999
169000
169003
169006
169007
169008
169011
169012
169014
169015
169017
169018
169021
169027
169030
169032
169038
169039
169040
169043
169046
169047
169049
169051
169053
169054
169055
169056
169061
169064
169065
169066
169068
169069
169070
169071
169074
169075
169079
169081
169083
169084
169088
169089
169091
169092
169096
169101
169106
169108
169111
169112
169113
169114
169116
169131
169132
169133
169134
169137
169139
169142
169143
169149
169152
169154
169155
169158
169159
169161
169162
169163
169164
169169
169171
169175
169176
169177
169178
169179
169186
169188
169190
169193
169195
169197
169200
169201
169202
169203
169205
169206
169207
169209
169210
169211
169212
169213
169214
169215
169218
169223
169225
169226
169229
169230
169231
169233
169235
169236
169237
169240
169243
169244
169251
169257
169262
169263
169264
169265
169267
169269
169270
169271
169272
169280
169282
169284
169285
169286
169287
169292
169293
169295
169297
169304
169307
169308
169311
169313
169314
169318
169321
169322
169325
169326
169327
169328
169334
169338
169339
169342
169343
169344
169346
169363
169373
169379
169397
169405
169407
169410
169417
169420
169425
169428
169436
169437
169438
169439
169442
169443
169444
169445
169448
169453
169455
169456
169458
169462
169469
169470
169471
169474
169479
169481
169482
169487
169489
169490
169492
169495
169497
169498
169499
169500
169502
169503
169506
169507
169509
169510
169516
169523
169531
169544
169546
169548
169549
169551
169552
169555
169560
169564
169565
169566
169570
169571
169572
169573
169577
169579
169582
169589
169590
169597
169602
169605
169612
169614
169616
169617
169621
169623
169625
169627
169630
169633
169636
169637
169638
169645
169649
169650
169653
169655
169657
169660
169663
169664
169667
169668
169669
169670
169673
169678
169684
169689
169702
169703
169706
169707
169709
169712
169717
169718
169719
169720
169721
169722
169723
169724
169726
169728
169734
169735
169743
169744
169747
169749
169752
169754
169755
169760
169766
169776
169779
169780
169786
169789
169793
169794
169795
169796
169797
169804
169805
169806
169807
169808
169821
169822
169826
169827
169828
169829
169832
169833
169835
169836
169837
169838
169844
169845
169846
169847
169848
169849
169850
169851
169852
169853
169854
169855
169856
169858
169859
169861
169863
169867
169871
169872
169873
169875
169876
169881
169889
169895
169898
169902
169903
169906
169907
169908
169909
169910
169914
169915
169916
169917
169918
169919
169923
169924
169929
169937
169938
169939
169940
169942
169943
169944
169950
169951
169955
169956
169957
169959
169961
169962
169965
169966
169968
169970
169971
169972
169973
169975
169979
169985
169986
169988
169989
169990
169991
169993
169995
169996
169997
169999
170000
170002
170003
170004
170005
170006
170008
170009
170012
170015
170019
170020
170021
170022
170023
170024
170026
170027
170028
170030
170031
170032
170034
170036
170037
170038
170039
170040
170046
170051
170052
170054
170055
170059
170061
170062
170065
170067
170070
170072
170073
170074
170075
170078
170086
170088
170089
170090
170093
170098
170101
170103
170107
170109
170110
170111
170113
170114
170118
170119
170121
170123
170124
170125
170126
170132
170135
170138
170143
170145
170146
170147
170150
170153
170156
170157
170158
170159
170162
170163
170167
170170
170172
170174
170175
170178
170179
170181
170182
170186
170187
170189
170190
170191
170192
170193
170195
170198
170200
170202
170203
170204
170205
170206
170207
170208
170209
170210
170212
170213
170214
170215
170216
170218
170220
170221
170222
170223
170226
170230
170233
170234
170235
170236
170238
170239
170240
170242
170244
170247
170248
170249
170252
170255
170257
170262
170263
170264
170266
170267
170268
170269
170270
170271
170276
170277
170282
170283
170284
170289
170290
170291
170292
170293
170294
170296
170298
170300
170301
170304
170305
170306
170307
170308
170311
170316
170318
170319
170320
170321
170322
170324
170325
170326
170329
170331
170332
170333
170334
170336
170338
170340
170342
170343
170344
170345
170346
170350
170351
170352
170353
170355
170356
170357
170358
170360
170361
170362
170363
170364
170365
170366
170368
170371
170372
170381
170382
170383
170384
170385
170387
170388
170389
170391
170392
170394
170395
170396
170398
170399
170400
170403
170404
170405
170406
170407
170408
170410
170412
170413
170414
170415
170416
170419
170420
170421
170422
170423
170426
170427
170431
170432
170433
170434
170437
170438
170439
170440
170442
170443
170444
170445
170446
170447
170448
170450
170451
170452
170455
170457
170458
170459
170460
170462
170464
170466
170467
170469
170470
170471
170472
170474
170476
170478
170479
170480
170481
170484
170487
170488
170489
170490
170493
170494
170495
170498
170499
170500
170501
170502
170503
170506
170507
170508
170509
170510
170511
170513
170514
170515
170516
170517
170518
170521
170523
170524
170526
170527
170528
170529
170532
170533
170534
170536
170538
170541
170542
170544
170545
170546
170547
170548
170549
170554
170556
170558
170559
170560
170561
170564
170565
170566
170568
170569
170570
170572
170573
170576
170577
170578
170579
170580
170581
170582
170584
170585
170586
170587
170588
170589
170591
170592
170593
170595
170597
170598
170599
170600
170601
170602
170603
170605
170607
170609
170611
170613
170616
170617
170618
170620
170621
170623
170624
170627
170630
170631
170633
170636
170638
170641
170642
170644
170646
170647
170648
170650
170651
170654
170655
170656
170657
170658
170660
170662
170663
170664
170665
170666
170667
170668
170669
170670
170673
170674
170676
170677
170678
170680
170681
170682
170686
170688
170690
170691
170692
170693
170695
170698
170700
170701
170702
170704
170706
170707
170710
170713
170714
170717
170718
170719
170723
170732
170733
170734
170736
170737
170738
170739
170741
170742
170745
170746
170750
170751
170752
170754
170755
170758
170761
170762
170763
170764
170765
170767
170768
170769
170770
170771
170772
170775
170778
170779
170780
170781
170782
170783
170784
170785
170788
170790
170791
170794
170795
170796
170797
170802
170803
170811
170812
170814
170815
170817
170819
170820
170821
170823
170827
170830
170831
170832
170834
170836
170837
170838
170840
170841
170842
170843
170844
170846
170847
170849
170850
170852
170853
170854
170855
170856
170857
170858
170859
170863
170868
170870
170871
170873
170874
170875
170876
170877
170878
170879
170880
170881
170882
170883
170884
170885
170887
170888
170889
170890
170893
170895
170899
170902
170903
170904
170905
170906
170907
170909
170910
170912
170913
170914
170915
170917
170918
170919
170920
170921
170922
170923
170924
170925
170926
170928
170929
170932
170933
170934
170935
170936
170938
170940
170941
170943
170946
170957
170959
170961
170964
170966
170967
170968
170969
170970
170974
170976
170977
170978
170980
170981
170983
170984
170985
170988
170990
170991
170992
170993
170994
170995
170996
171004
171005
171007
171008
171009
171012
171013
171014
171018
171019
171021
171023
171026
171027
171029
171030
171032
171033
171034
171035
171036
171037
171042
171045
171046
171048
171049
171051
171053
171054
171055
171060
171061
171065
171066
171070
171071
171072
171074
171077
171080
171086
171088
171089
171090
171094
171096
171098
171100
171101
171106
171107
171112
171113
171114
171116
171117
171118
171120
171121
171122
171123
171124
171127
171128
171132
171133
171134
171136
171138
171140
171141
171146
171147
171148
171149
171153
171154
171155
171157
171158
171159
171160
171162
171166
171168
171169
171170
171172
171176
171177
171179
171181
171183
171184
171185
171186
171187
171188
171190
171191
171192
171193
171195
171196
171197
171198
171199
171200
171202
171203
171204
171206
171207
171208
171209
171210
171212
171213
171214
171215
171216
171217
171218
171219
171220
171221
171223
171224
171225
171226
171227
171229
171231
171232
171233
171234
171235
171238
171239
171240
171241
171242
171243
171244
171245
171246
171247
171251
171252
171253
171257
171260
171261
171262
171264
171265
171268
171270
171273
171277
171278
171285
171290
171293
171294
171295
171296
171297
171298
171302
171303
171305
171309
171311
171312
171313
171319
171320
171323
171331
171332
171334
171336
171338
171339
171341
171343
171345
171347
171348
171349
171355
171356
171357
171358
171360
171361
171362
171363
171364
171365
171368
171369
171370
171371
171372
171373
171375
171376
171378
171380
171381
171382
171384
171385
171387
171389
171390
171393
171394
171395
171396
171399
171400
171401
171402
171404
171405
171406
171410
171417
171419
171421
171422
171427
171428
171429
171430
171432
171433
171434
171436
171438
171439
171447
171449
171450
171455
171456
171460
171461
171462
171463
171464
171465
171472
171473
171474
171476
171477
171478
171484
171487
171489
171493
171494
171497
171499
171502
171504
171506
171507
171508
171509
171510
171511
171513
171514
171515
171516
171517
171518
171519
171520
171521
171523
171528
171531
171532
171533
171535
171536
171537
171538
171540
171541
171542
171543
171546
171548
171551
171553
171554
171555
171558
171560
171561
171562
171563
171565
171566
171567
171568
171569
171570
171571
171574
171575
171577
171578
171579
171580
171581
171582
171583
171584
171585
171586
171587
171588
171589
171592
171593
171594
171595
171596
171598
171599
171601
171602
171603
171604
171605
171606
171608
171609
171610
171612
171617
171619
171620
171622
171628
171630
171632
171633
171635
171637
171638
171640
171641
171642
171643
171644
171646
171647
171648
171649
171650
171651
171652
171654
171655
171656
171658
171661
171662
171663
171664
171665
171666
171669
171671
171677
171678
171681
171682
171683
171684
171686
171687
171688
171689
171690
171691
171692
171693
171694
171695
171696
171697
171698
171699
171700
171701
171702
171703
171706
171709
171713
171714
171715
171718
171719
171720
171721
171722
171723
171724
171725
171729
171730
171732
171733
171734
171735
171736
171740
171741
171743
171744
171746
171748
171750
171751
171752
171753
171755
171757
171758
171759
171761
171762
171763
171764
171767
171768
171769
171773
171774
171775
171777
171780
171782
171783
171785
171786
171787
171788
171790
171792
171793
171794
171795
171800
171801
171802
171806
171807
171809
171810
171811
171812
171813
171814
171815
171819
171821
171822
171823
171824
171825
171826
171827
171828
171829
171830
171831
171833
171834
171835
171836
171837
171838
171840
171841
171842
171843
171844
171845
171846
171847
171848
171850
171851
171853
171857
171858
171859
171860
171862
171865
171866
171867
171869
171870
171871
171872
171875
171876
171881
171882
171883
171884
171887
171888
171893
171894
171896
171900
171902
171906
171911
171912
171913
171914
171919
171921
171924
171925
171926
171928
171929
171930
171931
171932
171934
171935
171936
171937
171938
171941
171943
171944
171945
171946
171947
171952
171955
171956
171959
171960
171961
171962
171963
171964
171965
171966
171968
171970
171971
171972
171974
171977
171978
171979
171980
171982
171984
171985
171986
171987
171988
171989
171990
171991
171992
171993
171995
171996
171997
171998
172000
172001
172002
172003
172005
172006
172007
172009
172011
172013
172018
172019
172021
172023
172025
172026
172029
172030
172033
172035
172036
172037
172040
172041
172043
172044
172045
172047
172049
172051
172052
172054
172055
172060
172061
172062
172063
172065
172066
172067
172068
172069
172071
172072
172073
172074
172075
172077
172078
172079
172080
172081
172082
172084
172085
172086
172090
172091
172092
172093
172095
172099
172100
172102
172104
172105
172106
172107
172110
172113
172115
172116
172117
172118
172119
172120
172122
172123
172124
172126
172127
172129
172131
172132
172133
172135
172137
172138
172139
172140
172141
172144
172146
172148
172150
172151
172154
172157
172159
172160
172161
172164
172167
172169
172172
172174
172176
172177
172179
172181
172183
172184
172185
172186
172188
172190
172194
172195
172201
172205
172210
172212
172213
172215
172219
172222
172223
172227
172228
172229
172230
172231
172239
172240
172243
172245
172247
172248
172250
172252
172254
172255
172259
172263
172266
172267
172272
172276
172283
172293
172295
172297
172303
172304
172310
172314
172318
172319
172320
172321
172327
172328
172331
172334
172339
172348
172350
172352
172355
172356
172361
172364
172369
172376
172379
172381
172385
172387
172388
172390
172391
172400
172403
172404
172410
172417
172421
172424
172427
172429
172439
172440
172443
172444
172450
172457
172467
172470
172472
172474
172475
172477
172480
172483
172484
172487
172488
172492
172493
172495
172496
172497
172498
172499
172501
172504
172505
172507
172508
172510
172513
172514
172515
172516
172518
172520
172522
172523
172524
172526
172527
172530
172531
172533
172535
172536
172538
172539
172540
172542
172544
172545
172546
172547
172549
172550
172552
172554
172555
172559
172560
172562
172563
172564
172565
172567
172568
172569
172570
172571
172575
172579
172582
172583
172584
172589
172590
172591
172592
172594
172596
172598
172599
172600
172601
172602
172606
172607
172610
172611
172614
172616
172617
172618
172619
172620
172623
172624
172625
172627
172628
172630
172632
172633
172634
172635
172636
172638
172639
172641
172645
172646
172647
172650
172651
172652
172653
172654
172656
172658
172659
172661
172662
172663
172664
172665
172670
172671
172673
172675
172677
172678
172679
172680
172681
172682
172684
172685
172688
172689
172690
172691
172692
172693
172694
172695
172696
172698
172699
172700
172701
172703
172706
172709
172710
172711
172712
172713
172714
172715
172717
172718
172719
172720
172721
172722
172723
172724
172725
172726
172727
172728
172732
172734
172735
172736
172737
172738
172740
172742
172743
172747
172748
172749
172750
172751
172752
172753
172755
172756
172757
172760
172761
172763
172764
172766
172767
172768
172769
172770
172772
172773
172774
172776
172777
172779
172780
172781
172782
172784
172785
172787
172788
172790
172791
172795
172796
172797
172798
172799
172800
172801
172806
172809
172811
172812
172815
172816
172817
172818
172819
172820
172822
172823
172826
172827
172828
172829
172830
172831
172832
172833
172834
172835
172836
172837
172838
172841
172842
172843
172844
172847
172848
172849
172851
172852
172853
172855
172857
172859
172861
172862
172863
172864
172865
172866
172868
172869
172870
172871
172872
172873
172876
172879
172880
172881
172882
172886
172889
172890
172892
172893
172895
172897
172898
172899
172900
172902
172903
172904
172906
172909
172910
172911
172912
172913
172914
172915
172917
172919
172920
172921
172922
172923
172924
172925
172926
172927
172928
172929
172930
172931
172934
172935
172936
172937
172939
172940
172941
172943
172945
172946
172948
172949
172950
172951
172952
172954
172955
172956
172957
172959
172960
172962
172963
172964
172966
172968
172969
172971
172972
172973
172974
172975
172976
172979
172980
172981
172982
172983
172985
172986
172988
172989
172990
172991
172992
172994
172995
172996
172997
172998
173000
173001
173002
173003
173004
173005
173006
173007
173008
173009
173010
173012
173013
173015
173016
173017
173018
173019
173020
173023
173024
173025
173026
173027
173028
173029
173030
173031
173032
173034
173036
173037
173038
173039
173040
173041
173042
173043
173045
173047
173049
173050
173051
173052
173053
173054
173055
173056
173057
173060
173062
173064
173065
173066
173067
173068
173069
173070
173071
173072
173073
173074
173075
173076
173077
173079
173080
173081
173082
173083
173084
173085
173086
173087
173088
173089
173090
173091
173092
173093
173094
173096
173097
173098
173099
173101
173105
173106
173108
173111
173113
173116
173117
173118
173119
173120
173121
173122
173125
173127
173128
173129
173130
173131
173136
173137
173138
173139
173143
173144
173145
173146
173147
173148
173149
173150
173151
173152
173155
173156
173157
173158
173159
173160
173161
173162
173164
173165
173166
173167
173168
173169
173170
173172
173173
173175
173176
173178
173179
173182
173183
173184
173185
173186
173187
173188
173189
173191
173192
173193
173194
173196
173198
173199
173200
173201
173202
173203
173205
173206
173207
173208
173210
173211
173212
173213
173214
173216
173218
173219
173221
173222
173223
173224
173225
173226
173233
173235
173237
173238
173239
173240
173241
173242
173243
173244
173245
173247
173248
173249
173250
173253
173255
173256
173258
173259
173260
173261
173262
173263
173264
173265
173266
173267
173269
173271
173272
173273
173274
173275
173276
173278
173279
173280
173281
173283
173284
173287
173288
173290
173292
173293
173294
173295
173296
173297
173298
173299
173300
173301
173303
173304
173305
173306
173308
173309
173310
173311
173312
173313
173315
173317
173319
173320
173322
173325
173326
173328
173329
173330
173331
173332
173333
173334
173335
173336
173337
173338
173339
173340
173341
173342
173343
173345
173346
173347
173348
173349
173350
173351
173352
173353
173354
173356
173358
173360
173363
173369
173370
173372
173373
173374
173376
173380
173381
173382
173383
173385
173386
173388
173390
173391
173392
173394
173397
173398
173399
173401
173402
173404
173407
173409
173410
173411
173412
173413
173414
173415
173416
173418
173419
173420
173421
173422
173423
173424
173426
173427
173428
173429
173430
173431
173432
173433
173434
173435
173436
173437
173440
173441
173442
173443
173444
173445
173446
173447
173448
173449
173450
173451
173452
173453
173457
173458
173459
173461
173464
173466
173467
173468
173469
173470
173471
173474
173475
173476
173477
173478
173479
173480
173481
173483
173484
173485
173486
173488
173489
173493
173496
173497
173498
173501
173502
173504
173505
173506
173507
173508
173509
173510
173511
173512
173514
173515
173516
173517
173518
173520
173521
173522
173523
173524
173525
173527
173528
173530
173531
173532
173533
173534
173535
173536
173537
173538
173539
173540
173541
173542
173543
173545
173546
173547
173548
173549
173550
173551
173552
173553
173554
173555
173556
173557
173558
173559
173560
173562
173563
173564
173565
173566
173567
173568
173569
173570
173571
173572
173573
173574
173575
173576
173577
173578
173579
173580
173581
173582
173583
173584
173585
173586
173587
173588
173589
173590
173591
173592
173593
173594
173595
173596
173597
173598
173599
173600
173601
173602
173603
173604
173605
173608
173610
173611
173612
173614
173616
173617
173618
173619
173620
173621
173622
173623
173624
173626
173627
173628
173632
173634
173638
173639
173640
173642
173644
173645
173646
173647
173648
173650
173651
173652
173653
173656
173657
173658
173659
173660
173661
173663
173664
173665
173666
173667
173671
173672
173673
173674
173676
173677
173678
173679
173680
173681
173684
173686
173687
173689
173690
173693
173694
173695
173696
173699
173700
173701
173702
173704
173705
173706
173707
173708
173713
173715
173718
173719
173720
173722
173723
173724
173725
173727
173728
173729
173731
173732
173734
173736
173738
173739
173740
173741
173742
173743
173744
173745
173747
173749
173750
173751
173752
173754
173755
173756
173757
173759
173760
173761
173762
173763
173764
173765
173766
173767
173768
173770
173771
173773
173774
173775
173776
173777
173778
173779
173780
173781
173783
173784
173785
173786
173788
173789
173790
173791
173792
173794
173796
173797
173798
173799
173800
173801
173802
173803
173805
173806
173807
173808
173810
173811
173814
173815
173816
173817
173818
173819
173820
173821
173822
173824
173825
173826
173827
173828
173830
173831
173832
173833
173834
173835
173836
173837
173839
173840
173841
173842
173843
173844
173845
173847
173848
173849
173850
173851
173852
173853
173854
173855
173856
173857
173858
173859
173860
173861
173862
173863
173864
173865
173866
173867
173868
173869
173870
173871
173872
173873
173874
173875
173876
173877
173878
173879
173881
173884
173885
173890
173891
173892
173893
173894
173895
173896
173897
173898
173900
173901
173902
173903
173904
173905
173907
173908
173909
173910
173911
173912
173913
173914
173915
173917
173918
173919
173920
173922
173923
173924
173925
173927
173928
173929
173931
173932
173933
173934
173935
173936
173938
173939
173941
173942
173945
173947
173951
173953
173954
173957
173958
173961
173964
173965
173966
173967
173969
173970
173971
173972
173973
173974
173975
173976
173977
173979
173980
173981
173982
173983
173984
173987
173989
173991
173992
173993
173994
173995
173996
173997
174000
174002
174004
174005
174006
174009
174010
174011
174013
174014
174016
174017
174018
174019
174023
174026
174027
174028
174029
174031
174032
174033
174035
174036
174037
174038
174040
174041
174042
174044
174045
174046
174047
174049
174050
174051
174052
174053
174054
174055
174056
174057
174058
174059
174060
174061
174062
174063
174064
174065
174066
174068
174071
174072
174073
174074
174075
174076
174079
174080
174081
174082
174083
174084
174087
174088
174089
174090
174092
174093
174094
174095
174096
174098
174099
174100
174101
174102
174105
174108
174110
174111
174112
174114
174116
174120
174122
174124
174125
174126
174127
174128
174130
174133
174136
174139
174140
174141
174142
174144
174147
174148
174149
174150
174151
174152
174153
174154
174157
174158
174161
174162
174163
174164
174165
174166
174169
174170
174171
174172
174174
174176
174177
174179
174180
174181
174182
174183
174185
174186
174187
174188
174189
174190
174192
174193
174194
174195
174196
174197
174198
174199
174201
174203
174204
174205
174207
174208
174209
174210
174211
174212
174213
174214
174215
174216
174217
174218
174219
174220
174221
174222
174223
174224
174225
174226
174227
174228
174229
174230
174233
174234
174235
174236
174237
174238
174239
174240
174241
174242
174243
174245
174246
174247
174248
174250
174251
174252
174253
174254
174255
174256
174257
174258
174259
174260
174261
174262
174263
174264
174265
174266
174267
174268
174269
174270
174271
174272
174273
174274
174275
174277
174278
174279
174280
174282
174283
174285
174286
174287
174288
174289
174290
174291
174294
174295
174296
174297
174298
174299
174300
174302
174303
174304
174305
174306
174307
174308
174309
174310
174311
174312
174313
174314
174315
174316
174318
174320
174321
174322
174323
174324
174326
174327
174328
174329
174330
174331
174332
174333
174334
174335
174336
174337
174338
174339
174340
174341
174342
174344
174345
174346
174347
174348
174349
174350
174352
174353
174354
174356
174357
174358
174359
174360
174361
174362
174364
174365
174366
174367
174368
174369
174370
174371
174372
174373
174374
174376
174377
174378
174379
174380
174381
174382
174384
174385
174386
174388
174389
174391
174392
174393
174395
174396
174397
174399
174400
174401
174402
174403
174404
174405
174406
174407
174409
174410
174411
174412
174414
174415
174416
174417
174418
174419
174420
174421
174423
174426
174429
174430
174433
174434
174436
174437
174438
174439
174440
174441
174443
174444
174445
174446
174447
174448
174449
174450
174451
174452
174453
174455
174456
174457
174459
174460
174462
174463
174465
174466
174468
174469
174470
174471
174472
174474
174475
174476
174477
174479
174481
174482
174483
174484
174485
174487
174489
174490
174491
174492
174493
174494
174495
174496
174500
174502
174505
174507
174508
174509
174511
174512
174513
174514
174515
174516
174518
174520
174521
174525
174527
174529
174531
174532
174533
174535
174536
174537
174538
174539
174540
174541
174542
174543
174546
174547
174549
174552
174553
174554
174555
174557
174558
174559
174560
174561
174562
174563
174564
174565
174566
174567
174568
174569
174570
174571
174572
174573
174574
174575
174576
174577
174578
174580
174581
174582
174583
174585
174587
174588
174589
174590
174591
174592
174593
174594
174595
174596
174597
174598
174600
174601
174602
174604
174605
174606
174607
174608
174609
174610
174611
174612
174613
174614
174616
174617
174618
174619
174620
174621
174622
174623
174625
174626
174627
174629
174630
174632
174633
174634
174635
174636
174637
174640
174641
174642
174643
174644
174645
174647
174648
174649
174650
174651
174654
174655
174656
174657
174658
174659
174663
174664
174665
174666
174667
174668
174671
174672
174673
174674
174676
174677
174678
174680
174681
174682
174683
174684
174685
174686
174690
174691
174692
174693
174694
174697
174698
174700
174701
174702
174703
174704
174705
174706
174707
174708
174709
174710
174713
174714
174715
174716
174717
174719
174720
174721
174723
174724
174725
174728
174729
174730
174731
174732
174733
174734
174735
174737
174738
174739
174740
174744
174746
174747
174748
174749
174750
174751
174752
174756
174757
174760
174763
174764
174766
174767
174769
174771
174773
174776
174777
174778
174779
174780
174782
174783
174784
174786
174787
174788
174789
174790
174791
174792
174793
174795
174796
174797
174798
174799
174800
174801
174802
174803
174804
174805
174806
174807
174808
174809
174810
174812
174814
174816
174817
174818
174819
174820
174821
174822
174823
174824
174825
174826
174827
174828
174829
174830
174831
174833
174835
174836
174837
174838
174839
174840
174841
174843
174844
174845
174846
174848
174849
174850
174852
174853
174854
174855
174856
174857
174858
174860
174861
174862
174863
174865
174867
174868
174869
174870
174871
174872
174873
174874
174875
174876
174877
174878
174879
174882
174883
174885
174886
174888
174889
174890
174891
174893
174895
174896
174897
174898
174900
174901
174902
174903
174905
174907
174908
174909
174910
174912
174913
174914
174915
174916
174917
174918
174923
174924
174925
174926
174927
174929
174930
174931
174932
174934
174935
174936
174937
174938
174939
174940
174941
174942
174943
174944
174948
174952
174954
174955
174956
174957
174958
174959
174960
174961
174962
174963
174965
174967
174969
174970
174973
174974
174975
174977
174978
174979
174982
174984
174985
174986
174987
174988
174989
174990
174991
174992
174993
174995
174996
174997
174998
174999
175001
175002
175003
175004
175005
175006
175007
175008
175010
175011
175013
175016
175019
175020
175022
175024
175027
175029
175030
175031
175032
175033
175035
175036
175040
175041
175042
175044
175046
175047
175049
175050
175051
175052
175053
175057
175058
175059
175060
175061
175063
175067
175069
175070
175071
175072
175074
175075
175076
175077
175080
175081
175083
175084
175085
175090
175092
175093
175095
175097
175099
175100
175101
175104
175108
175109
175110
175111
175113
175115
175116
175118
175120
175124
175126
175128
175129
175131
175134
175137
175142
175145
175149
175151
175153
175154
175155
175157
175158
175159
175161
175163
175164
175165
175166
175167
175168
175169
175170
175171
175173
175174
175177
175178
175180
175181
175184
175185
175187
175188
175189
175190
175191
175192
175193
175194
175195
175197
175198
175199
175201
175202
175203
175205
175207
175209
175212
175213
175214
175217
175218
175219
175220
175223
175224
175225
175226
175227
175228
175229
175230
175231
175232
175233
175234
175235
175236
175237
175239
175240
175241
175243
175244
175245
175246
175247
175248
175249
175250
175252
175253
175254
175255
175256
175257
175258
175259
175260
175261
175262
175263
175264
175265
175267
175268
175270
175271
175273
175274
175276
175277
175278
175279
175280
175281
175282
175283
175284
175286
175287
175288
175290
175296
175300
175304
175305
175307
175313
175314
175319
175323
175327
175329
175330
175331
175333
175336
175338
175340
175341
175344
175348
175349
175351
175352
175353
175354
175355
175356
175357
175359
175360
175361
175365
175366
175368
175369
175370
175371
175372
175373
175374
175376
175377
175379
175380
175381
175383
175388
175389
175393
175394
175395
175397
175398
175399
175400
175401
175402
175405
175406
175407
175408
175409
175410
175411
175413
175414
175415
175416
175417
175418
175421
175422
175423
175425
175426
175427
175429
175430
175431
175432
175436
175437
175438
175439
175442
175443
175448
175449
175450
175452
175456
175458
175459
175460
175461
175462
175463
175464
175465
175466
175467
175468
175469
175470
175471
175472
175473
175474
175475
175476
175477
175478
175480
175481
175483
175484
175485
175486
175487
175488
175489
175490
175491
175492
175493
175494
175495
175496
175499
175500
175501
175502
175504
175505
175506
175507
175508
175509
175511
175512
175513
175515
175516
175518
175519
175520
175521
175522
175523
175524
175525
175526
175528
175529
175530
175531
175532
175533
175534
175535
175536
175537
175538
175540
175541
175542
175543
175544
175545
175546
175547
175548
175549
175550
175551
175552
175553
175554
175555
175556
175557
175558
175559
175560
175561
175562
175563
175564
175566
175569
175570
175571
175573
175574
175575
175576
175577
175579
175580
175581
175582
175583
175585
175586
175587
175588
175589
175590
175591
175592
175593
175595
175596
175597
175598
175599
175600
175601
175602
175603
175609
175610
175611
175612
175613
175616
175617
175618
175620
175621
175625
175631
175632
175633
175634
175635
175636
175637
175639
175640
175641
175644
175645
175648
175649
175650
175651
175652
175653
175655
175657
175659
175661
175663
175665
175666
175668
175671
175672
175675
175678
175680
175681
175686
175687
175688
175689
175691
175692
175693
175696
175698
175701
175703
175706
175707
175709
175710
175711
175712
175713
175714
175715
175719
175720
175721
175726
175727
175728
175730
175731
175732
175736
175738
175739
175740
175741
175742
175743
175744
175745
175748
175751
175752
175753
175756
175757
175758
175759
175760
175761
175762
175763
175764
175768
175769
175770
175772
175777
175778
175779
175780
175781
175782
175783
175784
175786
175787
175788
175789
175791
175793
175794
175795
175797
175799
175801
175802
175803
175805
175806
175807
175808
175809
175810
175811
175814
175815
175818
175819
175820
175821
175822
175823
175824
175825
175828
175829
175830
175832
175833
175834
175835
175836
175837
175838
175839
175840
175841
175842
175845
175846
175847
175848
175849
175850
175851
175852
175853
175854
175855
175857
175858
175859
175861
175862
175863
175864
175866
175867
175868
175870
175871
175872
175874
175876
175877
175878
175880
175881
175882
175886
175887
175888
175889
175890
175892
175893
175894
175896
175897
175899
175900
175902
175903
175904
175905
175906
175907
175908
175909
175910
175911
175912
175915
175916
175917
175918
175919
175920
175921
175922
175923
175924
175926
175927
175928
175929
175930
175931
175933
175934
175935
175937
175938
175939
175940
175941
175942
175943
175944
175945
175948
175949
175950
175951
175952
175953
175954
175957
175958
175960
175961
175964
175965
175967
175968
175969
175970
175971
175972
175974
175976
175977
175978
175979
175982
175983
175985
175986
175987
175989
175991
175992
175993
175995
175996
175997
176000
176001
176002
176005
176006
176007
176009
176011
176012
176014
176019
176020
176021
176022
176025
176026
176030
176032
176037
176038
176039
176042
176043
176045
176047
176049
176050
176051
176052
176054
176055
176058
176059
176060
176062
176063
176065
176066
176067
176068
176069
176071
176078
176081
176083
176084
176085
176087
176088
176089
176090
176094
176099
176100
176106
176107
176108
176110
176111
176113
176114
176116
176117
176118
176121
176123
176124
176125
176126
176129
176130
176131
176139
176141
176142
176144
176145
176146
176148
176149
176157
176158
176160
176161
176162
176163
176165
176168
176171
176172
176175
176176
176177
176179
176180
176183
176184
176187
176189
176190
176192
176194
176200
176203
176204
176206
176208
176214
176216
176217
176218
176219
176220
176221
176223
176224
176225
176226
176229
176231
176232
176236
176237
176240
176243
176244
176245
176246
176247
176249
176250
176251
176252
176253
176255
176256
176260
176261
176262
176264
176271
176272
176274
176283
176287
176292
176293
176294
176295
176296
176304
176306
176307
176308
176310
176311
176312
176317
176320
176322
176331
176336
176337
176342
176344
176350
176351
176353
176362
176365
176369
176371
176373
176376
176382
176384
176386
176387
176403
176406
176407
176413
176427
176428
176434
176437
176445
176448
176455
176461
176469
176474
176481
176483
176484
176485
176486
176490
176491
176493
176494
176495
176498
176503
176508
176510
176512
176514
176515
176519
176520
176521
176523
176525
176526
176527
176530
176531
176532
176534
176540
176544
176553
176554
176556
176559
176560
176561
176564
176565
176566
176567
176568
176571
176572
176573
176580
176594
176599
176606
176607
176608
176611
176614
176619
176620
176621
176622
176630
176632
176635
176639
176640
176641
176645
176646
176648
176649
176650
176657
176658
176661
176664
176665
176668
176672
176673
176675
176678
176680
176683
176684
176689
176692
176696
176698
176702
176707
176710
176713
176716
176717
176721
176722
176725
176726
176731
176732
176734
176735
176736
176745
176747
176755
176759
176760
176762
176763
176764
176777
176778
176782
176783
176784
176786
176787
176791
176792
176795
176797
176799
176801
176803
176806
176808
176810
176811
176813
176814
176815
176816
176819
176827
176828
176829
176834
176835
176840
176841
176842
176843
176844
176845
176846
176851
176852
176853
176855
176857
176858
176859
176860
176861
176862
176863
176864
176865
176866
176867
176869
176873
176874
176875
176876
176877
176879
176882
176887
176894
176898
176905
176906
176907
176908
176910
176912
176913
176915
176920
176923
176928
176938
176943
176944
176946
176947
176948
176949
176951
176955
176958
176960
176961
176964
176970
176972
176973
176974
176975
176977
176978
176981
176982
176983
176984
176985
176991
176995
177011
177034
177040
177053
177057
177058
177059
177060
177074
177081
177082
177083
177086
177087
177089
177090
177091
177092
177093
177097
177103
177105
177111
177112
177116
177120
177121
177125
177126
177128
177131
177137
177138
177139
177143
177147
177148
177149
177150
177153
177154
177160
177162
177163
177166
177170
177171
177173
177174
177176
177182
177189
177191
177200
177202
177203
177204
177206
177211
177213
177214
177217
177218
177220
177221
177223
177225
177229
177231
177235
177250
177252
177258
177264
177268
177271
177274
177275
177278
177281
177290
177291
177292
177293
177297
177298
177300
177301
177306
177308
177310
177317
177320
177324
177332
177334
177337
177346
177348
177349
177351
177357
177363
177367
177368
177370
177375
177377
177385
177386
177387
177388
177390
177391
177392
177396
177401
177404
177406
177407
177409
177422
177428
177430
177431
177433
177437
177447
177453
177456
177457
177458
177470
177480
177481
177482
177483
177485
177486
177489
177493
177496
177497
177498
177501
177502
177503
177504
177505
177506
177508
177511
177513
177515
177520
177522
177523
177524
177526
177527
177528
177530
177532
177535
177540
177542
177543
177546
177548
177549
177554
177557
177559
177561
177568
177570
177572
177573
177574
177577
177579
177581
177584
177586
177588
177592
177593
177594
177595
177602
177605
177608
177612
177613
177614
177615
177616
177617
177618
177621
177623
177627
177628
177630
177631
177637
177638
177639
177640
177641
177642
177643
177644
177645
177648
177649
177650
177651
177653
177655
177658
177662
177663
177666
177674
177677
177678
177682
177683
177684
177685
177686
177689
177691
177692
177694
177697
177699
177700
177701
177703
177707
177710
177712
177716
177719
177720
177721
177724
177726
177728
177733
177734
177736
177737
177739
177743
177744
177745
177746
177748
177749
177750
177751
177752
177753
177756
177757
177758
177759
177761
177763
177764
177765
177766
177768
177770
177771
177774
177775
177782
177786
177787
177789
177794
177795
177796
177798
177801
177802
177804
177805
177806
177809
177810
177813
177814
177815
177819
177822
177823
177827
177829
177831
177835
177836
177837
177838
177840
177841
177842
177843
177844
177845
177847
177848
177849
177851
177853
177854
177855
177857
177858
177859
177860
177861
177862
177863
177864
177865
177867
177868
177870
177871
177872
177873
177874
177876
177881
177882
177883
177884
177885
177886
177887
177888
177889
177890
177891
177892
177894
177895
177899
177905
177906
177907
177908
177913
177915
177916
177917
177918
177919
177920
177921
177924
177925
177926
177927
177928
177933
177935
177938
177940
177941
177942
177944
177945
177946
177950
177951
177952
177955
177956
177959
177960
177962
177968
177970
177971
177972
177974
177975
177976
177977
177978
177979
177980
177982
177983
177984
177985
177986
177991
177994
177996
177997
177998
177999
178001
178002
178003
178004
178005
178007
178008
178009
178010
178012
178013
178015
178016
178017
178019
178021
178022
178023
178024
178025
178028
178030
178031
178032
178033
178035
178036
178040
178044
178046
178047
178050
178055
178056
178057
178058
178059
178060
178061
178062
178063
178064
178065
178066
178067
178069
178070
178071
178073
178074
178076
178077
178078
178079
178082
178084
178085
178086
178088
178089
178090
178091
178092
178093
178094
178095
178097
178098
178099
178100
178101
178102
178103
178106
178107
178108
178109
178110
178111
178112
178113
178114
178115
178117
178118
178119
178121
178122
178126
178127
178130
178131
178132
178134
178135
178136
178137
178138
178139
178140
178141
178143
178144
178145
178146
178147
178148
178149
178150
178151
178152
178154
178155
178159
178160
178161
178162
178163
178164
178165
178166
178167
178168
178169
178170
178171
178172
178173
178174
178177
178178
178179
178180
178181
178183
178184
178185
178186
178187
178189
178191
178195
178196
178197
178201
178202
178205
178206
178207
178209
178210
178211
178212
178214
178216
178217
178218
178219
178220
178221
178224
178225
178227
178228
178229
178230
178231
178232
178233
178236
178241
178242
178243
178245
178246
178247
178248
178249
178250
178251
178252
178253
178254
178255
178258
178262
178264
178266
178267
178268
178269
178270
178272
178274
178275
178276
178283
178284
178287
178288
178289
178292
178297
178298
178300
178302
178306
178307
178308
178313
178314
178315
178316
178317
178318
178320
178321
178324
178325
178327
178328
178331
178332
178333
178336
178337
178338
178339
178340
178342
178343
178344
178348
178351
178352
178355
178356
178358
178360
178361
178364
178365
178369
178377
178381
178382
178384
178385
178386
178389
178391
178392
178395
178396
178397
178398
178399
178401
178402
178404
178407
178411
178412
178413
178414
178415
178417
178418
178421
178424
178425
178428
178429
178430
178432
178433
178434
178435
178438
178445
178446
178447
178450
178451
178452
178453
178454
178455
178456
178458
178465
178466
178467
178469
178472
178473
178474
178475
178479
178481
178482
178483
178485
178487
178488
178490
178491
178492
178493
178494
178495
178496
178497
178499
178501
178502
178503
178504
178505
178507
178508
178509
178510
178512
178514
178515
178516
178523
178524
178525
178526
178527
178528
178532
178533
178534
178535
178536
178538
178540
178541
178545
178547
178548
178549
178551
178552
178554
178555
178556
178557
178558
178559
178560
178562
178563
178565
178566
178567
178569
178570
178571
178572
178573
178574
178576
178577
178578
178579
178581
178583
178584
178586
178587
178590
178593
178594
178595
178596
178597
178598
178602
178604
178607
178608
178609
178611
178612
178613
178616
178620
178621
178624
178626
178629
178631
178632
178633
178634
178635
178636
178642
178644
178645
178647
178653
178656
178657
178658
178659
178660
178666
178670
178675
178677
178679
178681
178683
178685
178688
178692
178694
178697
178699
178700
178701
178703
178712
178713
178714
178716
178719
178724
178726
178727
178728
178729
178730
178731
178732
178733
178737
178738
178739
178744
178746
178749
178750
178751
178753
178754
178756
178758
178761
178764
178765
178767
178768
178769
178771
178772
178774
178776
178779
178780
178784
178785
178788
178791
178795
178798
178799
178800
178801
178803
178804
178806
178808
178809
178810
178811
178812
178813
178815
178816
178817
178818
178820
178821
178822
178824
178826
178827
178829
178830
178834
178835
178836
178837
178838
178839
178840
178841
178842
178843
178846
178847
178848
178849
178853
178855
178857
178858
178865
178866
178867
178868
178869
178872
178874
178877
178878
178879
178880
178881
178886
178890
178891
178892
178893
178894
178895
178896
178900
178904
178908
178911
178913
178915
178923
178927
178928
178932
178936
178938
178940
178941
178944
178945
178946
178947
178957
178961
178962
178963
178964
178970
178973
178976
178977
178981
178982
178984
178988
178993
178994
178996
178997
178998
178999
179000
179004
179005
179006
179009
179011
179012
179014
179015
179016
179017
179019
179021
179022
179024
179025
179026
179028
179029
179030
179031
179033
179034
179035
179036
179038
179039
179040
179041
179044
179046
179050
179051
179059
179060
179061
179067
179070
179073
179074
179076
179079
179081
179082
179087
179089
179090
179098
179099
179101
179102
179106
179107
179109
179113
179116
179117
179118
179124
179125
179129
179133
179136
179139
179141
179142
179144
179145
179147
179148
179149
179150
179154
179155
179156
179158
179160
179161
179163
179164
179165
179166
179167
179168
179170
179171
179172
179174
179178
179180
179181
179183
179184
179185
179186
179187
179188
179189
179190
179191
179192
179193
179195
179196
179197
179199
179201
179203
179204
179205
179206
179207
179209
179211
179213
179214
179215
179216
179217
179219
179220
179221
179222
179223
179225
179226
179227
179231
179232
179233
179234
179235
179236
179237
179238
179239
179240
179241
179242
179243
179244
179245
179246
179248
179249
179250
179251
179254
179255
179256
179257
179258
179259
179260
179261
179262
179263
179265
179268
179269
179271
179274
179275
179278
179279
179281
179283
179285
179286
179288
179289
179291
179292
179293
179294
179295
179296
179297
179298
179301
179302
179303
179304
179305
179306
179307
179308
179309
179310
179311
179313
179314
179315
179316
179317
179320
179321
179322
179326
179329
179330
179331
179332
179333
179335
179336
179338
179339
179340
179341
179342
179343
179344
179345
179346
179347
179348
179349
179350
179352
179354
179355
179357
179360
179362
179364
179365
179368
179369
179371
179374
179375
179376
179380
179381
179383
179384
179385
179386
179387
179388
179389
179390
179391
179392
179393
179394
179395
179396
179397
179398
179399
179400
179401
179402
179403
179404
179405
179406
179407
179408
179409
179410
179412
179413
179414
179417
179418
179421
179424
179425
179428
179434
179435
179438
179439
179441
179444
179446
179447
179448
179449
179450
179452
179453
179454
179455
179456
179457
179459
179461
179463
179464
179465
179466
179471
179472
179473
179474
179475
179476
179477
179479
179480
179481
179482
179483
179484
179486
179487
179488
179489
179490
179491
179492
179494
179495
179496
179497
179498
179499
179500
179502
179503
179504
179505
179506
179507
179510
179513
179516
179517
179519
179520
179522
179523
179524
179525
179526
179527
179530
179532
179535
179536
179537
179539
179540
179541
179542
179543
179549
179551
179556
179557
179558
179564
179565
179566
179568
179569
179570
179576
179577
179579
179580
179581
179582
179583
179584
179585
179588
179589
179590
179592
179593
179594
179595
179596
179597
179601
179602
179603
179609
179610
179611
179613
179614
179615
179616
179617
179618
179620
179623
179624
179625
179627
179629
179630
179631
179632
179635
179638
179639
179640
179643
179644
179645
179646
179647
179649
179651
179652
179653
179654
179656
179657
179658
179663
179664
179666
179667
179669
179672
179675
179678
179679
179680
179681
179682
179684
179685
179686
179687
179690
179692
179693
179694
179695
179697
179698
179700
179701
179704
179706
179709
179711
179712
179714
179715
179717
179718
179721
179722
179723
179725
179726
179727
179728
179729
179730
179731
179732
179733
179734
179735
179736
179737
179738
179741
179742
179743
179744
179745
179746
179750
179751
179752
179753
179754
179755
179756
179764
179765
179766
179767
179768
179771
179773
179774
179776
179777
179778
179783
179784
179790
179795
179798
179799
179801
179804
179805
179810
179811
179812
179813
179814
179815
179816
179818
179819
179820
179821
179824
179827
179828
179832
179834
179838
179839
179840
179844
179846
179848
179851
179852
179855
179861
179865
179870
179871
179877
179880
179882
179885
179888
179889
179895
179899
179902
179905
179906
179908
179909
179910
179915
179918
179923
179926
179933
179934
179946
179954
179955
179956
179959
179963
179979
179983
179986
179989
179992
179994
179997
179999
180003
180006
180023
180027
180028
180031
180038
180039
180044
180045
180055
180058
180062
180064
180066
180068
180072
180074
180075
180078
180081
180083
180095
180100
180105
180107
180109
180112
180114
180119
180120
180123
180124
180125
180128
180129
180130
180131
180132
180133
180134
180135
180136
180137
180139
180142
180145
180147
180148
180152
180154
180155
180161
180162
180165
180166
180167
180169
180170
180172
180173
180174
180175
180176
180177
180178
180180
180182
180184
180185
180186
180187
180188
180189
180190
180192
180195
180196
180197
180203
180204
180205
180207
180208
180212
180213
180214
180216
180218
180219
180220
180222
180224
180227
180228
180234
180235
180236
180241
180242
180245
180246
180249
180250
180251
180253
180255
180257
180260
180265
180267
180268
180270
180274
180277
180278
180279
180280
180282
180284
180285
180286
180288
180290
180291
180294
180295
180296
180298
180300
180302
180304
180305
180309
180310
180311
180316
180317
180318
180321
180322
180323
180325
180326
180329
180330
180331
180332
180333
180334
180335
180336
180339
180342
180343
180344
180345
180346
180349
180350
180352
180353
180354
180355
180356
180357
180358
180359
180363
180364
180368
180369
180371
180372
180373
180375
180376
180377
180379
180380
180383
180386
180387
180388
180389
180391
180394
180395
180398
180399
180400
180401
180402
180403
180404
180405
180406
180407
180409
180410
180412
180416
180417
180418
180420
180421
180424
180425
180426
180430
180432
180435
180436
180437
180438
180439
180440
180441
180446
180447
180448
180449
180450
180451
180453
180457
180458
180460
180462
180463
180464
180465
180466
180467
180468
180469
180470
180471
180472
180473
180474
180476
180477
180478
180479
180480
180482
180483
180485
180487
180488
180489
180490
180491
180492
180493
180494
180495
180497
180498
180499
180503
180504
180506
180507
180508
180511
180513
180514
180516
180517
180519
180520
180521
180522
180523
180524
180526
180527
180529
180530
180531
180532
180533
180534
180535
180536
180537
180541
180545
180546
180548
180550
180551
180552
180554
180556
180557
180558
180560
180561
180563
180565
180567
180568
180570
180571
180572
180573
180574
180575
180576
180579
180580
180581
180582
180583
180584
180586
180587
180588
180589
180595
180596
180597
180599
180600
180601
180602
180604
180605
180606
180607
180610
180611
180612
180613
180614
180615
180617
180618
180619
180620
180621
180622
180623
180624
180625
180626
180627
180628
180630
180632
180633
180636
180639
180640
180641
180642
180643
180644
180646
180648
180649
180650
180651
180652
180653
180654
180655
180657
180658
180659
180660
180661
180662
180663
180664
180665
180666
180668
180669
180670
180672
180673
180674
180675
180676
180677
180678
180679
180681
180682
180683
180684
180685
180686
180687
180690
180691
180692
180697
180699
180700
180701
180702
180703
180704
180705
180706
180707
180709
180710
180712
180715
180716
180717
180718
180719
180720
180721
180722
180724
180725
180726
180728
180729
180730
180731
180732
180733
180734
180735
180737
180739
180740
180741
180742
180743
180745
180748
180750
180752
180754
180755
180757
180761
180762
180763
180764
180765
180766
180767
180768
180769
180771
180772
180773
180776
180777
180779
180780
180781
180782
180784
180785
180786
180787
180788
180789
180792
180793
180794
180795
180796
180797
180798
180799
180800
180802
180803
180804
180806
180807
180808
180809
180810
180811
180812
180814
180815
180816
180818
180819
180821
180823
180824
180826
180827
180828
180829
180831
180832
180833
180834
180835
180837
180838
180839
180840
180841
180843
180845
180847
180848
180853
180854
180855
180857
180858
180860
180861
180862
180864
180865
180866
180867
180869
180870
180872
180876
180877
180879
180884
180886
180887
180888
180890
180891
180892
180894
180895
180896
180898
180899
180900
180901
180902
180903
180906
180907
180908
180909
180910
180911
180913
180914
180915
180916
180917
180918
180923
180924
180926
180927
180928
180929
180930
180931
180932
180933
180934
180935
180939
180941
180944
180946
180948
180950
180951
180952
180953
180954
180955
180956
180957
180958
180959
180961
180962
180964
180967
180968
180970
180971
180973
180975
180976
180977
180978
180980
180981
180983
180984
180985
180986
180987
180988
180989
180990
180991
180992
180994
180996
180997
180998
180999
181000
181001
181002
181003
181005
181006
181007
181009
181010
181011
181012
181015
181017
181018
181020
181025
181026
181027
181030
181031
181032
181033
181036
181037
181040
181042
181047
181049
181050
181051
181052
181053
181054
181055
181056
181057
181058
181060
181061
181062
181063
181064
181065
181066
181067
181070
181072
181073
181074
181075
181076
181078
181080
181081
181082
181083
181084
181086
181087
181088
181090
181091
181092
181093
181094
181095
181096
181098
181100
181101
181102
181103
181104
181105
181107
181108
181109
181110
181111
181112
181113
181114
181115
181116
181117
181118
181121
181122
181123
181125
181126
181127
181128
181129
181131
181134
181135
181137
181139
181142
181143
181144
181145
181146
181147
181148
181149
181150
181151
181152
181153
181155
181156
181157
181158
181159
181160
181161
181162
181163
181164
181165
181166
181167
181168
181169
181170
181171
181172
181173
181174
181175
181177
181178
181179
181180
181181
181182
181184
181185
181187
181189
181190
181191
181192
181194
181196
181197
181198
181199
181201
181202
181203
181204
181205
181206
181207
181208
181209
181210
181211
181212
181214
181215
181216
181217
181218
181219
181220
181222
181223
181224
181225
181226
181227
181228
181229
181230
181231
181232
181233
181234
181235
181236
181237
181238
181239
181240
181241
181242
181243
181244
181245
181246
181247
181248
181249
181250
181251
181252
181253
181254
181255
181256
181257
181258
181259
181261
181263
181264
181267
181268
181271
181272
181273
181274
181275
181276
181277
181278
181279
181280
181281
181285
181289
181290
181291
181292
181293
181294
181295
181296
181301
181303
181305
181309
181310
181311
181312
181313
181314
181315
181316
181317
181318
181320
181321
181322
181323
181324
181325
181326
181327
181331
181333
181334
181335
181337
181338
181339
181341
181342
181343
181347
181348
181350
181352
181353
181356
181360
181363
181366
181368
181369
181370
181371
181372
181373
181374
181376
181377
181378
181379
181380
181381
181382
181383
181384
181385
181386
181387
181388
181389
181390
181392
181393
181394
181398
181399
181400
181401
181402
181404
181406
181407
181408
181411
181412
181413
181414
181416
181417
181418
181419
181420
181422
181423
181424
181425
181427
181428
181430
181431
181432
181434
181435
181436
181438
181439
181440
181441
181442
181443
181444
181445
181448
181451
181453
181454
181456
181458
181459
181460
181461
181462
181463
181464
181465
181466
181467
181468
181470
181471
181472
181473
181474
181475
181476
181479
181481
181482
181483
181484
181485
181486
181487
181488
181489
181490
181491
181492
181494
181496
181497
181498
181499
181500
181501
181502
181503
181505
181506
181507
181508
181510
181511
181512
181513
181515
181516
181517
181518
181519
181521
181522
181523
181524
181526
181528
181529
181530
181532
181533
181535
181537
181538
181539
181540
181542
181544
181545
181546
181547
181548
181549
181550
181551
181552
181553
181554
181555
181556
181557
181558
181559
181560
181561
181562
181563
181564
181565
181566
181567
181568
181569
181570
181571
181572
181573
181575
181576
181577
181578
181579
181580
181582
181584
181586
181587
181588
181589
181590
181591
181592
181593
181595
181596
181597
181598
181599
181600
181601
181602
181604
181605
181606
181607
181608
181611
181612
181614
181615
181619
181620
181621
181622
181623
181624
181625
181626
181627
181628
181629
181631
181634
181635
181636
181637
181639
181640
181643
181647
181648
181651
181652
181653
181655
181656
181657
181659
181660
181661
181664
181665
181666
181668
181669
181670
181672
181673
181674
181676
181677
181678
181679
181681
181683
181685
181686
181687
181688
181689
181690
181691
181693
181695
181696
181697
181699
181700
181701
181702
181703
181704
181705
181706
181707
181708
181709
181710
181711
181712
181713
181715
181716
181718
181720
181721
181722
181723
181724
181725
181726
181727
181728
181729
181730
181731
181732
181733
181734
181735
181736
181738
181739
181740
181741
181742
181743
181744
181745
181746
181747
181749
181750
181751
181752
181753
181755
181756
181757
181759
181760
181761
181762
181763
181765
181767
181768
181771
181772
181774
181775
181776
181778
181780
181781
181782
181783
181784
181786
181787
181789
181790
181791
181792
181793
181796
181799
181800
181802
181803
181804
181807
181808
181809
181810
181811
181812
181815
181816
181818
181819
181820
181822
181823
181824
181827
181828
181830
181831
181832
181833
181834
181835
181836
181837
181838
181839
181840
181842
181845
181846
181847
181848
181849
181850
181851
181852
181853
181856
181859
181861
181862
181863
181864
181865
181866
181867
181868
181869
181870
181871
181872
181874
181875
181876
181877
181878
181879
181880
181881
181882
181883
181884
181885
181886
181887
181888
181889
181890
181891
181892
181895
181896
181897
181898
181899
181901
181902
181903
181904
181905
181906
181907
181908
181910
181911
181912
181913
181914
181915
181916
181918
181919
181921
181924
181925
181926
181927
181928
181929
181930
181931
181933
181936
181937
181938
181940
181941
181942
181943
181944
181946
181948
181949
181950
181951
181952
181953
181954
181956
181957
181958
181959
181960
181962
181963
181964
181965
181966
181967
181969
181971
181972
181973
181974
181975
181976
181978
181979
181981
181982
181984
181985
181986
181987
181988
181989
181990
181991
181992
181993
181995
181996
181997
181998
181999
182000
182001
182002
182003
182004
182005
182006
182007
182008
182012
182013
182014
182015
182016
182017
182018
182019
182020
182021
182022
182023
182024
182025
182026
182027
182028
182029
182031
182032
182033
182035
182036
182037
182038
182041
182042
182044
182045
182046
182048
182049
182050
182051
182052
182053
182054
182055
182057
182058
182059
182060
182061
182062
182063
182067
182068
182069
182070
182071
182072
182073
182074
182077
182080
182081
182083
182084
182087
182089
182093
182095
182097
182098
182100
182102
182103
182105
182106
182107
182108
182109
182110
182111
182112
182113
182114
182115
182116
182118
182120
182121
182122
182123
182124
182125
182126
182127
182128
182129
182130
182131
182133
182134
182135
182136
182137
182138
182139
182140
182142
182143
182144
182145
182146
182147
182149
182150
182152
182154
182156
182158
182159
182162
182163
182164
182165
182167
182169
182170
182171
182173
182174
182175
182176
182177
182178
182179
182180
182181
182182
182183
182185
182186
182188
182189
182191
182194
182196
182198
182199
182200
182201
182204
182205
182206
182207
182208
182210
182211
182212
182213
182214
182215
182216
182217
182218
182219
182221
182222
182223
182226
182227
182228
182229
182232
182233
182234
182236
182237
182238
182239
182240
182241
182242
182243
182244
182245
182246
182247
182248
182249
182251
182252
182253
182255
182256
182258
182261
182262
182263
182264
182265
182267
182268
182269
182271
182272
182273
182274
182275
182276
182277
182279
182280
182282
182283
182284
182285
182286
182288
182291
182292
182293
182294
182295
182296
182297
182301
182302
182303
182304
182306
182307
182308
182309
182310
182311
182312
182314
182317
182318
182322
182323
182324
182326
182327
182328
182329
182331
182332
182333
182334
182335
182336
182338
182339
182341
182342
182343
182345
182347
182348
182349
182352
182354
182355
182356
182357
182358
182359
182360
182362
182363
182364
182365
182366
182367
182368
182369
182372
182373
182374
182375
182377
182378
182379
182381
182382
182383
182384
182385
182388
182389
182390
182392
182395
182396
182398
182400
182401
182402
182403
182406
182408
182409
182413
182414
182415
182417
182418
182419
182420
182421
182423
182424
182425
182427
182428
182430
182432
182433
182434
182435
182436
182437
182438
182440
182441
182442
182443
182444
182446
182447
182448
182449
182450
182451
182452
182453
182454
182455
182456
182458
182459
182460
182461
182462
182465
182468
182469
182470
182471
182472
182473
182474
182475
182476
182477
182478
182480
182481
182482
182484
182485
182486
182488
182489
182490
182491
182492
182493
182494
182495
182496
182497
182501
182502
182503
182504
182505
182507
182508
182509
182510
182511
182512
182513
182514
182515
182516
182517
182518
182519
182520
182521
182522
182524
182525
182526
182527
182528
182529
182530
182531
182532
182534
182536
182537
182539
182540
182541
182543
182544
182545
182546
182548
182549
182552
182553
182554
182555
182556
182558
182559
182560
182562
182563
182564
182565
182568
182569
182570
182574
182576
182577
182578
182581
182582
182583
182584
182585
182586
182587
182588
182589
182591
182593
182594
182595
182597
182598
182601
182602
182603
182604
182605
182606
182609
182610
182611
182612
182613
182615
182616
182617
182618
182619
182621
182622
182624
182625
182626
182627
182628
182630
182631
182633
182634
182635
182636
182637
182638
182641
182642
182643
182644
182646
182647
182648
182649
182650
182651
182652
182653
182654
182655
182657
182659
182660
182662
182663
182664
182666
182669
182670
182675
182677
182678
182679
182680
182681
182684
182686
182690
182691
182692
182694
182695
182698
182699
182700
182701
182702
182703
182704
182707
182708
182709
182710
182712
182714
182717
182718
182721
182723
182724
182726
182729
182731
182732
182734
182735
182736
182738
182739
182742
182747
182748
182750
182753
182755
182756
182762
182763
182764
182773
182774
182778
182779
182780
182781
182782
182788
182789
182790
182791
182792
182794
182796
182798
182800
182801
182802
182804
182805
182809
182813
182815
182816
182817
182819
182820
182822
182824
182826
182827
182828
182829
182831
182834
182836
182838
182839
182840
182841
182842
182843
182845
182846
182847
182848
182849
182850
182851
182853
182854
182855
182856
182858
182861
182862
182864
182865
182866
182867
182868
182869
182870
182871
182873
182874
182875
182876
182877
182879
182880
182881
182882
182883
182884
182885
182886
182887
182888
182889
182891
182894
182895
182896
182897
182900
182901
182902
182903
182904
182906
182907
182908
182909
182910
182912
182913
182915
182916
182917
182918
182919
182920
182921
182922
182923
182924
182926
182927
182928
182930
182931
182932
182934
182935
182937
182938
182939
182942
182943
182944
182945
182948
182949
182951
182953
182955
182957
182958
182959
182960
182962
182963
182964
182965
182966
182967
182969
182972
182974
182976
182978
182979
182980
182981
182983
182984
182985
182986
182987
182989
182991
182993
182994
182995
182997
182998
182999
183000
183001
183002
183003
183004
183006
183007
183010
183012
183015
183016
183017
183018
183019
183020
183021
183023
183024
183026
183027
183028
183029
183031
183034
183035
183036
183038
183039
183040
183041
183042
183043
183047
183048
183050
183051
183052
183053
183054
183057
183058
183059
183060
183061
183062
183063
183064
183065
183066
183067
183069
183071
183075
183076
183077
183079
183080
183082
183083
183084
183086
183087
183088
183089
183090
183093
183095
183096
183097
183099
183100
183101
183102
183103
183104
183106
183107
183109
183110
183111
183112
183113
183114
183115
183116
183117
183119
183121
183122
183123
183124
183125
183127
183128
183129
183131
183132
183133
183134
183135
183136
183137
183138
183139
183142
183143
183144
183146
183147
183148
183150
183151
183152
183153
183155
183156
183157
183158
183159
183160
183162
183163
183164
183166
183168
183169
183170
183171
183172
183173
183174
183175
183176
183177
183178
183179
183180
183181
183182
183183
183184
183185
183186
183187
183189
183190
183191
183192
183193
183194
183195
183196
183197
183198
183199
183200
183201
183202
183203
183204
183205
183206
183208
183209
183210
183211
183213
183214
183215
183216
183217
183219
183220
183221
183222
183223
183224
183225
183226
183227
183228
183230
183231
183232
183233
183234
183235
183236
183237
183238
183239
183240
183241
183242
183243
183244
183245
183246
183247
183248
183249
183250
183251
183252
183254
183255
183256
183257
183259
183260
183261
183262
183263
183264
183267
183268
183269
183270
183271
183272
183273
183275
183276
183279
183283
183284
183285
183286
183287
183288
183290
183291
183292
183293
183297
183298
183300
183301
183302
183304
183305
183306
183307
183308
183309
183310
183313
183314
183316
183317
183318
183319
183320
183321
183325
183327
183329
183331
183333
183336
183337
183338
183339
183340
183341
183342
183343
183344
183348
183349
183351
183352
183354
183357
183361
183362
183370
183371
183372
183374
183377
183379
183381
183383
183385
183389
183390
183393
183394
183395
183396
183397
183398
183400
183401
183402
183403
183404
183406
183408
183409
183410
183411
183412
183413
183414
183415
183420
183421
183423
183425
183426
183427
183428
183430
183431
183432
183433
183436
183438
183439
183440
183443
183445
183446
183447
183448
183449
183450
183451
183452
183453
183454
183455
183456
183458
183459
183460
183461
183462
183463
183465
183468
183469
183470
183471
183472
183473
183474
183475
183479
183480
183481
183483
183484
183485
183486
183487
183489
183490
183491
183492
183495
183496
183497
183498
183500
183501
183502
183504
183505
183506
183507
183508
183514
183515
183517
183518
183520
183521
183522
183523
183524
183525
183527
183528
183530
183531
183532
183534
183535
183537
183538
183539
183541
183542
183544
183545
183546
183547
183549
183550
183551
183552
183553
183554
183555
183556
183557
183558
183559
183560
183561
183562
183563
183566
183568
183569
183570
183571
183572
183575
183576
183577
183578
183581
183583
183584
183585
183586
183587
183588
183589
183590
183591
183592
183593
183594
183595
183596
183597
183598
183599
183601
183603
183604
183606
183612
183616
183617
183621
183622
183625
183626
183627
183629
183630
183632
183635
183636
183637
183638
183643
183646
183653
183654
183655
183656
183657
183660
183663
183664
183665
183670
183672
183675
183677
183678
183680
183681
183682
183683
183688
183692
183696
183698
183699
183700
183701
183702
183703
183704
183706
183709
183711
183713
183714
183715
183717
183718
183719
183720
183725
183729
183735
183736
183738
183739
183740
183751
183754
183757
183758
183761
183765
183767
183770
183771
183772
183778
183779
183780
183782
183784
183787
183789
183792
183795
183797
183802
183804
183805
183806
183809
183811
183812
183814
183822
183823
183824
183826
183827
183828
183829
183831
183832
183833
183834
183836
183842
183843
183844
183847
183855
183856
183857
183862
183865
183867
183868
183870
183871
183872
183875
183876
183878
183880
183884
183889
183890
183891
183893
183894
183895
183896
183897
183901
183903
183904
183905
183906
183907
183908
183916
183917
183919
183922
183924
183927
183928
183933
183934
183943
183948
183955
183956
183960
183961
183963
183976
183978
183987
183991
183992
183993
183997
184009
184011
184012
184013
184014
184015
184016
184017
184018
184020
184026
184027
184031
184037
184039
184049
184051
184054
184056
184070
184072
184077
184079
184084
184085
184099
184116
184117
184132
184133
184135
184136
184139
184141
184142
184143
184144
184146
184148
184149
184151
184154
184163
184166
184168
184169
184170
184171
184175
184176
184177
184178
184180
184182
184183
184186
184192
184193
184204
184206
184207
184208
184210
184211
184216
184217
184219
184220
184222
184225
184226
184231
184235
184243
184245
184246
184252
184256
184258
184259
184262
184267
184269
184270
184272
184273
184275
184280
184281
184282
184284
184287
184290
184292
184293
184295
184298
184300
184301
184302
184305
184308
184309
184316
184323
184326
184329
184330
184331
184333
184335
184337
184338
184339
184348
184349
184353
184356
184357
184358
184359
184360
184362
184367
184368
184370
184377
184378
184379
184383
184384
184385
184386
184387
184388
184392
184395
184396
184399
184406
184407
184412
184413
184414
184415
184416
184426
184427
184428
184429
184431
184435
184436
184441
184442
184444
184445
184446
184452
184454
184455
184462
184466
184467
184468
184469
184470
184471
184474
184478
184479
184480
184481
184484
184487
184492
184496
184500
184505
184506
184507
184508
184510
184512
184513
184514
184515
184516
184517
184518
184520
184521
184522
184524
184525
184526
184527
184529
184530
184531
184533
184535
184536
184540
184542
184545
184546
184549
184553
184557
184564
184566
184568
184571
184572
184573
184574
184578
184580
184584
184586
184588
184589
184592
184594
184595
184598
184599
184601
184606
184610
184613
184614
184615
184617
184622
184624
184627
184628
184629
184634
184635
184638
184644
184645
184646
184650
184654
184656
184658
184659
184663
184681
184682
184683
184685
184686
184707
184719
184722
184727
184728
184730
184731
184734
184736
184737
184738
184740
184741
184742
184744
184745
184747
184748
184751
184756
184757
184759
184768
184771
184776
184779
184781
184796
184798
184801
184806
184809
184811
184812
184814
184816
184818
184820
184824
184826
184831
184836
184843
184845
184846
184848
184849
184851
184854
184855
184856
184857
184858
184860
184866
184868
184872
184873
184885
184886
184888
184891
184894
184896
184899
184900
184902
184903
184904
184909
184918
184926
184931
184939
184943
184944
184947
184948
184950
184951
184952
184957
184958
184961
184965
184966
184967
184970
184971
184972
184973
184977
184978
184985
184986
184987
184988
184992
184994
184999
185000
185001
185002
185004
185014
185015
185020
185022
185023
185024
185025
185028
185035
185036
185037
185040
185042
185044
185045
185047
185050
185052
185056
185058
185059
185076
185081
185088
185090
185095
185097
185099
185101
185103
185104
185106
185108
185111
185112
185113
185117
185120
185124
185128
185129
185130
185134
185135
185138
185139
185142
185145
185146
185147
185148
185150
185151
185152
185153
185154
185155
185156
185157
185159
185164
185165
185166
185168
185170
185171
185172
185173
185174
185175
185176
185177
185178
185179
185181
185186
185187
185189
185197
185198
185206
185210
185211
185212
185213
185216
185219
185220
185222
185224
185225
185229
185230
185231
185232
185244
185245
185248
185250
185253
185254
185256
185259
185260
185263
185264
185265
185267
185268
185269
185277
185280
185281
185282
185284
185288
185289
185291
185293
185295
185298
185299
185300
185301
185302
185303
185304
185305
185306
185307
185308
185309
185310
185311
185313
185314
185316
185318
185322
185325
185326
185327
185328
185329
185330
185332
185334
185340
185343
185344
185346
185347
185352
185353
185354
185355
185356
185359
185363
185366
185370
185373
185377
185388
185391
185393
185395
185398
185400
185402
185406
185408
185409
185410
185413
185414
185415
185416
185417
185418
185419
185421
185423
185426
185427
185431
185435
185436
185437
185439
185440
185443
185445
185448
185452
185455
185457
185458
185463
185464
185470
185478
185482
185485
185486
185488
185491
185494
185496
185497
185499
185501
185502
185503
185505
185506
185507
185508
185509
185511
185513
185514
185515
185517
185518
185519
185522
185524
185525
185526
185528
185530
185532
185533
185537
185538
185539
185540
185541
185542
185544
185547
185554
185555
185557
185558
185559
185564
185565
185566
185569
185570
185571
185572
185573
185575
185577
185578
185579
185585
185586
185587
185589
185592
185593
185595
185597
185600
185601
185602
185603
185605
185606
185609
185610
185611
185613
185619
185620
185621
185622
185626
185629
185630
185631
185633
185635
185636
185637
185638
185644
185647
185648
185650
185652
185657
185658
185659
185660
185662
185663
185664
185665
185667
185668
185669
185671
185672
185673
185674
185679
185681
185682
185683
185684
185685
185686
185687
185688
185690
185691
185692
185693
185694
185696
185698
185700
185701
185702
185703
185706
185708
185709
185710
185711
185712
185713
185714
185715
185716
185717
185718
185719
185720
185721
185724
185725
185726
185729
185731
185732
185733
185735
185737
185739
185740
185741
185742
185743
185744
185745
185746
185748
185750
185753
185754
185756
185758
185760
185761
185762
185763
185764
185765
185767
185768
185770
185771
185772
185773
185774
185775
185776
185777
185778
185779
185781
185782
185783
185784
185789
185790
185791
185792
185794
185795
185796
185797
185800
185801
185802
185803
185804
185805
185806
185807
185810
185811
185812
185813
185814
185815
185816
185817
185818
185819
185821
185822
185823
185825
185828
185829
185831
185834
185837
185838
185839
185842
185843
185844
185846
185847
185853
185855
185856
185857
185859
185860
185862
185863
185865
185866
185868
185869
185870
185871
185872
185875
185877
185878
185881
185882
185883
185884
185887
185888
185889
185892
185894
185895
185897
185898
185900
185901
185902
185903
185904
185905
185907
185909
185912
185913
185915
185916
185917
185919
185920
185921
185922
185923
185925
185931
185932
185933
185935
185936
185940
185943
185944
185945
185946
185947
185950
185951
185953
185954
185956
185957
185958
185959
185960
185962
185964
185965
185966
185967
185968
185969
185972
185973
185975
185976
185977
185978
185982
185983
185984
185985
185986
185987
185988
185989
185990
185991
185992
185993
185994
185995
185998
185999
186000
186001
186002
186003
186004
186005
186007
186011
186015
186016
186019
186021
186023
186025
186027
186035
186037
186038
186039
186040
186044
186046
186047
186048
186050
186053
186055
186056
186058
186062
186063
186064
186066
186067
186068
186069
186070
186071
186073
186078
186079
186081
186082
186083
186084
186085
186086
186088
186089
186090
186093
186094
186095
186097
186098
186101
186103
186105
186106
186108
186110
186111
186112
186114
186116
186119
186122
186124
186125
186127
186128
186129
186130
186132
186133
186134
186135
186136
186138
186139
186140
186142
186144
186145
186146
186147
186148
186150
186151
186152
186153
186154
186155
186157
186158
186159
186160
186161
186162
186163
186165
186166
186167
186168
186169
186173
186174
186176
186177
186178
186179
186180
186183
186184
186185
186186
186187
186188
186189
186190
186195
186196
186197
186199
186200
186201
186202
186203
186204
186205
186206
186207
186208
186209
186210
186211
186212
186214
186215
186218
186220
186221
186222
186223
186224
186225
186226
186227
186228
186229
186230
186231
186232
186233
186234
186235
186238
186239
186240
186241
186242
186252
186253
186259
186260
186261
186263
186265
186266
186267
186268
186269
186271
186273
186275
186276
186280
186282
186283
186284
186285
186286
186289
186290
186292
186297
186305
186309
186310
186311
186312
186313
186314
186316
186317
186318
186324
186325
186326
186328
186329
186332
186333
186334
186338
186342
186343
186344
186350
186353
186355
186364
186365
186367
186368
186369
186370
186375
186379
186380
186386
186387
186388
186389
186391
186396
186400
186402
186403
186406
186410
186411
186417
186418
186421
186423
186425
186426
186427
186428
186429
186430
186434
186435
186436
186438
186439
186440
186442
186443
186446
186449
186451
186452
186453
186454
186455
186457
186459
186462
186464
186465
186466
186467
186468
186469
186470
186471
186472
186473
186477
186478
186479
186482
186483
186484
186485
186486
186487
186489
186490
186492
186493
186494
186495
186496
186497
186498
186502
186503
186504
186505
186509
186514
186516
186517
186519
186520
186522
186528
186529
186530
186531
186533
186534
186540
186541
186542
186544
186545
186546
186547
186548
186549
186552
186561
186566
186569
186570
186571
186578
186580
186584
186585
186587
186588
186589
186591
186595
186596
186597
186598
186599
186601
186603
186604
186606
186608
186609
186611
186613
186618
186619
186621
186622
186623
186624
186626
186628
186629
186634
186635
186637
186641
186644
186645
186647
186649
186654
186655
186656
186658
186659
186661
186663
186664
186665
186666
186667
186669
186670
186673
186675
186676
186677
186678
186679
186680
186681
186682
186684
186686
186687
186689
186690
186693
186695
186696
186697
186698
186700
186701
186702
186707
186711
186716
186720
186721
186722
186724
186726
186728
186729
186730
186731
186732
186733
186734
186736
186737
186738
186740
186748
186749
186750
186751
186752
186753
186757
186762
186766
186767
186768
186769
186775
186780
186781
186784
186785
186789
186790
186793
186795
186796
186798
186799
186800
186803
186804
186806
186809
186811
186813
186814
186815
186817
186818
186819
186821
186822
186823
186827
186832
186834
186835
186836
186837
186838
186839
186840
186841
186842
186843
186844
186846
186847
186848
186850
186854
186855
186856
186857
186858
186859
186860
186862
186863
186864
186868
186869
186871
186872
186873
186874
186875
186877
186880
186881
186882
186883
186884
186885
186887
186888
186889
186890
186891
186892
186893
186894
186895
186896
186897
186899
186900
186902
186903
186904
186905
186907
186908
186909
186910
186911
186912
186913
186914
186916
186920
186922
186924
186927
186929
186930
186931
186932
186933
186934
186935
186936
186937
186939
186940
186943
186944
186945
186946
186947
186948
186949
186950
186952
186953
186954
186956
186957
186959
186960
186962
186963
186964
186966
186967
186970
186971
186973
186976
186979
186981
186983
186984
186985
186986
186988
186989
186990
186991
186992
186994
186995
186996
186997
186998
186999
187000
187001
187002
187003
187006
187007
187009
187012
187013
187014
187016
187017
187021
187023
187026
187027
187031
187032
187033
187034
187035
187036
187038
187040
187041
187042
187044
187045
187047
187048
187049
187050
187053
187054
187055
187056
187058
187059
187060
187061
187062
187063
187065
187066
187068
187070
187071
187072
187073
187075
187076
187077
187078
187079
187082
187083
187084
187086
187090
187092
187093
187096
187097
187100
187101
187102
187103
187104
187105
187108
187109
187110
187111
187112
187113
187114
187115
187117
187123
187124
187125
187127
187128
187129
187130
187131
187132
187133
187135
187137
187138
187139
187140
187141
187142
187143
187145
187146
187147
187148
187149
187150
187153
187154
187156
187157
187159
187161
187164
187166
187168
187170
187171
187174
187175
187177
187178
187181
187182
187183
187186
187188
187189
187190
187191
187192
187193
187194
187195
187198
187200
187202
187208
187209
187210
187212
187217
187219
187223
187224
187226
187227
187228
187230
187231
187232
187233
187234
187235
187236
187238
187239
187243
187244
187246
187247
187248
187249
187250
187252
187253
187255
187256
187258
187259
187260
187261
187262
187263
187264
187265
187266
187268
187269
187272
187273
187274
187275
187277
187278
187279
187281
187282
187284
187286
187287
187288
187289
187290
187291
187292
187294
187295
187296
187299
187300
187301
187302
187303
187304
187305
187306
187307
187308
187311
187313
187317
187318
187320
187321
187326
187327
187330
187332
187333
187335
187336
187337
187338
187341
187342
187343
187346
187348
187349
187352
187354
187355
187356
187357
187358
187360
187361
187362
187363
187364
187365
187366
187367
187368
187369
187372
187375
187377
187378
187379
187380
187381
187382
187383
187388
187389
187390
187392
187393
187394
187396
187401
187402
187404
187405
187406
187407
187408
187409
187410
187411
187412
187413
187414
187415
187416
187417
187418
187419
187421
187422
187428
187429
187431
187432
187433
187434
187439
187441
187443
187444
187445
187448
187449
187451
187453
187454
187456
187460
187462
187463
187465
187466
187467
187470
187471
187472
187475
187476
187477
187478
187479
187480
187486
187488
187491
187492
187494
187497
187506
187509
187514
187515
187517
187518
187521
187522
187525
187526
187529
187530
187533
187535
187536
187540
187541
187543
187547
187549
187550
187553
187555
187558
187565
187566
187568
187569
187570
187572
187576
187579
187585
187586
187589
187597
187599
187603
187608
187611
187615
187616
187618
187620
187621
187622
187635
187641
187643
187647
187648
187652
187654
187655
187658
187660
187661
187662
187669
187681
187682
187691
187697
187705
187714
187716
187719
187723
187725
187726
187729
187739
187747
187753
187759
187760
187761
187763
187764
187765
187768
187771
187774
187775
187776
187778
187780
187782
187783
187785
187786
187787
187788
187789
187791
187793
187796
187797
187798
187799
187800
187805
187807
187808
187810
187811
187812
187813
187816
187817
187818
187823
187825
187826
187828
187829
187830
187832
187833
187836
187837
187838
187843
187846
187847
187848
187849
187850
187851
187852
187853
187854
187856
187857
187860
187861
187865
187866
187867
187869
187870
187871
187872
187873
187875
187876
187877
187878
187882
187883
187884
187885
187886
187887
187889
187892
187893
187894
187896
187897
187898
187902
187903
187904
187905
187908
187909
187910
187911
187912
187915
187917
187918
187921
187922
187923
187926
187927
187929
187930
187931
187932
187934
187935
187936
187939
187940
187941
187942
187943
187946
187947
187948
187949
187952
187953
187954
187955
187957
187958
187960
187961
187962
187964
187965
187968
187969
187970
187971
187972
187973
187974
187975
187976
187978
187979
187980
187981
187982
187983
187984
187985
187986
187988
187989
187990
187991
187992
187993
187994
187995
187997
187998
187999
188000
188002
188003
188005
188006
188009
188012
188013
188014
188017
188018
188020
188024
188025
188026
188027
188028
188030
188031
188033
188034
188035
188037
188038
188039
188040
188041
188042
188043
188044
188045
188046
188048
188049
188050
188051
188052
188054
188055
188057
188058
188060
188062
188063
188064
188065
188067
188068
188069
188071
188072
188073
188076
188077
188078
188079
188080
188081
188083
188084
188087
188088
188089
188090
188091
188096
188098
188099
188100
188102
188103
188104
188107
188108
188109
188111
188112
188113
188114
188115
188116
188118
188119
188120
188122
188123
188124
188125
188127
188128
188129
188130
188131
188132
188134
188136
188138
188139
188140
188141
188142
188143
188144
188145
188146
188148
188149
188150
188151
188152
188157
188159
188160
188162
188164
188165
188166
188168
188171
188173
188176
188178
188179
188181
188182
188185
188187
188188
188190
188191
188192
188194
188196
188199
188202
188203
188207
188209
188210
188213
188216
188217
188218
188219
188220
188221
188222
188223
188224
188225
188226
188227
188228
188230
188231
188232
188233
188234
188235
188236
188237
188238
188240
188242
188243
188244
188245
188246
188247
188248
188249
188250
188251
188252
188254
188255
188257
188258
188260
188261
188262
188263
188264
188265
188266
188267
188268
188269
188270
188271
188272
188273
188274
188275
188276
188277
188278
188279
188280
188281
188282
188284
188285
188286
188288
188289
188290
188291
188292
188293
188294
188296
188297
188298
188300
188304
188305
188306
188309
188310
188311
188312
188313
188314
188315
188316
188317
188318
188320
188321
188322
188323
188324
188326
188327
188329
188330
188331
188332
188333
188334
188337
188338
188339
188340
188341
188343
188344
188345
188346
188348
188349
188350
188351
188352
188353
188354
188356
188357
188358
188359
188360
188361
188362
188363
188366
188367
188368
188370
188371
188372
188373
188374
188375
188376
188377
188378
188379
188380
188381
188382
188383
188384
188385
188386
188387
188388
188389
188391
188392
188393
188394
188395
188398
188399
188400
188404
188405
188408
188410
188411
188412
188413
188414
188415
188416
188417
188418
188419
188420
188421
188423
188425
188427
188428
188429
188430
188433
188434
188435
188436
188437
188438
188439
188442
188443
188444
188445
188446
188447
188448
188449
188450
188451
188452
188453
188454
188455
188456
188457
188458
188459
188460
188461
188464
188465
188466
188467
188468
188469
188470
188471
188474
188475
188476
188477
188478
188479
188480
188481
188482
188485
188487
188488
188489
188490
188491
188492
188493
188495
188497
188498
188500
188504
188505
188506
188508
188509
188510
188511
188512
188513
188514
188515
188516
188517
188518
188519
188520
188523
188524
188525
188526
188528
188532
188533
188535
188536
188537
188538
188539
188541
188542
188545
188546
188547
188548
188549
188550
188551
188552
188553
188555
188556
188557
188558
188559
188560
188561
188562
188563
188564
188566
188567
188568
188569
188573
188574
188575
188577
188578
188579
188581
188582
188583
188584
188585
188587
188591
188592
188593
188595
188596
188598
188599
188600
188601
188602
188603
188604
188605
188607
188608
188609
188610
188611
188612
188613
188614
188615
188617
188620
188621
188622
188623
188624
188625
188628
188630
188632
188633
188634
188635
188636
188637
188638
188639
188640
188642
188643
188645
188646
188647
188648
188649
188651
188652
188653
188654
188656
188657
188658
188660
188661
188662
188663
188666
188667
188668
188669
188670
188671
188672
188674
188675
188676
188677
188678
188680
188681
188682
188683
188684
188687
188688
188692
188693
188694
188701
188702
188703
188704
188705
188706
188707
188708
188709
188710
188711
188712
188713
188714
188715
188716
188717
188718
188721
188723
188724
188725
188726
188728
188729
188731
188732
188733
188734
188735
188736
188737
188738
188739
188742
188743
188744
188745
188746
188747
188749
188750
188751
188752
188753
188754
188756
188758
188759
188761
188762
188763
188764
188765
188766
188770
188771
188772
188773
188774
188776
188777
188778
188779
188781
188782
188783
188785
188786
188788
188789
188791
188793
188795
188796
188797
188798
188799
188801
188802
188803
188806
188807
188808
188809
188810
188811
188813
188814
188815
188816
188818
188820
188823
188824
188825
188826
188827
188828
188830
188832
188833
188834
188835
188836
188837
188839
188840
188841
188842
188843
188845
188846
188847
188848
188849
188852
188853
188854
188855
188856
188857
188858
188860
188862
188863
188864
188865
188866
188868
188869
188870
188871
188872
188873
188874
188875
188876
188877
188878
188879
188880
188881
188882
188884
188885
188886
188887
188888
188889
188890
188891
188892
188893
188894
188895
188896
188897
188898
188899
188900
188901
188902
188903
188904
188905
188906
188907
188908
188909
188910
188911
188912
188913
188914
188916
188917
188918
188919
188920
188921
188922
188923
188924
188931
188936
188937
188938
188940
188941
188943
188944
188946
188948
188949
188950
188951
188952
188953
188954
188955
188956
188957
188960
188961
188963
188966
188967
188970
188971
188972
188973
188974
188976
188977
188979
188980
188981
188982
188985
188986
188987
188988
188990
188991
188993
188994
188995
188996
188997
188998
189000
189004
189009
189010
189011
189012
189014
189017
189019
189021
189022
189023
189024
189025
189027
189028
189029
189030
189031
189032
189033
189034
189035
189036
189037
189038
189040
189041
189042
189043
189044
189045
189046
189047
189048
189049
189050
189051
189052
189053
189054
189055
189056
189057
189058
189059
189060
189061
189062
189063
189065
189068
189069
189070
189071
189072
189073
189074
189075
189076
189077
189078
189079
189080
189081
189082
189083
189086
189087
189088
189089
189090
189091
189092
189094
189096
189097
189099
189101
189102
189104
189105
189107
189108
189109
189110
189111
189112
189113
189114
189115
189116
189117
189119
189121
189122
189123
189126
189127
189128
189130
189131
189134
189135
189136
189137
189138
189139
189140
189141
189142
189143
189144
189145
189147
189149
189150
189152
189153
189154
189155
189156
189157
189158
189160
189161
189162
189163
189164
189166
189167
189168
189169
189172
189173
189174
189175
189177
189179
189181
189184
189186
189188
189189
189193
189194
189195
189196
189197
189199
189200
189201
189202
189203
189204
189205
189206
189207
189208
189209
189210
189211
189212
189213
189214
189215
189216
189217
189219
189221
189222
189223
189224
189225
189226
189229
189231
189233
189234
189235
189236
189237
189238
189239
189240
189241
189242
189243
189244
189245
189246
189247
189248
189249
189250
189251
189252
189253
189255
189256
189257
189259
189260
189261
189262
189263
189264
189267
189270
189272
189273
189274
189275
189277
189278
189280
189281
189282
189283
189284
189285
189287
189288
189290
189293
189294
189296
189297
189300
189303
189304
189306
189307
189308
189309
189310
189311
189312
189314
189315
189317
189319
189320
189322
189323
189325
189326
189329
189330
189331
189333
189335
189336
189338
189339
189340
189341
189342
189344
189345
189347
189348
189351
189352
189353
189354
189355
189356
189357
189358
189359
189360
189361
189362
189363
189365
189366
189367
189368
189369
189370
189372
189374
189375
189376
189377
189378
189379
189380
189381
189382
189383
189385
189386
189389
189390
189391
189392
189393
189394
189395
189396
189397
189399
189400
189401
189403
189404
189405
189407
189410
189412
189414
189415
189416
189417
189418
189419
189420
189422
189423
189424
189425
189426
189427
189428
189429
189430
189431
189433
189435
189437
189438
189439
189440
189441
189442
189443
189448
189449
189451
189452
189453
189454
189456
189457
189458
189459
189461
189462
189465
189466
189467
189468
189469
189471
189472
189473
189474
189475
189476
189477
189478
189482
189483
189484
189485
189487
189488
189489
189491
189492
189493
189495
189496
189497
189498
189499
189500
189502
189503
189506
189508
189509
189510
189511
189512
189513
189514
189515
189516
189517
189519
189520
189521
189522
189523
189524
189525
189526
189528
189529
189530
189531
189532
189533
189534
189535
189536
189537
189538
189539
189540
189541
189542
189543
189544
189545
189546
189547
189548
189549
189550
189551
189552
189553
189554
189555
189556
189557
189558
189559
189560
189562
189563
189564
189566
189567
189569
189570
189572
189574
189575
189576
189578
189580
189581
189582
189583
189584
189585
189587
189588
189589
189590
189591
189593
189594
189595
189596
189598
189600
189602
189604
189605
189606
189607
189609
189611
189613
189614
189615
189616
189617
189621
189623
189624
189625
189626
189630
189632
189633
189634
189635
189636
189637
189638
189639
189640
189641
189643
189644
189645
189646
189647
189648
189649
189650
189651
189652
189655
189656
189657
189658
189659
189660
189661
189663
189664
189665
189667
189668
189669
189671
189672
189673
189674
189675
189676
189677
189678
189679
189680
189681
189682
189683
189684
189685
189686
189687
189690
189691
189693
189694
189695
189696
189697
189699
189701
189702
189703
189705
189706
189707
189708
189709
189711
189713
189714
189715
189716
189717
189718
189719
189720
189721
189722
189723
189724
189725
189726
189728
189731
189732
189733
189734
189735
189736
189737
189739
189742
189745
189746
189748
189749
189751
189753
189754
189755
189756
189757
189758
189759
189760
189761
189762
189763
189764
189765
189766
189767
189768
189771
189774
189775
189776
189777
189778
189779
189780
189784
189785
189786
189787
189788
189789
189790
189791
189792
189793
189795
189796
189797
189798
189799
189801
189802
189803
189804
189805
189806
189809
189810
189813
189814
189815
189818
189820
189821
189822
189824
189825
189827
189829
189830
189831
189832
189833
189834
189835
189837
189838
189843
189845
189847
189848
189849
189850
189851
189854
189855
189856
189857
189859
189860
189861
189862
189863
189864
189865
189866
189867
189868
189869
189870
189872
189873
189874
189875
189877
189878
189879
189880
189883
189885
189886
189887
189888
189889
189890
189892
189893
189894
189895
189896
189897
189898
189899
189900
189902
189903
189904
189905
189906
189907
189908
189909
189910
189912
189914
189915
189916
189918
189919
189920
189922
189923
189924
189925
189931
189933
189935
189936
189937
189938
189941
189943
189945
189947
189948
189949
189950
189952
189953
189959
189961
189962
189963
189965
189967
189969
189971
189972
189973
189974
189975
189978
189979
189982
189984
189985
189986
189988
189989
189990
189991
189992
189993
189994
189996
189998
189999
190000
190001
190002
190003
190004
190006
190007
190008
190009
190010
190011
190012
190013
190014
190016
190018
190022
190025
190027
190028
190029
190031
190032
190033
190035
190036
190038
190039
190041
190044
190046
190047
190048
190049
190051
190053
190054
190057
190060
190061
190063
190064
190066
190067
190068
190069
190072
190074
190078
190081
190082
190084
190085
190087
190088
190091
190092
190094
190095
190096
190098
190099
190100
190101
190102
190103
190104
190105
190106
190108
190109
190110
190111
190112
190113
190116
190117
190118
190119
190120
190121
190122
190123
190126
190127
190128
190129
190131
190132
190134
190136
190137
190139
190140
190141
190142
190143
190145
190146
190147
190148
190149
190150
190151
190152
190153
190155
190156
190158
190159
190160
190161
190162
190163
190164
190165
190166
190167
190168
190169
190170
190171
190172
190173
190174
190175
190176
190177
190178
190179
190180
190181
190183
190184
190185
190186
190188
190189
190190
190191
190192
190193
190194
190195
190196
190197
190199
190200
190201
190202
190203
190204
190205
190206
190207
190208
190209
190210
190212
190213
190214
190215
190216
190218
190220
190221
190223
190228
190229
190230
190231
190232
190233
190234
190235
190236
190237
190238
190239
190240
190242
190243
190246
190247
190248
190249
190250
190251
190252
190253
190254
190255
190257
190258
190259
190264
190265
190271
190273
190275
190279
190281
190282
190284
190285
190287
190288
190291
190292
190293
190295
190296
190300
190301
190303
190304
190305
190306
190307
190309
190310
190313
190315
190316
190317
190318
190319
190321
190324
190325
190326
190331
190332
190334
190335
190336
190338
190339
190340
190343
190344
190345
190346
190347
190348
190349
190352
190353
190354
190359
190360
190361
190362
190363
190366
190368
190371
190372
190373
190374
190375
190376
190377
190380
190382
190383
190385
190386
190392
190393
190394
190396
190398
190399
190403
190405
190408
190409
190410
190412
190413
190415
190418
190419
190422
190424
190425
190427
190429
190430
190431
190433
190437
190438
190439
190440
190442
190443
190444
190445
190446
190450
190452
190458
190459
190460
190464
190465
190466
190467
190471
190472
190473
190474
190475
190476
190477
190478
190479
190480
190482
190483
190484
190485
190486
190487
190488
190489
190490
190493
190494
190495
190496
190497
190498
190499
190500
190501
190502
190503
190504
190507
190509
190510
190511
190512
190513
190515
190516
190517
190519
190520
190521
190522
190523
190524
190525
190526
190527
190529
190530
190531
190532
190534
190535
190536
190537
190538
190539
190540
190541
190542
190543
190544
190545
190546
190547
190548
190550
190552
190553
190554
190555
190556
190557
190558
190559
190560
190561
190562
190563
190565
190566
190568
190569
190571
190573
190575
190576
190578
190579
190580
190581
190582
190586
190587
190588
190589
190592
190596
190600
190602
190606
190608
190609
190613
190614
190621
190625
190627
190628
190630
190632
190633
190635
190636
190637
190638
190641
190642
190643
190644
190646
190648
190649
190652
190653
190654
190655
190657
190658
190659
190660
190661
190662
190664
190665
190666
190667
190668
190669
190671
190672
190673
190674
190676
190678
190679
190680
190681
190683
190684
190685
190687
190688
190689
190690
190691
190693
190694
190695
190696
190697
190699
190700
190703
190704
190706
190707
190708
190709
190710
190711
190712
190713
190714
190715
190716
190718
190722
190726
190728
190729
190731
190732
190733
190734
190735
190737
190739
190740
190741
190742
190743
190744
190746
190748
190749
190750
190751
190752
190753
190754
190755
190758
190759
190760
190761
190762
190763
190764
190765
190766
190767
190768
190770
190771
190773
190774
190775
190776
190778
190780
190782
190783
190784
190785
190786
190787
190788
190790
190791
190792
190793
190794
190795
190796
190798
190800
190801
190802
190803
190804
190805
190806
190807
190808
190809
190810
190811
190813
190815
190816
190817
190818
190820
190821
190822
190823
190824
190825
190826
190827
190828
190829
190830
190831
190832
190833
190834
190835
190836
190837
190838
190840
190841
190843
190844
190845
190846
190847
190848
190849
190851
190853
190854
190856
190857
190858
190859
190862
190865
190866
190867
190868
190871
190872
190873
190874
190875
190876
190877
190879
190880
190881
190882
190883
190884
190885
190886
190888
190889
190890
190892
190893
190894
190895
190896
190897
190898
190899
190901
190902
190904
190905
190906
190908
190910
190911
190912
190913
190914
190916
190918
190919
190920
190921
190922
190923
190924
190925
190926
190930
190931
190934
190935
190936
190938
190939
190940
190943
190944
190945
190947
190948
190949
190951
190952
190953
190954
190955
190958
190960
190965
190966
190967
190968
190969
190970
190971
190973
190976
190978
190979
190984
190987
190989
190990
190991
190993
190994
190995
190997
190998
191000
191003
191005
191006
191009
191010
191011
191012
191013
191014
191015
191017
191020
191021
191022
191024
191025
191026
191027
191028
191032
191033
191034
191035
191036
191037
191038
191040
191043
191044
191046
191047
191049
191052
191053
191054
191055
191057
191058
191060
191062
191063
191064
191065
191066
191070
191071
191072
191073
191074
191076
191077
191078
191080
191081
191082
191083
191084
191085
191086
191087
191088
191090
191091
191092
191093
191096
191097
191098
191100
191102
191103
191104
191105
191106
191107
191108
191110
191112
191113
191114
191115
191117
191118
191119
191121
191123
191124
191125
191126
191128
191131
191133
191134
191135
191136
191138
191139
191140
191141
191143
191145
191146
191147
191148
191149
191150
191151
191152
191153
191156
191157
191159
191160
191161
191163
191164
191165
191166
191167
191168
191169
191172
191173
191174
191175
191177
191178
191179
191180
191181
191182
191183
191184
191185
191186
191190
191192
191193
191194
191196
191197
191198
191199
191200
191202
191203
191204
191205
191206
191207
191208
191210
191211
191212
191213
191214
191216
191218
191219
191220
191221
191222
191223
191224
191225
191226
191227
191228
191229
191230
191231
191232
191233
191235
191236
191237
191238
191241
191242
191243
191244
191246
191247
191248
191249
191250
191253
191254
191255
191256
191259
191260
191261
191263
191264
191265
191266
191267
191268
191269
191271
191272
191273
191276
191278
191279
191280
191285
191287
191288
191290
191291
191292
191293
191294
191296
191302
191304
191306
191310
191311
191312
191313
191314
191315
191316
191318
191321
191322
191326
191327
191328
191330
191331
191332
191333
191334
191335
191336
191340
191343
191344
191345
191346
191348
191349
191351
191353
191356
191357
191359
191361
191365
191366
191367
191368
191370
191374
191377
191380
191384
191389
191390
191397
191400
191401
191402
191404
191405
191406
191407
191408
191409
191411
191412
191413
191415
191418
191419
191421
191423
191424
191425
191429
191430
191434
191435
191437
191439
191442
191444
191445
191446
191447
191450
191458
191459
191460
191461
191462
191464
191465
191467
191469
191470
191472
191475
191478
191479
191480
191481
191483
191484
191485
191486
191489
191490
191493
191494
191495
191496
191498
191499
191507
191509
191510
191511
191513
191515
191516
191517
191518
191519
191520
191521
191524
191526
191528
191529
191530
191531
191532
191533
191537
191538
191540
191541
191543
191544
191545
191547
191549
191550
191551
191553
191554
191555
191556
191557
191558
191559
191560
191561
191566
191567
191571
191574
191577
191578
191579
191583
191584
191589
191598
191601
191605
191606
191607
191608
191611
191619
191620
191623
191632
191643
191644
191652
191653
191662
191663
191665
191666
191667
191669
191670
191672
191674
191675
191677
191678
191681
191689
191690
191698
191713
191729
191731
191744
191749
191753
191764
191770
191772
191774
191781
191782
191783
191784
191789
191792
191795
191804
191805
191808
191809
191813
191814
191817
191818
191819
191820
191826
191828
191830
191833
191836
191841
191844
191846
191850
191854
191858
191861
191862
191866
191867
191868
191869
191870
191872
191873
191875
191876
191879
191881
191887
191888
191890
191893
191894
191898
191902
191903
191906
191907
191913
191914
191917
191919
191922
191923
191924
191927
191928
191930
191937
191938
191940
191941
191943
191944
191947
191950
191951
191952
191954
191958
191959
191960
191962
191966
191967
191969
191970
191976
191978
191982
191983
191984
191986
191989
191990
191991
191997
191998
192003
192004
192005
192007
192008
192009
192010
192012
192014
192016
192017
192019
192020
192021
192022
192025
192028
192030
192033
192035
192036
192039
192042
192043
192044
192053
192057
192062
192063
192064
192065
192084
192085
192086
192087
192088
192089
192091
192096
192102
192104
192105
192107
192108
192112
192115
192116
192117
192118
192119
192128
192129
192130
192140
192142
192144
192145
192146
192147
192151
192152
192153
192154
192156
192158
192160
192161
192162
192163
192164
192165
192166
192167
192168
192170
192171
192174
192175
192176
192177
192178
192180
192182
192183
192186
192189
192196
192207
192208
192212
192214
192215
192222
192223
192224
192230
192238
192239
192241
192243
192244
192245
192246
192249
192251
192252
192256
192259
192260
192264
192267
192271
192272
192275
192276
192280
192282
192283
192285
192286
192291
192292
192294
192295
192296
192297
192310
192315
192336
192340
192353
192361
192370
192376
192377
192387
192390
192391
192395
192401
192406
192407
192409
192410
192416
192418
192419
192420
192422
192426
192429
192430
192431
192434
192438
192439
192440
192442
192448
192451
192456
192458
192459
192461
192462
192464
192468
192470
192471
192474
192475
192476
192478
192479
192491
192500
192503
192504
192507
192508
192511
192512
192514
192518
192520
192524
192526
192532
192534
192535
192538
192539
192547
192549
192550
192551
192552
192553
192559
192564
192568
192569
192570
192573
192574
192575
192582
192586
192588
192594
192596
192606
192607
192608
192610
192613
192614
192617
192621
192622
192626
192628
192630
192631
192635
192636
192638
192642
192643
192644
192645
192650
192651
192655
192657
192662
192663
192667
192670
192673
192674
192677
192678
192680
192682
192683
192685
192687
192689
192690
192693
192694
192705
192706
192707
192708
192714
192722
192723
192725
192729
192731
192732
192734
192735
192738
192740
192749
192750
192751
192753
192754
192757
192760
192761
192766
192768
192769
192770
192776
192778
192782
192783
192784
192785
192786
192788
192791
192792
192794
192797
192802
192803
192804
192805
192806
192808
192809
192814
192821
192823
192825
192826
192827
192829
192831
192832
192833
192836
192837
192843
192847
192850
192851
192852
192855
192856
192860
192861
192862
192864
192866
192868
192870
192871
192874
192880
192881
192882
192886
192887
192889
192893
192895
192898
192899
192900
192901
192903
192905
192909
192911
192913
192914
192917
192918
192919
192921
192923
192927
192928
192933
192940
192941
192945
192949
192951
192953
192954
192956
192957
192958
192959
192960
192961
192962
192964
192968
192972
192973
192975
192977
192979
192981
192982
192984
192985
192990
192992
192995
193000
193002
193004
193005
193009
193012
193015
193018
193020
193021
193022
193023
193028
193031
193032
193034
193037
193041
193043
193046
193047
193050
193052
193053
193054
193060
193061
193062
193063
193064
193065
193066
193067
193071
193072
193073
193075
193076
193078
193082
193083
193086
193087
193088
193089
193090
193093
193094
193095
193099
193102
193103
193104
193105
193108
193109
193111
193112
193115
193116
193120
193127
193128
193129
193130
193132
193135
193136
193137
193138
193140
193141
193143
193144
193146
193147
193148
193149
193150
193151
193152
193156
193158
193159
193161
193164
193165
193166
193167
193168
193171
193173
193174
193175
193176
193177
193178
193180
193182
193183
193184
193185
193187
193188
193189
193190
193192
193195
193197
193198
193200
193201
193202
193203
193204
193206
193208
193209
193214
193215
193216
193219
193220
193222
193223
193228
193229
193234
193235
193236
193237
193238
193239
193242
193243
193245
193250
193251
193252
193253
193256
193258
193259
193260
193261
193262
193264
193267
193268
193269
193271
193272
193273
193275
193278
193279
193281
193282
193283
193284
193285
193286
193287
193288
193291
193292
193294
193296
193298
193299
193302
193303
193304
193305
193306
193307
193308
193309
193310
193314
193315
193316
193317
193319
193321
193323
193324
193326
193328
193329
193330
193331
193333
193334
193335
193336
193337
193339
193340
193341
193343
193346
193347
193348
193349
193350
193351
193352
193356
193358
193360
193361
193363
193364
193365
193366
193367
193368
193369
193370
193371
193373
193374
193375
193376
193377
193379
193381
193382
193383
193384
193385
193387
193388
193389
193390
193391
193392
193393
193394
193395
193396
193400
193402
193404
193407
193408
193409
193410
193412
193415
193416
193417
193419
193420
193422
193423
193426
193427
193430
193431
193432
193433
193438
193439
193440
193441
193442
193444
193445
193446
193447
193448
193449
193451
193452
193454
193456
193458
193459
193460
193462
193464
193466
193467
193468
193469
193470
193471
193472
193473
193474
193476
193478
193479
193480
193482
193483
193484
193485
193486
193487
193490
193492
193493
193494
193496
193497
193498
193499
193501
193502
193503
193504
193506
193507
193508
193510
193511
193512
193513
193515
193517
193518
193519
193520
193523
193526
193527
193528
193529
193532
193534
193535
193536
193540
193541
193542
193544
193545
193546
193547
193548
193549
193551
193553
193554
193555
193556
193559
193567
193568
193569
193570
193571
193576
193577
193578
193580
193583
193584
193585
193589
193590
193592
193599
193603
193606
193608
193609
193610
193611
193613
193614
193615
193616
193617
193618
193619
193621
193622
193623
193625
193626
193627
193628
193629
193630
193631
193632
193633
193635
193636
193637
193639
193640
193642
193643
193645
193646
193647
193649
193650
193652
193655
193656
193657
193659
193660
193661
193662
193666
193670
193671
193685
193687
193688
193689
193690
193692
193695
193696
193700
193704
193705
193706
193707
193708
193712
193713
193714
193715
193717
193718
193720
193722
193725
193727
193728
193729
193732
193733
193734
193736
193737
193738
193739
193743
193744
193745
193746
193748
193752
193754
193755
193758
193762
193763
193765
193766
193772
193775
193777
193779
193780
193782
193783
193784
193786
193788
193791
193792
193793
193796
193798
193800
193801
193804
193805
193806
193807
193808
193809
193810
193813
193815
193816
193820
193821
193822
193825
193826
193827
193828
193829
193831
193833
193834
193835
193836
193837
193838
193839
193841
193842
193843
193844
193845
193847
193848
193850
193851
193852
193853
193854
193855
193856
193857
193858
193859
193860
193861
193863
193864
193865
193867
193869
193871
193872
193874
193875
193876
193878
193879
193880
193881
193883
193884
193885
193886
193889
193890
193893
193894
193895
193898
193901
193903
193904
193905
193915
193916
193918
193923
193926
193930
193931
193933
193935
193936
193937
193938
193941
193943
193944
193945
193946
193948
193951
193959
193960
193961
193963
193964
193965
193966
193967
193970
193974
193978
193982
193984
193985
193987
193988
193991
193992
194000
194002
194004
194012
194013
194015
194017
194018
194019
194020
194022
194023
194025
194029
194031
194034
194036
194037
194039
194040
194046
194050
194053
194054
194055
194057
194058
194060
194062
194064
194068
194069
194070
194073
194074
194075
194076
194077
194078
194079
194080
194081
194085
194086
194087
194089
194092
194095
194098
194099
194101
194102
194103
194104
194105
194106
194107
194110
194111
194113
194114
194116
194118
194119
194120
194122
194123
194127
194129
194131
194133
194134
194135
194136
194141
194142
194143
194144
194145
194146
194147
194148
194149
194151
194152
194153
194154
194155
194157
194158
194159
194162
194163
194167
194168
194169
194173
194174
194175
194176
194177
194183
194184
194185
194186
194187
194190
194191
194192
194193
194196
194198
194201
194203
194211
194216
194218
194219
194221
194222
194226
194227
194228
194230
194231
194232
194233
194234
194235
194239
194240
194243
194244
194245
194246
194247
194248
194251
194252
194254
194255
194258
194263
194264
194267
194268
194270
194271
194273
194274
194275
194278
194279
194283
194284
194285
194287
194290
194294
194297
194300
194301
194304
194305
194306
194307
194312
194313
194314
194315
194316
194318
194319
194320
194321
194323
194324
194325
194326
194327
194328
194329
194330
194331
194334
194335
194336
194337
194339
194340
194342
194344
194345
194352
194357
194358
194361
194364
194370
194372
194373
194374
194377
194379
194380
194381
194382
194383
194385
194386
194387
194388
194390
194398
194400
194401
194402
194403
194408
194411
194412
194414
194418
194419
194420
194423
194424
194428
194430
194433
194439
194440
194442
194445
194446
194447
194449
194450
194453
194454
194455
194458
194461
194463
194464
194465
194468
194471
194472
194473
194479
194480
194482
194483
194484
194485
194487
194488
194489
194491
194492
194493
194494
194495
194496
194497
194498
194499
194501
194502
194503
194504
194505
194506
194507
194508
194509
194510
194512
194513
194514
194515
194516
194518
194520
194522
194523
194525
194526
194527
194529
194532
194533
194534
194535
194536
194537
194538
194539
194540
194541
194542
194543
194544
194545
194546
194547
194550
194552
194554
194555
194556
194557
194558
194559
194561
194562
194563
194566
194567
194568
194569
194570
194571
194572
194575
194577
194581
194582
194584
194585
194586
194587
194589
194590
194591
194592
194593
194595
194596
194597
194598
194599
194600
194601
194602
194603
194604
194606
194607
194608
194609
194611
194612
194613
194614
194615
194616
194617
194619
194621
194623
194629
194630
194631
194632
194634
194637
194638
194639
194640
194641
194643
194644
194645
194646
194651
194652
194653
194654
194655
194656
194657
194658
194661
194662
194664
194665
194667
194669
194671
194673
194674
194675
194676
194677
194680
194681
194682
194683
194684
194685
194688
194689
194690
194691
194694
194695
194696
194697
194699
194700
194701
194702
194703
194704
194705
194706
194707
194708
194709
194710
194711
194712
194713
194718
194719
194720
194721
194723
194726
194727
194729
194732
194734
194735
194736
194738
194739
194740
194742
194743
194744
194746
194747
194749
194751
194752
194753
194755
194758
194760
194761
194762
194763
194764
194765
194767
194772
194774
194775
194776
194777
194778
194779
194780
194781
194782
194783
194787
194788
194789
194790
194791
194792
194793
194794
194795
194796
194797
194798
194799
194800
194801
194803
194804
194805
194806
194807
194810
194811
194812
194813
194814
194815
194816
194817
194818
194821
194822
194823
194824
194825
194826
194827
194828
194829
194831
194832
194833
194834
194836
194837
194840
194841
194843
194845
194848
194851
194855
194858
194864
194867
194869
194871
194872
194873
194876
194877
194878
194880
194881
194882
194883
194887
194889
194892
194894
194896
194897
194899
194900
194903
194907
194909
194912
194913
194914
194915
194916
194917
194918
194919
194920
194922
194923
194924
194927
194929
194930
194934
194937
194938
194939
194940
194941
194942
194945
194947
194948
194949
194951
194952
194953
194954
194955
194957
194958
194964
194965
194967
194969
194971
194975
194980
194982
194983
194984
194985
194987
194988
194989
194991
194992
194993
194997
195000
195003
195004
195005
195006
195009
195010
195012
195014
195015
195017
195019
195022
195025
195026
195029
195031
195032
195034
195036
195037
195038
195039
195041
195043
195044
195045
195046
195047
195051
195052
195054
195056
195057
195059
195060
195061
195062
195063
195064
195065
195066
195067
195068
195070
195071
195072
195073
195074
195075
195077
195078
195079
195080
195081
195083
195084
195089
195090
195092
195095
195098
195099
195100
195101
195102
195103
195105
195106
195108
195109
195114
195115
195117
195119
195121
195122
195125
195126
195127
195134
195135
195138
195142
195143
195145
195147
195153
195154
195157
195159
195160
195162
195164
195165
195169
195171
195179
195181
195183
195184
195188
195190
195191
195192
195193
195196
195197
195200
195202
195204
195208
195209
195211
195213
195216
195219
195221
195227
195230
195236
195239
195243
195246
195247
195249
195250
195255
195257
195258
195261
195266
195269
195278
195281
195284
195285
195286
195287
195288
195291
195296
195298
195302
195303
195304
195309
195322
195329
195339
195344
195345
195346
195354
195355
195356
195358
195363
195370
195373
195374
195379
195381
195385
195389
195393
195396
195405
195407
195408
195409
195411
195412
195415
195417
195418
195420
195421
195424
195425
195428
195430
195432
195433
195435
195436
195443
195446
195447
195448
195449
195453
195456
195457
195460
195461
195463
195465
195469
195470
195471
195472
195473
195474
195476
195478
195479
195480
195482
195485
195488
195489
195491
195493
195494
195495
195496
195497
195498
195500
195501
195503
195505
195506
195507
195513
195515
195516
195519
195520
195525
195526
195529
195530
195532
195533
195534
195535
195536
195539
195540
195541
195544
195546
195548
195551
195552
195553
195554
195555
195556
195558
195560
195562
195563
195564
195565
195566
195568
195569
195571
195572
195573
195574
195575
195576
195577
195578
195582
195586
195587
195588
195589
195591
195595
195596
195597
195598
195599
195600
195601
195602
195607
195609
195611
195612
195613
195614
195618
195619
195624
195625
195626
195627
195628
195629
195630
195631
195632
195633
195634
195635
195638
195639
195640
195643
195645
195649
195650
195651
195653
195655
195656
195657
195658
195659
195662
195663
195664
195665
195666
195667
195668
195669
195672
195673
195675
195676
195680
195682
195685
195687
195688
195689
195690
195693
195694
195696
195698
195699
195701
195702
195703
195704
195705
195706
195707
195708
195709
195710
195711
195712
195713
195716
195717
195718
195720
195721
195722
195724
195726
195727
195731
195732
195733
195736
195737
195739
195740
195741
195743
195744
195747
195749
195750
195751
195752
195754
195758
195763
195765
195766
195767
195768
195769
195770
195771
195772
195773
195775
195776
195777
195778
195779
195780
195781
195782
195785
195786
195788
195789
195790
195791
195792
195793
195794
195795
195796
195798
195800
195802
195804
195805
195806
195809
195810
195812
195813
195814
195815
195816
195817
195818
195819
195820
195821
195822
195823
195824
195827
195830
195831
195834
195837
195838
195839
195840
195841
195843
195844
195847
195848
195849
195852
195853
195854
195859
195861
195862
195866
195867
195869
195870
195871
195872
195873
195874
195877
195878
195879
195880
195881
195883
195884
195885
195886
195887
195888
195889
195890
195891
195892
195893
195895
195896
195897
195898
195899
195900
195901
195902
195904
195905
195908
195909
195911
195912
195913
195915
195916
195917
195920
195921
195922
195923
195924
195926
195927
195928
195929
195930
195931
195932
195933
195934
195936
195937
195939
195940
195942
195943
195944
195946
195947
195948
195949
195950
195951
195952
195953
195954
195955
195956
195958
195959
195960
195961
195963
195964
195965
195967
195968
195969
195970
195971
195972
195978
195980
195981
195982
195983
195984
195986
195987
195988
195989
195991
195992
195993
195995
195997
195998
195999
196002
196003
196004
196005
196006
196007
196011
196012
196016
196017
196018
196019
196021
196022
196023
196024
196025
196026
196027
196028
196029
196030
196031
196033
196034
196035
196036
196037
196038
196039
196042
196044
196045
196046
196048
196049
196050
196053
196054
196055
196056
196057
196060
196061
196063
196064
196065
196066
196068
196069
196070
196071
196072
196073
196075
196077
196078
196079
196080
196081
196082
196083
196084
196085
196088
196089
196092
196093
196094
196095
196096
196097
196098
196099
196101
196102
196103
196104
196105
196106
196107
196108
196109
196111
196112
196114
196116
196117
196118
196119
196120
196121
196123
196125
196126
196127
196128
196131
196132
196133
196134
196138
196140
196141
196143
196144
196145
196148
196149
196150
196153
196155
196157
196159
196160
196162
196163
196164
196165
196166
196167
196168
196170
196171
196174
196175
196176
196177
196178
196182
196183
196186
196187
196188
196189
196192
196193
196194
196195
196196
196197
196198
196199
196201
196202
196205
196206
196207
196208
196209
196210
196211
196212
196213
196215
196216
196217
196218
196219
196222
196223
196224
196225
196226
196227
196228
196230
196231
196232
196233
196235
196237
196240
196242
196243
196245
196246
196247
196248
196249
196250
196251
196252
196253
196254
196255
196256
196257
196259
196260
196261
196262
196266
196267
196269
196271
196272
196274
196275
196276
196277
196278
196280
196281
196282
196283
196284
196285
196286
196287
196288
196289
196290
196292
196294
196295
196296
196297
196298
196299
196300
196301
196303
196304
196306
196307
196308
196309
196310
196311
196312
196314
196316
196318
196321
196322
196324
196325
196326
196327
196328
196330
196331
196332
196333
196334
196337
196338
196339
196340
196341
196342
196348
196350
196351
196352
196353
196354
196355
196356
196357
196358
196360
196361
196362
196363
196365
196366
196367
196368
196370
196371
196372
196373
196374
196375
196376
196377
196378
196379
196380
196381
196382
196383
196385
196387
196389
196390
196392
196393
196394
196395
196397
196398
196399
196400
196401
196402
196403
196404
196406
196408
196409
196410
196411
196413
196414
196415
196417
196420
196421
196422
196423
196424
196425
196426
196427
196428
196429
196433
196434
196435
196436
196438
196439
196440
196441
196442
196443
196444
196445
196446
196447
196448
196449
196450
196451
196452
196453
196454
196458
196459
196461
196462
196463
196464
196465
196466
196467
196468
196469
196470
196471
196472
196473
196474
196475
196476
196477
196478
196479
196480
196481
196482
196483
196484
196485
196487
196488
196491
196492
196493
196494
196495
196496
196497
196498
196499
196500
196501
196503
196504
196505
196506
196508
196509
196510
196512
196513
196514
196515
196516
196517
196518
196519
196520
196521
196522
196523
196524
196525
196526
196527
196528
196529
196530
196531
196532
196533
196534
196535
196536
196537
196538
196539
196540
196541
196542
196543
196545
196546
196547
196548
196549
196552
196553
196554
196555
196556
196558
196559
196562
196563
196564
196565
196566
196567
196568
196570
196571
196572
196573
196575
196576
196577
196579
196580
196581
196583
196584
196586
196587
196588
196590
196591
196592
196593
196594
196596
196598
196599
196601
196602
196603
196604
196606
196607
196608
196609
196610
196611
196613
196614
196618
196621
196622
196623
196624
196625
196626
196627
196629
196632
196633
196634
196635
196636
196639
196640
196641
196642
196644
196645
196650
196651
196652
196654
196655
196660
196662
196663
196664
196668
196669
196671
196672
196673
196674
196675
196676
196677
196679
196680
196681
196683
196684
196685
196686
196687
196688
196689
196691
196692
196693
196694
196696
196697
196698
196699
196700
196701
196702
196703
196705
196706
196707
196708
196709
196711
196712
196713
196714
196715
196716
196718
196719
196720
196721
196722
196723
196724
196725
196728
196729
196730
196731
196732
196733
196735
196736
196737
196738
196739
196740
196741
196743
196744
196745
196746
196749
196750
196751
196752
196753
196754
196755
196756
196757
196758
196759
196760
196761
196762
196763
196764
196765
196766
196767
196768
196769
196771
196772
196773
196774
196775
196777
196778
196779
196780
196781
196782
196784
196786
196787
196788
196789
196791
196792
196793
196795
196797
196798
196799
196800
196801
196802
196803
196804
196805
196806
196807
196808
196811
196812
196814
196815
196816
196819
196820
196821
196822
196823
196824
196825
196826
196829
196830
196831
196833
196834
196839
196840
196841
196842
196843
196844
196845
196846
196847
196848
196849
196851
196852
196853
196855
196856
196857
196859
196860
196861
196862
196863
196865
196866
196867
196869
196870
196871
196872
196873
196875
196876
196877
196878
196879
196881
196883
196885
196886
196887
196888
196889
196891
196892
196894
196895
196897
196898
196900
196901
196902
196903
196907
196909
196910
196911
196912
196913
196914
196917
196918
196919
196921
196923
196924
196925
196926
196928
196931
196932
196934
196935
196936
196937
196938
196940
196942
196943
196945
196946
196947
196948
196950
196951
196952
196953
196954
196956
196957
196958
196959
196961
196962
196964
196965
196966
196967
196969
196970
196971
196972
196974
196975
196976
196977
196978
196979
196980
196981
196983
196984
196987
196988
196990
196991
196992
196993
196994
196995
196997
197002
197003
197004
197006
197007
197008
197009
197010
197011
197012
197013
197014
197015
197016
197017
197018
197020
197022
197023
197024
197025
197026
197027
197028
197029
197030
197031
197035
197038
197039
197040
197041
197042
197043
197045
197046
197047
197048
197050
197051
197052
197053
197054
197057
197058
197060
197061
197062
197065
197066
197067
197069
197070
197071
197072
197074
197075
197076
197077
197078
197079
197080
197081
197083
197085
197086
197087
197088
197089
197090
197091
197092
197093
197094
197096
197097
197099
197101
197102
197103
197104
197105
197108
197110
197113
197114
197115
197116
197117
197119
197120
197121
197122
197123
197124
197125
197126
197127
197128
197131
197132
197133
197135
197136
197137
197138
197139
197142
197143
197144
197145
197147
197148
197149
197152
197153
197154
197157
197158
197159
197160
197161
197162
197163
197165
197166
197167
197168
197170
197171
197172
197173
197175
197176
197177
197178
197179
197181
197182
197185
197186
197187
197188
197189
197190
197191
197192
197193
197194
197195
197196
197198
197199
197200
197201
197202
197204
197205
197206
197207
197208
197209
197210
197211
197212
197213
197214
197215
197216
197217
197220
197221
197224
197225
197227
197228
197229
197230
197231
197233
197234
197235
197236
197238
197239
197240
197241
197242
197243
197244
197245
197246
197248
197249
197250
197251
197253
197254
197256
197258
197260
197261
197263
197264
197265
197267
197268
197269
197270
197271
197272
197273
197274
197275
197276
197278
197279
197280
197281
197282
197283
197286
197287
197288
197289
197291
197293
197294
197295
197296
197297
197298
197299
197300
197301
197302
197303
197304
197305
197306
197308
197309
197310
197311
197312
197313
197314
197315
197317
197318
197319
197320
197321
197322
197323
197324
197325
197327
197328
197329
197330
197332
197333
197334
197336
197337
197338
197339
197340
197341
197343
197344
197345
197346
197347
197349
197352
197353
197354
197355
197356
197357
197358
197359
197360
197361
197362
197363
197364
197365
197366
197367
197368
197370
197371
197372
197373
197374
197375
197376
197378
197379
197381
197382
197383
197385
197387
197389
197391
197392
197393
197394
197395
197396
197397
197398
197399
197400
197401
197403
197404
197405
197406
197408
197409
197410
197411
197412
197414
197415
197416
197419
197420
197424
197425
197426
197427
197428
197429
197430
197431
197435
197437
197438
197439
197440
197441
197442
197443
197444
197445
197446
197447
197448
197451
197452
197453
197456
197458
197460
197461
197463
197464
197465
197466
197470
197471
197472
197474
197476
197478
197480
197481
197482
197483
197484
197486
197487
197492
197495
197496
197497
197498
197500
197501
197503
197506
197507
197509
197511
197512
197513
197514
197515
197516
197517
197518
197519
197520
197522
197524
197525
197526
197527
197528
197529
197530
197532
197533
197534
197535
197536
197537
197538
197539
197540
197542
197543
197544
197545
197546
197547
197548
197549
197550
197551
197552
197553
197554
197555
197556
197557
197558
197559
197560
197561
197562
197563
197564
197565
197566
197567
197568
197569
197570
197572
197573
197574
197575
197577
197578
197580
197582
197583
197585
197587
197588
197591
197592
197594
197597
197599
197600
197602
197603
197604
197605
197606
197607
197608
197609
197610
197611
197612
197616
197618
197619
197620
197621
197622
197623
197627
197629
197633
197634
197635
197637
197638
197639
197640
197641
197643
197644
197645
197646
197647
197648
197649
197650
197651
197652
197653
197654
197655
197656
197657
197658
197659
197660
197661
197662
197663
197664
197666
197668
197669
197671
197672
197673
197675
197677
197678
197679
197681
197682
197683
197684
197685
197688
197689
197691
197693
197696
197697
197698
197699
197700
197701
197702
197703
197704
197705
197706
197708
197710
197711
197714
197715
197716
197717
197718
197719
197721
197722
197724
197726
197728
197729
197730
197731
197732
197733
197734
197735
197737
197738
197740
197741
197742
197743
197744
197745
197746
197747
197748
197749
197750
197751
197752
197753
197754
197755
197756
197757
197758
197759
197760
197762
197763
197765
197766
197767
197768
197769
197770
197771
197772
197773
197774
197775
197776
197777
197778
197779
197780
197781
197782
197784
197786
197787
197789
197790
197791
197792
197793
197794
197795
197796
197797
197798
197799
197800
197801
197803
197804
197805
197806
197808
197809
197810
197812
197813
197814
197815
197817
197818
197819
197820
197821
197822
197823
197824
197825
197826
197827
197828
197829
197830
197831
197832
197833
197834
197835
197836
197837
197839
197840
197841
197842
197843
197844
197845
197846
197847
197849
197850
197851
197853
197854
197856
197857
197858
197859
197860
197861
197862
197863
197864
197865
197866
197867
197868
197869
197870
197871
197873
197874
197875
197880
197882
197883
197884
197886
197887
197888
197889
197892
197893
197895
197896
197897
197898
197899
197902
197903
197904
197905
197906
197907
197910
197911
197915
197917
197918
197920
197921
197922
197926
197929
197930
197932
197933
197934
197935
197936
197937
197939
197940
197941
197942
197943
197944
197945
197947
197948
197952
197954
197956
197957
197958
197959
197960
197963
197964
197968
197970
197971
197972
197974
197975
197976
197977
197978
197979
197981
197983
197984
197985
197986
197987
197993
197994
197997
197999
198000
198001
198002
198003
198005
198007
198009
198010
198011
198012
198013
198015
198016
198017
198018
198020
198021
198022
198026
198031
198032
198033
198035
198036
198037
198040
198042
198046
198047
198048
198049
198050
198051
198053
198054
198055
198056
198061
198062
198063
198064
198065
198066
198068
198069
198070
198071
198072
198073
198075
198076
198078
198080
198083
198084
198086
198087
198088
198090
198091
198094
198096
198101
198102
198105
198106
198107
198108
198110
198112
198114
198117
198119
198121
198122
198123
198124
198125
198127
198129
198131
198132
198133
198134
198136
198137
198138
198139
198142
198143
198145
198146
198147
198148
198149
198150
198151
198152
198153
198154
198157
198158
198159
198160
198161
198162
198164
198165
198166
198170
198171
198172
198173
198174
198175
198176
198177
198180
198181
198182
198183
198184
198185
198187
198189
198190
198191
198194
198195
198196
198197
198198
198199
198200
198201
198202
198204
198205
198206
198207
198209
198211
198212
198213
198218
198219
198220
198221
198222
198223
198224
198225
198226
198227
198228
198229
198231
198232
198234
198235
198237
198239
198242
198245
198248
198249
198250
198254
198256
198257
198258
198259
198260
198261
198262
198265
198266
198267
198270
198271
198274
198275
198276
198278
198281
198283
198285
198286
198287
198288
198289
198291
198292
198295
198296
198297
198299
198300
198301
198303
198304
198305
198306
198308
198310
198311
198312
198313
198315
198316
198320
198322
198324
198325
198327
198328
198329
198330
198331
198332
198333
198335
198336
198338
198339
198340
198342
198343
198344
198345
198347
198348
198349
198351
198353
198355
198357
198358
198361
198362
198363
198364
198365
198366
198367
198368
198369
198370
198374
198376
198377
198378
198379
198381
198382
198383
198386
198387
198388
198390
198391
198395
198396
198397
198398
198402
198403
198404
198405
198406
198407
198408
198409
198410
198411
198412
198413
198414
198415
198416
198417
198418
198419
198420
198421
198423
198424
198425
198426
198427
198428
198430
198431
198432
198434
198435
198436
198437
198438
198439
198440
198441
198442
198443
198444
198445
198446
198447
198448
198449
198450
198451
198452
198453
198454
198455
198456
198457
198458
198459
198460
198461
198465
198466
198467
198468
198469
198470
198471
198472
198473
198474
198475
198476
198477
198480
198481
198482
198483
198484
198485
198486
198487
198488
198489
198490
198491
198492
198493
198494
198496
198498
198499
198500
198501
198503
198504
198506
198507
198509
198510
198512
198513
198516
198517
198518
198521
198522
198523
198524
198525
198526
198527
198528
198529
198530
198531
198532
198533
198534
198535
198538
198539
198540
198542
198544
198546
198547
198548
198549
198550
198551
198552
198554
198555
198556
198557
198558
198559
198560
198561
198562
198563
198564
198567
198568
198569
198570
198571
198572
198573
198574
198575
198582
198583
198585
198586
198587
198588
198589
198591
198592
198593
198595
198596
198600
198601
198602
198603
198605
198606
198608
198609
198610
198613
198614
198615
198616
198617
198619
198620
198621
198622
198624
198626
198627
198628
198630
198631
198635
198637
198639
198640
198641
198642
198646
198648
198650
198651
198652
198656
198659
198660
198661
198662
198663
198664
198666
198667
198670
198672
198673
198674
198675
198676
198678
198679
198680
198682
198683
198684
198685
198686
198691
198693
198694
198695
198696
198697
198698
198702
198704
198705
198707
198709
198710
198712
198713
198714
198715
198716
198717
198718
198719
198720
198721
198722
198724
198727
198728
198730
198731
198732
198733
198734
198735
198736
198738
198739
198740
198741
198742
198743
198744
198745
198747
198748
198749
198751
198752
198753
198754
198755
198756
198757
198758
198759
198760
198762
198763
198765
198766
198767
198768
198769
198772
198773
198774
198775
198776
198777
198778
198781
198783
198784
198785
198786
198787
198788
198789
198790
198791
198792
198793
198795
198796
198797
198798
198799
198800
198801
198802
198805
198808
198810
198811
198813
198814
198816
198817
198818
198819
198822
198823
198824
198825
198826
198827
198828
198829
198831
198832
198833
198834
198835
198837
198838
198839
198840
198842
198843
198846
198847
198848
198849
198850
198851
198852
198853
198854
198856
198857
198858
198859
198860
198861
198862
198863
198864
198866
198867
198868
198869
198870
198871
198872
198873
198874
198875
198876
198878
198879
198880
198881
198882
198885
198886
198887
198888
198890
198891
198892
198893
198894
198896
198897
198900
198901
198903
198904
198905
198906
198907
198908
198909
198911
198912
198914
198915
198916
198917
198919
198920
198921
198922
198923
198925
198929
198930
198931
198934
198935
198936
198937
198938
198939
198941
198942
198944
198952
198956
198957
198961
198963
198964
198965
198967
198970
198971
198972
198976
198977
198978
198979
198980
198981
198982
198983
198986
198987
198988
198991
198992
198994
198995
198996
198997
198998
199000
199001
199004
199007
199009
199012
199014
199015
199016
199017
199018
199019
199020
199021
199023
199026
199028
199029
199030
199036
199040
199042
199044
199047
199051
199054
199056
199057
199062
199063
199070
199076
199077
199081
199083
199087
199088
199089
199091
199092
199095
199097
199105
199106
199107
199109
199110
199111
199112
199115
199119
199120
199121
199122
199123
199124
199125
199126
199127
199128
199129
199131
199133
199135
199138
199139
199143
199149
199150
199158
199162
199165
199166
199167
199168
199169
199171
199172
199173
199174
199175
199178
199179
199181
199183
199187
199188
199190
199192
199193
199195
199196
199197
199199
199200
199201
199202
199203
199204
199205
199206
199207
199211
199214
199216
199217
199220
199223
199225
199240
199241
199244
199246
199247
199251
199254
199256
199259
199261
199263
199265
199267
199269
199270
199276
199280
199283
199286
199289
199290
199291
199292
199303
199311
199312
199316
199317
199318
199319
199322
199324
199327
199337
199338
199339
199352
199370
199382
199388
199389
199390
199391
199397
199400
199410
199411
199412
199420
199423
199429
199430
199432
199433
199436
199438
199442
199445
199447
199452
199454
199458
199459
199460
199462
199464
199465
199466
199468
199469
199471
199476
199482
199485
199486
199490
199491
199492
199498
199500
199501
199504
199505
199506
199508
199511
199512
199513
199514
199515
199516
199517
199518
199519
199520
199522
199523
199524
199525
199530
199531
199533
199534
199535
199545
199550
199562
199564
199566
199568
199570
199572
199573
199575
199576
199577
199578
199581
199583
199590
199594
199596
199599
199600
199601
199605
199608
199610
199611
199614
199615
199616
199617
199619
199622
199623
199624
199627
199628
199633
199634
199636
199638
199639
199650
199651
199653
199654
199658
199663
199665
199666
199668
199669
199670
199671
199672
199677
199684
199686
199687
199691
199692
199694
199695
199696
199703
199704
199706
199708
199711
199712
199714
199726
199728
199734
199735
199744
199745
199746
199750
199752
199755
199762
199764
199766
199769
199775
199776
199778
199779
199780
199784
199790
199791
199792
199793
199794
199797
199801
199802
199804
199806
199808
199810
199811
199812
199813
199814
199815
199816
199817
199818
199819
199820
199822
199823
199825
199826
199827
199829
199830
199832
199837
199844
199851
199853
199858
199864
199865
199871
199872
199874
199877
199880
199881
199882
199885
199886
199888
199889
199890
199892
199895
199898
199899
199900
199902
199910
199917
199919
199921
199923
199925
199928
199929
199930
199932
199934
199936
199939
199941
199943
199944
199945
199946
199953
199954
199960
199961
199963
199965
199970
199979
199985
199987
200020
200022
200023
200025
200026
200027
200029
200033
200037
200045
200046
200047
200048
200050
200056
200058
200060
200066
200068
200073
200074
200076
200080
200081
200082
200088
200091
200092
200096
200097
200101
200104
200106
200108
200109
200112
200117
200120
200122
200124
200125
200130
200137
200142
200145
200152
200153
200155
200158
200160
200161
200162
200164
200170
200174
200175
200176
200177
200180
200188
200197
200198
200202
200203
200204
200210
200211
200222
200224
200235
200236
200239
200240
200243
200244
200247
200248
200249
200253
200254
200255
200257
200258
200264
200266
200276
200280
200286
200287
200290
200296
200298
200299
200300
200302
200303
200304
200307
200311
200313
200316
200320
200322
200323
200324
200325
200326
200328
200331
200336
200338
200340
200354
200358
200359
200361
200362
200364
200365
200368
200369
200372
200373
200378
200381
200387
200390
200395
200400
200402
200403
200404
200407
200408
200409
200410
200413
200418
200419
200420
200428
200431
200432
200433
200434
200437
200438
200440
200443
200444
200446
200447
200449
200452
200453
200454
200455
200456
200457
200458
200459
200461
200466
200468
200473
200475
200477
200478
200482
200483
200485
200486
200489
200493
200495
200497
200498
200499
200500
200506
200511
200512
200514
200516
200519
200522
200523
200526
200527
200529
200531
200532
200533
200534
200535
200537
200539
200540
200543
200544
200545
200548
200551
200554
200557
200559
200561
200564
200567
200571
200572
200573
200574
200579
200581
200582
200592
200595
200596
200602
200603
200604
200606
200607
200608
200609
200611
200613
200617
200621
200622
200623
200625
200627
200628
200629
200630
200634
200637
200644
200646
200648
200649
200651
200652
200655
200658
200659
200665
200667
200670
200672
200673
200675
200676
200677
200679
200680
200682
200683
200687
200688
200689
200691
200692
200694
200696
200698
200699
200700
200701
200704
200705
200708
200711
200713
200714
200715
200716
200717
200719
200721
200722
200724
200725
200727
200731
200734
200735
200736
200747
200749
200751
200752
200753
200757
200758
200759
200760
200761
200762
200763
200771
200772
200773
200777
200778
200782
200784
200787
200788
200791
200792
200793
200794
200795
200796
200797
200798
200799
200800
200802
200804
200805
200806
200808
200809
200810
200812
200813
200814
200816
200817
200818
200819
200821
200822
200823
200824
200825
200826
200827
200828
200830
200832
200833
200835
200839
200841
200842
200843
200844
200845
200848
200849
200852
200854
200856
200857
200858
200859
200864
200865
200870
200871
200872
200873
200879
200886
200887
200889
200892
200894
200895
200896
200898
200901
200902
200903
200904
200906
200908
200910
200912
200913
200918
200919
200920
200921
200923
200925
200929
200931
200933
200936
200937
200938
200939
200942
200945
200946
200947
200948
200949
200950
200953
200954
200955
200957
200958
200959
200962
200964
200965
200966
200967
200969
200970
200972
200973
200974
200975
200976
200977
200978
200979
200980
200981
200982
200983
200985
200986
200987
200989
200990
200991
200992
200995
200997
200998
201000
201002
201004
201006
201008
201009
201010
201011
201012
201013
201014
201015
201016
201017
201018
201020
201021
201022
201023
201024
201025
201026
201027
201028
201029
201030
201031
201033
201035
201036
201037
201038
201041
201042
201043
201044
201045
201048
201050
201052
201053
201057
201058
201060
201062
201063
201064
201065
201067
201070
201074
201075
201076
201077
201078
201079
201081
201082
201083
201085
201088
201090
201092
201094
201095
201096
201097
201098
201100
201101
201102
201103
201105
201106
201107
201108
201109
201112
201113
201116
201117
201118
201119
201120
201121
201123
201124
201125
201127
201128
201129
201130
201131
201132
201134
201135
201136
201138
201139
201142
201143
201144
201146
201147
201148
201151
201152
201153
201154
201155
201156
201160
201162
201163
201165
201167
201169
201171
201173
201176
201177
201178
201180
201182
201184
201185
201186
201187
201190
201191
201194
201195
201199
201200
201201
201202
201203
201205
201206
201208
201209
201210
201213
201216
201217
201218
201219
201220
201221
201222
201223
201224
201225
201228
201234
201237
201240
201244
201245
201246
201247
201249
201251
201255
201257
201258
201259
201260
201261
201263
201264
201266
201267
201268
201269
201272
201273
201274
201277
201278
201281
201283
201284
201285
201286
201287
201290
201291
201292
201294
201295
201297
201299
201300
201301
201302
201305
201306
201308
201311
201313
201316
201320
201321
201324
201325
201327
201328
201329
201334
201335
201338
201339
201340
201347
201348
201349
201351
201353
201355
201356
201357
201358
201359
201360
201361
201362
201363
201365
201366
201368
201369
201372
201375
201376
201378
201383
201386
201387
201388
201391
201393
201394
201395
201396
201398
201401
201402
201407
201410
201411
201412
201413
201415
201416
201417
201419
201421
201422
201425
201428
201429
201430
201434
201436
201438
201439
201441
201442
201443
201444
201445
201446
201447
201448
201450
201451
201452
201454
201455
201456
201457
201458
201459
201460
201461
201462
201463
201464
201465
201467
201469
201471
201472
201474
201475
201477
201478
201479
201480
201481
201483
201484
201485
201487
201488
201489
201491
201492
201495
201497
201499
201500
201502
201505
201506
201508
201509
201510
201511
201512
201513
201514
201515
201517
201518
201519
201520
201521
201522
201523
201524
201525
201526
201528
201530
201531
201532
201533
201534
201535
201536
201537
201538
201541
201544
201548
201551
201552
201560
201561
201565
201566
201568
201569
201570
201571
201573
201576
201577
201579
201580
201581
201582
201583
201585
201586
201589
201591
201595
201596
201598
201602
201604
201606
201607
201609
201610
201611
201612
201615
201617
201618
201619
201621
201622
201623
201624
201626
201627
201630
201632
201634
201635
201637
201638
201639
201641
201642
201644
201647
201648
201650
201654
201655
201664
201665
201666
201667
201670
201672
201673
201674
201676
201682
201684
201689
201691
201697
201699
201701
201702
201703
201704
201705
201706
201707
201708
201709
201710
201712
201713
201715
201717
201718
201719
201720
201722
201724
201725
201726
201729
201730
201734
201735
201736
201738
201739
201740
201742
201749
201750
201751
201752
201755
201756
201757
201759
201760
201761
201762
201763
201766
201767
201768
201769
201772
201773
201776
201777
201778
201779
201782
201783
201784
201785
201786
201789
201790
201791
201793
201794
201796
201797
201798
201799
201800
201802
201804
201812
201813
201817
201818
201820
201821
201823
201824
201825
201826
201827
201828
201829
201830
201832
201833
201836
201837
201842
201843
201844
201845
201846
201848
201849
201853
201861
201870
201875
201877
201878
201879
201880
201883
201885
201887
201893
201895
201896
201897
201898
201899
201901
201904
201906
201908
201911
201913
201914
201917
201919
201920
201921
201922
201923
201924
201925
201926
201927
201928
201932
201939
201940
201943
201947
201948
201949
201955
201956
201961
201962
201963
201964
201965
201966
201967
201968
201969
201971
201973
201974
201975
201980
201981
201982
201983
201984
201985
201986
201987
201989
201990
201994
201995
201996
201997
201998
202002
202003
202007
202008
202010
202011
202015
202019
202020
202021
202022
202024
202025
202026
202027
202028
202029
202031
202032
202033
202035
202036
202037
202038
202039
202040
202048
202049
202050
202051
202052
202054
202055
202063
202064
202065
202068
202069
202070
202073
202074
202075
202082
202083
202084
202089
202091
202092
202096
202098
202100
202102
202106
202107
202108
202109
202110
202111
202112
202113
202115
202117
202118
202120
202121
202122
202123
202125
202130
202131
202132
202133
202134
202135
202136
202138
202140
202141
202142
202143
202144
202145
202146
202147
202149
202150
202152
202153
202154
202155
202156
202157
202158
202159
202160
202162
202163
202165
202167
202168
202169
202170
202171
202172
202173
202174
202176
202177
202178
202179
202180
202182
202184
202185
202186
202187
202188
202189
202190
202191
202192
202193
202194
202195
202196
202197
202198
202200
202202
202203
202204
202205
202206
202207
202208
202209
202210
202211
202213
202214
202216
202221
202222
202224
202225
202226
202227
202228
202230
202231
202233
202234
202236
202238
202239
202240
202241
202243
202244
202246
202247
202250
202252
202254
202255
202258
202259
202262
202264
202265
202266
202269
202270
202271
202272
202273
202278
202279
202280
202281
202285
202286
202287
202290
202292
202293
202294
202295
202296
202298
202299
202300
202301
202302
202304
202305
202306
202307
202308
202311
202312
202313
202314
202315
202317
202318
202319
202321
202322
202323
202324
202326
202327
202330
202331
202333
202334
202335
202336
202337
202338
202339
202341
202343
202344
202346
202347
202348
202349
202350
202351
202352
202353
202354
202355
202357
202358
202359
202360
202361
202362
202363
202367
202368
202370
202371
202373
202374
202375
202376
202377
202379
202380
202381
202382
202383
202384
202385
202386
202388
202392
202394
202395
202396
202398
202399
202402
202403
202404
202405
202406
202407
202408
202409
202415
202420
202421
202422
202424
202425
202426
202427
202428
202429
202430
202431
202432
202433
202436
202437
202438
202440
202441
202442
202443
202444
202445
202446
202447
202448
202449
202450
202453
202454
202455
202456
202457
202459
202462
202466
202468
202471
202472
202474
202476
202477
202478
202481
202482
202484
202485
202486
202487
202489
202491
202495
202499
202500
202505
202508
202513
202514
202515
202517
202522
202523
202524
202525
202527
202528
202530
202531
202534
202535
202536
202538
202539
202542
202543
202546
202548
202549
202550
202553
202554
202555
202556
202559
202560
202563
202566
202567
202568
202569
202570
202574
202575
202578
202579
202580
202581
202584
202586
202588
202589
202590
202591
202594
202596
202599
202601
202602
202603
202604
202605
202606
202608
202617
202620
202622
202623
202624
202625
202626
202628
202629
202632
202635
202637
202641
202642
202643
202646
202647
202648
202649
202650
202651
202653
202654
202656
202657
202658
202661
202662
202663
202664
202666
202667
202668
202669
202670
202672
202673
202674
202675
202676
202677
202679
202681
202683
202684
202685
202686
202687
202688
202690
202692
202695
202699
202700
202701
202702
202703
202704
202705
202706
202708
202710
202711
202713
202714
202715
202716
202717
202718
202719
202720
202722
202723
202724
202725
202726
202729
202730
202732
202733
202734
202735
202738
202741
202742
202744
202746
202747
202748
202750
202751
202752
202753
202754
202760
202763
202764
202765
202767
202769
202770
202772
202774
202777
202783
202792
202793
202794
202795
202799
202803
202807
202809
202810
202811
202813
202822
202828
202829
202830
202831
202833
202835
202836
202838
202841
202842
202846
202847
202848
202849
202850
202856
202857
202860
202873
202878
202880
202882
202884
202888
202893
202895
202898
202899
202903
202905
202906
202907
202908
202912
202917
202920
202926
202928
202930
202931
202936
202937
202941
202945
202948
202950
202952
202954
202956
202963
202966
202967
202974
202981
202982
202986
202987
202990
202993
202994
202995
203004
203005
203014
203015
203020
203023
203024
203029
203037
203038
203041
203043
203045
203049
203051
203055
203057
203058
203060
203064
203065
203067
203073
203074
203075
203076
203080
203081
203082
203084
203085
203086
203089
203090
203092
203093
203095
203097
203098
203099
203100
203104
203105
203106
203107
203112
203113
203115
203116
203119
203121
203122
203123
203125
203126
203127
203128
203129
203130
203131
203132
203135
203136
203137
203142
203143
203145
203146
203147
203148
203149
203150
203151
203152
203153
203154
203157
203158
203160
203161
203166
203167
203168
203169
203170
203171
203174
203176
203177
203178
203179
203180
203182
203184
203185
203186
203187
203189
203190
203191
203201
203202
203206
203209
203213
203214
203216
203217
203220
203221
203222
203224
203226
203227
203228
203229
203231
203232
203234
203235
203236
203237
203238
203239
203240
203241
203243
203244
203245
203247
203248
203249
203250
203251
203252
203254
203255
203256
203257
203259
203260
203261
203262
203264
203265
203268
203269
203272
203273
203274
203277
203278
203279
203280
203281
203282
203283
203284
203285
203286
203288
203289
203290
203291
203292
203293
203295
203296
203299
203301
203302
203303
203304
203305
203306
203307
203309
203310
203311
203312
203315
203318
203319
203322
203324
203325
203326
203330
203333
203334
203335
203337
203339
203340
203341
203342
203344
203347
203349
203350
203352
203353
203354
203355
203356
203358
203359
203362
203363
203364
203365
203369
203371
203373
203374
203375
203376
203377
203380
203381
203383
203386
203388
203389
203391
203392
203393
203394
203395
203396
203397
203398
203399
203402
203403
203406
203409
203411
203412
203413
203414
203415
203416
203417
203418
203419
203420
203421
203422
203423
203424
203425
203426
203427
203429
203430
203431
203432
203434
203435
203437
203438
203439
203440
203441
203442
203443
203444
203446
203447
203448
203449
203450
203451
203452
203455
203456
203457
203459
203460
203461
203462
203464
203466
203467
203468
203470
203471
203472
203473
203474
203475
203478
203480
203482
203483
203487
203488
203489
203490
203491
203492
203493
203495
203496
203499
203501
203502
203504
203506
203509
203513
203514
203515
203516
203517
203520
203522
203523
203525
203526
203527
203528
203529
203530
203531
203532
203534
203535
203536
203538
203539
203541
203542
203543
203544
203547
203548
203549
203550
203551
203552
203553
203554
203555
203556
203558
203560
203561
203562
203563
203565
203566
203567
203570
203571
203572
203573
203574
203576
203577
203581
203582
203583
203584
203585
203586
203587
203588
203590
203591
203592
203593
203594
203595
203596
203598
203599
203600
203601
203602
203603
203604
203605
203606
203608
203609
203610
203611
203613
203614
203615
203616
203617
203618
203619
203620
203621
203622
203623
203624
203626
203627
203630
203631
203632
203633
203635
203638
203639
203640
203643
203644
203645
203646
203647
203648
203650
203652
203654
203655
203657
203658
203659
203660
203661
203662
203663
203664
203665
203666
203667
203668
203669
203671
203673
203674
203675
203676
203677
203678
203679
203680
203681
203682
203683
203684
203685
203686
203687
203688
203689
203690
203691
203692
203693
203694
203695
203696
203697
203699
203700
203701
203706
203709
203710
203712
203713
203714
203716
203717
203718
203719
203721
203723
203725
203726
203727
203728
203729
203730
203732
203733
203734
203736
203737
203738
203739
203740
203741
203742
203743
203744
203745
203746
203747
203748
203749
203750
203751
203752
203753
203754
203755
203756
203757
203758
203759
203760
203761
203762
203763
203764
203765
203766
203767
203768
203770
203771
203772
203773
203774
203775
203777
203779
203781
203782
203784
203785
203786
203787
203789
203790
203792
203794
203796
203798
203799
203800
203801
203802
203803
203808
203809
203810
203813
203814
203815
203816
203817
203818
203819
203820
203821
203822
203823
203824
203827
203828
203833
203835
203836
203837
203839
203840
203843
203845
203847
203848
203849
203850
203851
203852
203855
203856
203857
203858
203860
203862
203863
203864
203865
203866
203868
203869
203870
203872
203873
203874
203876
203877
203878
203880
203881
203882
203883
203885
203886
203887
203889
203890
203892
203893
203894
203896
203898
203899
203900
203901
203903
203904
203905
203907
203909
203910
203912
203915
203916
203917
203918
203919
203920
203921
203922
203923
203924
203926
203927
203928
203930
203931
203932
203933
203934
203935
203936
203937
203939
203940
203941
203942
203943
203945
203946
203947
203948
203949
203950
203951
203952
203953
203954
203955
203957
203958
203959
203960
203961
203962
203963
203965
203966
203970
203972
203974
203975
203976
203977
203978
203979
203980
203981
203982
203983
203987
203988
203989
203990
203991
203992
203994
203998
203999
204000
204001
204002
204003
204004
204005
204007
204009
204010
204011
204012
204013
204014
204015
204016
204017
204020
204021
204022
204023
204025
204026
204027
204028
204029
204030
204031
204032
204033
204034
204035
204036
204037
204038
204039
204040
204041
204042
204043
204044
204045
204047
204049
204050
204053
204055
204056
204057
204058
204060
204061
204062
204064
204065
204066
204067
204070
204071
204072
204073
204074
204076
204077
204080
204081
204083
204084
204085
204086
204087
204090
204091
204093
204094
204095
204096
204097
204099
204102
204104
204106
204107
204108
204109
204110
204111
204112
204113
204114
204115
204116
204117
204119
204121
204122
204123
204124
204125
204126
204127
204128
204129
204130
204131
204132
204133
204134
204135
204136
204137
204138
204141
204142
204143
204144
204145
204146
204148
204149
204150
204151
204153
204154
204157
204158
204159
204160
204162
204164
204165
204166
204167
204168
204169
204170
204172
204173
204174
204175
204176
204177
204178
204179
204180
204181
204182
204185
204186
204187
204188
204189
204190
204191
204192
204193
204194
204195
204196
204197
204199
204200
204201
204202
204203
204204
204205
204206
204207
204208
204212
204213
204214
204217
204218
204219
204221
204222
204223
204226
204227
204228
204233
204236
204237
204238
204240
204241
204242
204243
204244
204246
204247
204248
204249
204250
204252
204253
204254
204255
204256
204257
204258
204260
204261
204263
204264
204265
204266
204269
204270
204271
204272
204273
204275
204276
204277
204279
204280
204282
204285
204288
204289
204290
204291
204292
204295
204296
204297
204301
204303
204304
204305
204306
204311
204312
204315
204317
204318
204319
204321
204322
204323
204324
204325
204326
204327
204328
204329
204330
204331
204332
204333
204334
204335
204336
204340
204342
204344
204345
204346
204347
204348
204349
204351
204353
204354
204355
204356
204357
204358
204359
204360
204362
204363
204364
204365
204366
204367
204368
204369
204370
204371
204372
204373
204374
204375
204377
204378
204379
204381
204382
204385
204386
204388
204389
204390
204391
204392
204393
204395
204396
204400
204401
204402
204404
204405
204406
204407
204408
204409
204410
204411
204412
204413
204415
204416
204417
204419
204421
204422
204423
204424
204425
204427
204429
204430
204432
204434
204435
204436
204437
204439
204440
204441
204442
204443
204444
204445
204446
204447
204449
204450
204451
204452
204453
204454
204455
204456
204457
204458
204460
204462
204463
204464
204465
204466
204467
204471
204473
204474
204477
204479
204480
204481
204482
204484
204486
204488
204490
204491
204493
204494
204495
204496
204497
204498
204499
204500
204501
204502
204503
204505
204506
204507
204509
204510
204511
204512
204513
204514
204515
204517
204519
204520
204521
204522
204523
204524
204525
204526
204527
204528
204529
204530
204533
204536
204537
204538
204539
204540
204541
204543
204544
204546
204547
204548
204550
204552
204554
204556
204557
204558
204559
204560
204561
204562
204563
204564
204565
204566
204567
204568
204569
204570
204571
204573
204574
204575
204576
204578
204579
204580
204581
204583
204584
204585
204587
204589
204590
204591
204592
204593
204594
204596
204597
204598
204599
204601
204602
204603
204606
204609
204610
204611
204612
204613
204615
204616
204619
204620
204621
204622
204624
204625
204626
204627
204629
204630
204631
204632
204633
204634
204635
204637
204638
204639
204640
204641
204643
204644
204648
204650
204651
204652
204653
204654
204656
204657
204658
204659
204660
204661
204662
204663
204664
204665
204666
204667
204668
204669
204670
204672
204673
204674
204675
204676
204677
204678
204679
204680
204681
204682
204684
204686
204688
204689
204690
204691
204692
204693
204695
204697
204698
204699
204700
204701
204702
204703
204704
204705
204707
204708
204709
204710
204711
204712
204713
204714
204715
204717
204719
204720
204723
204724
204725
204726
204729
204730
204731
204733
204734
204735
204736
204737
204739
204742
204743
204747
204748
204749
204750
204751
204752
204753
204754
204755
204756
204758
204760
204763
204764
204765
204766
204771
204772
204775
204776
204777
204779
204780
204782
204783
204784
204785
204787
204788
204789
204791
204792
204794
204795
204796
204797
204799
204800
204801
204803
204805
204806
204807
204808
204810
204811
204812
204813
204814
204815
204817
204818
204819
204820
204821
204822
204823
204824
204825
204826
204827
204829
204830
204831
204832
204833
204834
204835
204836
204837
204838
204839
204841
204842
204843
204844
204845
204847
204848
204850
204851
204852
204853
204854
204855
204856
204857
204858
204859
204860
204861
204862
204863
204864
204865
204866
204867
204868
204870
204871
204872
204873
204874
204875
204876
204877
204878
204880
204881
204882
204883
204884
204885
204886
204887
204888
204889
204890
204891
204892
204893
204894
204895
204896
204898
204899
204900
204901
204903
204904
204905
204906
204907
204909
204910
204911
204912
204913
204914
204915
204916
204917
204918
204919
204920
204922
204923
204924
204925
204926
204927
204928
204930
204931
204932
204933
204934
204935
204936
204938
204939
204940
204941
204943
204944
204945
204946
204947
204948
204949
204950
204951
204952
204953
204954
204955
204956
204957
204958
204959
204960
204962
204964
204965
204966
204967
204969
204970
204971
204972
204973
204974
204976
204977
204980
204981
204982
204983
204984
204986
204988
204989
204990
204993
204994
204995
204996
204997
205000
205001
205002
205003
205004
205005
205006
205007
205008
205010
205011
205012
205013
205014
205017
205018
205020
205021
205022
205023
205024
205025
205027
205028
205029
205031
205032
205033
205034
205035
205036
205037
205039
205040
205042
205043
205044
205045
205047
205048
205050
205051
205053
205054
205055
205056
205057
205058
205059
205060
205062
205064
205065
205067
205068
205070
205071
205072
205073
205074
205075
205076
205078
205079
205081
205084
205085
205086
205087
205088
205090
205092
205093
205094
205095
205097
205098
205099
205101
205104
205105
205106
205107
205110
205111
205113
205114
205115
205116
205119
205121
205122
205123
205124
205125
205126
205127
205128
205129
205130
205131
205132
205133
205134
205135
205137
205138
205139
205140
205141
205142
205143
205144
205145
205147
205151
205153
205154
205155
205156
205157
205158
205159
205161
205162
205163
205164
205165
205168
205169
205170
205172
205173
205174
205175
205176
205177
205178
205179
205180
205181
205182
205185
205186
205188
205189
205192
205193
205194
205195
205196
205197
205198
205199
205200
205201
205203
205205
205206
205207
205208
205209
205210
205211
205212
205214
205215
205216
205217
205218
205219
205220
205221
205222
205224
205225
205226
205227
205228
205229
205231
205233
205234
205235
205236
205237
205238
205239
205240
205241
205243
205244
205245
205247
205248
205249
205252
205253
205254
205255
205257
205259
205260
205261
205264
205265
205266
205267
205269
205270
205272
205273
205275
205276
205277
205278
205280
205282
205283
205284
205285
205287
205288
205289
205290
205291
205292
205293
205294
205296
205297
205299
205301
205302
205303
205304
205306
205307
205308
205309
205310
205312
205314
205316
205317
205318
205319
205322
205323
205325
205329
205330
205331
205332
205334
205335
205336
205337
205338
205340
205341
205342
205343
205344
205348
205349
205350
205351
205352
205353
205354
205355
205357
205359
205360
205361
205362
205366
205367
205368
205369
205372
205374
205376
205378
205379
205381
205382
205383
205385
205387
205388
205389
205390
205392
205393
205394
205395
205396
205398
205400
205401
205402
205403
205404
205406
205407
205408
205409
205410
205411
205412
205413
205415
205416
205419
205420
205421
205422
205423
205424
205425
205426
205427
205429
205430
205431
205432
205433
205434
205435
205436
205437
205438
205439
205440
205441
205442
205443
205444
205445
205446
205447
205448
205449
205450
205451
205452
205453
205454
205456
205457
205458
205461
205462
205463
205464
205465
205467
205468
205469
205470
205471
205472
205473
205474
205476
205477
205478
205479
205480
205481
205482
205483
205484
205485
205486
205487
205489
205490
205491
205492
205493
205494
205495
205496
205497
205498
205499
205501
205502
205503
205504
205505
205506
205507
205508
205509
205510
205511
205512
205513
205515
205516
205517
205519
205521
205523
205524
205526
205528
205529
205532
205533
205534
205535
205536
205539
205540
205542
205543
205544
205546
205548
205549
205550
205551
205552
205553
205555
205556
205557
205560
205561
205562
205563
205565
205567
205568
205571
205572
205575
205579
205580
205582
205583
205584
205585
205586
205588
205589
205590
205591
205592
205593
205594
205595
205596
205597
205598
205599
205602
205604
205605
205606
205608
205609
205611
205612
205613
205617
205619
205620
205621
205622
205624
205625
205626
205629
205631
205632
205633
205634
205635
205636
205637
205640
205642
205643
205644
205645
205646
205648
205649
205650
205652
205653
205654
205655
205657
205658
205659
205660
205663
205664
205665
205666
205668
205669
205670
205671
205672
205673
205677
205678
205679
205682
205685
205686
205687
205688
205696
205699
205700
205701
205702
205705
205706
205708
205709
205710
205711
205713
205715
205716
205718
205719
205721
205724
205727
205730
205733
205734
205741
205744
205746
205748
205749
205752
205753
205754
205756
205758
205765
205770
205771
205773
205774
205775
205776
205777
205778
205781
205782
205783
205784
205785
205786
205787
205788
205789
205794
205796
205797
205798
205799
205800
205802
205804
205806
205808
205809
205811
205812
205814
205815
205817
205818
205820
205821
205822
205823
205824
205826
205827
205829
205832
205833
205835
205836
205837
205838
205839
205840
205841
205842
205844
205845
205846
205847
205848
205849
205851
205853
205854
205855
205856
205857
205858
205859
205860
205861
205862
205863
205864
205865
205867
205869
205870
205871
205872
205873
205874
205875
205876
205877
205878
205879
205880
205881
205882
205884
205888
205889
205891
205892
205895
205896
205898
205899
205900
205902
205904
205906
205908
205912
205914
205915
205920
205924
205926
205928
205930
205931
205932
205933
205935
205936
205937
205938
205939
205940
205942
205943
205944
205945
205946
205947
205949
205950
205951
205952
205953
205954
205955
205956
205957
205958
205961
205962
205963
205964
205966
205968
205970
205972
205973
205975
205976
205977
205978
205979
205980
205981
205984
205985
205986
205987
205988
205990
205992
205994
205997
205998
205999
206001
206002
206004
206005
206006
206007
206008
206009
206011
206012
206013
206014
206015
206016
206017
206018
206019
206020
206021
206022
206023
206025
206026
206027
206028
206029
206031
206033
206036
206037
206039
206040
206041
206043
206045
206046
206048
206049
206050
206051
206053
206055
206058
206059
206060
206061
206062
206063
206064
206066
206067
206068
206070
206071
206073
206074
206075
206076
206078
206079
206080
206081
206082
206084
206085
206086
206087
206088
206089
206090
206091
206092
206093
206094
206095
206096
206098
206099
206100
206102
206103
206104
206105
206106
206107
206108
206109
206112
206113
206115
206117
206118
206119
206120
206121
206122
206123
206124
206125
206126
206127
206128
206129
206130
206132
206133
206134
206135
206136
206137
206138
206139
206140
206141
206142
206143
206144
206145
206146
206148
206149
206150
206151
206152
206153
206154
206156
206157
206158
206159
206162
206163
206165
206166
206167
206168
206169
206170
206171
206172
206173
206174
206175
206176
206177
206178
206179
206181
206182
206183
206184
206185
206186
206187
206188
206189
206190
206191
206192
206193
206194
206195
206196
206197
206198
206199
206200
206201
206204
206205
206206
206207
206210
206211
206212
206213
206214
206215
206219
206220
206221
206222
206223
206224
206228
206229
206233
206235
206236
206237
206238
206239
206241
206242
206243
206245
206246
206247
206249
206250
206251
206252
206253
206255
206256
206258
206260
206264
206265
206266
206267
206268
206269
206271
206273
206276
206277
206278
206280
206283
206284
206287
206289
206290
206291
206292
206293
206296
206297
206300
206301
206302
206305
206306
206307
206309
206310
206313
206314
206315
206316
206317
206318
206319
206320
206322
206323
206324
206325
206326
206328
206329
206332
206333
206334
206335
206338
206340
206342
206343
206344
206345
206346
206347
206348
206351
206352
206353
206354
206355
206356
206357
206359
206360
206362
206364
206365
206367
206368
206369
206372
206374
206377
206378
206379
206381
206383
206384
206385
206387
206388
206389
206390
206391
206392
206393
206394
206395
206397
206399
206400
206401
206402
206403
206404
206406
206410
206411
206412
206413
206414
206415
206416
206417
206418
206419
206421
206422
206424
206425
206426
206427
206428
206429
206430
206431
206432
206433
206434
206437
206438
206439
206440
206441
206442
206443
206444
206445
206446
206447
206449
206450
206451
206452
206453
206455
206457
206458
206459
206460
206461
206463
206464
206465
206467
206468
206470
206472
206473
206474
206475
206476
206477
206478
206479
206480
206481
206482
206483
206484
206486
206488
206491
206492
206494
206495
206496
206497
206498
206499
206500
206501
206502
206503
206504
206505
206506
206507
206508
206509
206510
206511
206512
206513
206514
206515
206516
206517
206518
206519
206520
206521
206522
206523
206525
206526
206527
206528
206529
206531
206532
206536
206537
206538
206539
206540
206541
206542
206543
206545
206546
206548
206549
206550
206551
206553
206555
206556
206558
206560
206561
206562
206565
206566
206569
206571
206572
206573
206576
206580
206584
206585
206586
206587
206588
206589
206591
206592
206598
206603
206606
206607
206608
206610
206611
206614
206615
206617
206618
206621
206622
206623
206626
206627
206628
206632
206640
206641
206642
206644
206645
206646
206648
206652
206655
206658
206659
206661
206662
206664
206665
206666
206667
206668
206670
206675
206678
206680
206682
206687
206688
206690
206696
206701
206704
206709
206714
206717
206718
206719
206720
206721
206722
206723
206726
206728
206729
206730
206731
206732
206735
206736
206740
206741
206743
206744
206746
206749
206750
206755
206757
206758
206761
206762
206763
206764
206766
206772
206775
206776
206777
206778
206779
206780
206781
206784
206785
206786
206789
206791
206794
206800
206804
206807
206808
206811
206814
206815
206816
206818
206821
206822
206823
206825
206826
206827
206831
206832
206833
206837
206838
206839
206840
206841
206842
206843
206844
206845
206847
206848
206850
206851
206852
206853
206854
206855
206856
206859
206861
206863
206865
206867
206868
206873
206874
206875
206877
206880
206882
206883
206884
206887
206896
206898
206900
206907
206908
206911
206919
206924
206925
206928
206931
206940
206941
206943
206951
206953
206956
206961
206962
206963
206966
206967
206968
206970
206972
206974
206975
206978
206986
206987
206988
206995
207001
207005
207010
207017
207035
207039
207040
207062
207066
207073
207081
207083
207085
207086
207088
207089
207090
207091
207094
207095
207096
207102
207104
207109
207114
207116
207117
207119
207123
207132
207133
207141
207142
207143
207154
207155
207160
207162
207164
207165
207166
207167
207168
207169
207172
207176
207179
207180
207181
207182
207183
207184
207186
207202
207205
207206
207209
207213
207215
207219
207221
207222
207224
207226
207228
207230
207239
207241
207243
207244
207245
207246
207247
207248
207250
207251
207253
207254
207255
207258
207259
207261
207269
207272
207281
207284
207289
207290
207292
207299
207307
207308
207310
207315
207316
207317
207322
207323
207326
207327
207334
207337
207339
207340
207342
207349
207350
207355
207356
207360
207361
207362
207372
207376
207384
207386
207393
207394
207396
207397
207398
207401
207405
207409
207410
207412
207413
207414
207415
207416
207417
207418
207419
207420
207423
207427
207428
207429
207430
207432
207440
207441
207442
207443
207444
207445
207446
207447
207452
207454
207456
207457
207463
207464
207465
207466
207467
207471
207472
207474
207476
207477
207482
207483
207484
207487
207489
207495
207502
207505
207514
207515
207516
207519
207522
207523
207524
207530
207531
207532
207536
207537
207538
207539
207544
207545
207548
207549
207550
207552
207556
207562
207563
207565
207568
207572
207574
207575
207576
207577
207579
207580
207582
207585
207586
207587
207592
207594
207595
207597
207607
207610
207613
207615
207636
207640
207643
207645
207646
207656
207662
207665
207673
207676
207678
207682
207685
207686
207688
207691
207692
207694
207697
207701
207704
207706
207709
207711
207713
207720
207721
207726
207727
207730
207731
207736
207738
207740
207741
207758
207759
207761
207762
207769
207774
207775
207778
207784
207785
207786
207789
207793
207801
207803
207806
207809
207810
207811
207812
207814
207817
207818
207820
207821
207822
207823
207824
207826
207827
207830
207831
207833
207835
207841
207847
207849
207850
207853
207854
207859
207862
207864
207866
207867
207870
207878
207879
207892
207893
207894
207897
207898
207900
207901
207902
207907
207908
207911
207914
207915
207916
207919
207925
207928
207930
207932
207936
207938
207940
207945
207946
207949
207950
207951
207958
207963
207965
207970
207971
207972
207975
207977
207982
207985
207989
207997
208004
208005
208007
208008
208009
208019
208023
208028
208032
208038
208039
208040
208046
208047
208053
208054
208056
208057
208058
208063
208064
208066
208071
208073
208077
208079
208080
208083
208084
208086
208087
208088
208089
208090
208095
208097
208099
208100
208102
208103
208104
208105
208107
208108
208109
208113
208114
208116
208117
208118
208123
208125
208126
208127
208128
208131
208136
208139
208143
208147
208149
208150
208154
208156
208158
208161
208164
208166
208169
208171
208176
208177
208178
208181
208182
208184
208185
208187
208189
208190
208194
208195
208196
208200
208201
208202
208203
208211
208213
208216
208220
208221
208229
208231
208232
208240
208242
208243
208244
208245
208249
208251
208252
208254
208256
208265
208267
208268
208269
208274
208276
208278
208290
208291
208293
208294
208295
208296
208297
208302
208303
208309
208310
208315
208316
208317
208318
208323
208325
208329
208330
208331
208335
208337
208342
208343
208346
208347
208348
208352
208353
208354
208355
208356
208359
208361
208362
208363
208364
208366
208371
208375
208376
208378
208382
208383
208384
208386
208387
208388
208391
208393
208394
208398
208405
208407
208409
208411
208412
208414
208415
208416
208419
208420
208421
208422
208423
208424
208426
208427
208428
208430
208431
208432
208434
208436
208437
208438
208440
208441
208442
208443
208445
208447
208448
208449
208451
208452
208453
208454
208455
208456
208457
208459
208460
208461
208463
208464
208466
208467
208468
208470
208472
208473
208474
208475
208476
208478
208481
208482
208483
208484
208485
208486
208488
208489
208490
208492
208497
208498
208499
208500
208501
208506
208507
208508
208514
208516
208517
208519
208520
208521
208522
208523
208534
208535
208536
208537
208539
208541
208542
208543
208544
208545
208546
208548
208552
208553
208555
208556
208558
208560
208562
208567
208568
208570
208571
208572
208576
208577
208578
208580
208581
208583
208584
208585
208586
208587
208588
208589
208590
208591
208592
208594
208595
208597
208600
208601
208602
208603
208604
208605
208607
208608
208609
208612
208613
208615
208617
208619
208620
208621
208622
208623
208624
208625
208626
208627
208628
208629
208630
208631
208636
208639
208640
208641
208645
208646
208647
208648
208649
208650
208651
208652
208655
208656
208657
208658
208659
208660
208661
208662
208663
208664
208665
208667
208668
208670
208671
208673
208674
208675
208676
208677
208679
208680
208682
208684
208685
208686
208687
208689
208690
208691
208692
208693
208694
208695
208697
208698
208699
208700
208702
208703
208704
208705
208707
208708
208710
208712
208713
208714
208715
208716
208717
208720
208722
208724
208725
208726
208727
208728
208729
208730
208731
208732
208733
208734
208736
208737
208738
208740
208741
208742
208744
208745
208746
208747
208749
208750
208751
208754
208755
208758
208762
208763
208764
208765
208766
208767
208768
208769
208773
208774
208775
208779
208780
208782
208784
208785
208787
208788
208789
208790
208792
208793
208794
208796
208797
208798
208799
208801
208806
208807
208809
208810
208811
208812
208813
208815
208817
208819
208820
208823
208824
208825
208826
208828
208829
208830
208833
208834
208836
208837
208839
208840
208841
208842
208843
208844
208845
208848
208850
208851
208853
208854
208855
208857
208863
208865
208867
208868
208870
208871
208872
208873
208875
208876
208878
208880
208883
208889
208890
208892
208893
208897
208898
208901
208907
208908
208909
208910
208913
208914
208916
208917
208918
208919
208922
208923
208924
208925
208926
208928
208929
208934
208936
208937
208938
208939
208940
208942
208944
208946
208947
208948
208951
208952
208956
208957
208959
208961
208962
208965
208966
208968
208970
208979
208980
208981
208984
208985
208986
208990
208996
208999
209000
209003
209004
209006
209007
209008
209009
209012
209013
209014
209015
209017
209018
209019
209020
209022
209023
209024
209028
209030
209031
209032
209034
209035
209037
209039
209042
209043
209044
209046
209048
209050
209052
209054
209057
209058
209060
209061
209065
209066
209067
209073
209077
209079
209081
209082
209083
209084
209089
209092
209093
209094
209096
209097
209098
209100
209101
209102
209104
209105
209107
209108
209109
209110
209111
209112
209113
209115
209125
209128
209129
209130
209131
209132
209133
209134
209136
209137
209138
209139
209141
209142
209143
209144
209146
209149
209150
209151
209152
209153
209154
209155
209158
209159
209160
209162
209164
209165
209166
209167
209168
209169
209173
209174
209175
209177
209178
209179
209180
209181
209183
209184
209185
209186
209187
209189
209192
209195
209197
209198
209199
209201
209205
209209
209211
209217
209218
209219
209220
209221
209222
209224
209226
209227
209230
209231
209234
209235
209238
209239
209240
209243
209245
209246
209247
209248
209249
209256
209257
209258
209259
209260
209261
209265
209266
209268
209269
209270
209271
209272
209275
209279
209282
209284
209286
209288
209289
209291
209292
209294
209295
209297
209303
209304
209310
209311
209314
209315
209316
209318
209320
209323
209324
209325
209328
209331
209332
209336
209341
209344
209346
209347
209352
209353
209354
209355
209357
209358
209359
209360
209366
209368
209369
209372
209374
209375
209376
209379
209380
209381
209385
209386
209390
209392
209394
209395
209398
209399
209401
209405
209407
209408
209409
209411
209415
209416
209417
209418
209420
209423
209426
209428
209430
209431
209433
209434
209435
209436
209437
209440
209441
209442
209443
209444
209446
209447
209448
209452
209454
209455
209457
209458
209462
209463
209466
209468
209469
209473
209474
209478
209481
209483
209485
209486
209487
209490
209491
209492
209493
209494
209495
209497
209510
209511
209512
209517
209522
209524
209527
209531
209535
209536
209537
209539
209544
209545
209546
209548
209549
209551
209554
209556
209557
209559
209563
209565
209566
209568
209571
209572
209573
209574
209575
209577
209579
209582
209584
209586
209587
209590
209591
209592
209594
209596
209600
209604
209606
209609
209611
209612
209613
209614
209615
209616
209617
209619
209621
209625
209627
209628
209629
209630
209631
209633
209634
209635
209636
209637
209638
209639
209641
209644
209645
209647
209648
209652
209653
209654
209656
209657
209658
209659
209664
209665
209669
209671
209672
209674
209676
209677
209681
209682
209683
209685
209686
209687
209688
209689
209698
209699
209700
209701
209704
209706
209709
209711
209712
209713
209714
209715
209717
209719
209724
209728
209733
209738
209741
209747
209748
209754
209756
209757
209760
209761
209762
209765
209767
209768
209769
209770
209772
209773
209774
209780
209781
209784
209785
209786
209787
209788
209789
209791
209792
209793
209794
209795
209796
209797
209799
209802
209805
209806
209807
209808
209809
209810
209812
209814
209816
209817
209819
209821
209822
209823
209824
209825
209826
209827
209829
209832
209833
209834
209835
209836
209837
209838
209839
209840
209841
209844
209845
209846
209848
209849
209850
209852
209853
209854
209855
209857
209858
209859
209860
209862
209864
209866
209867
209870
209871
209872
209875
209876
209877
209878
209879
209880
209881
209884
209885
209886
209887
209888
209889
209891
209892
209893
209894
209895
209896
209899
209900
209901
209902
209903
209904
209907
209908
209909
209910
209911
209912
209914
209915
209916
209919
209920
209921
209922
209923
209928
209929
209930
209931
209933
209934
209935
209936
209937
209938
209939
209940
209941
209942
209944
209945
209946
209948
209949
209951
209952
209953
209954
209955
209956
209958
209963
209964
209966
209967
209968
209969
209970
209971
209972
209973
209974
209975
209976
209977
209980
209981
209982
209983
209985
209986
209987
209988
209989
209990
209992
209994
209995
209996
209997
209999
210001
210003
210004
210005
210006
210007
210008
210009
210010
210011
210012
210013
210014
210015
210016
210019
210020
210023
210024
210027
210029
210031
210032
210033
210034
210035
210036
210038
210039
210040
210041
210042
210043
210045
210046
210048
210049
210050
210051
210052
210053
210054
210055
210056
210058
210059
210060
210061
210062
210063
210066
210067
210072
210074
210075
210076
210077
210078
210079
210080
210081
210082
210083
210087
210088
210089
210090
210091
210092
210093
210094
210095
210097
210098
210100
210103
210105
210106
210107
210109
210110
210111
210112
210114
210116
210118
210119
210120
210124
210125
210128
210129
210132
210134
210135
210136
210137
210139
210141
210142
210143
210145
210148
210151
210157
210161
210163
210165
210166
210167
210170
210172
210174
210176
210178
210180
210181
210182
210183
210184
210186
210188
210189
210191
210194
210196
210198
210200
210202
210203
210204
210207
210208
210209
210211
210216
210217
210221
210222
210223
210224
210225
210226
210227
210228
210229
210230
210232
210234
210236
210237
210238
210239
210240
210241
210243
210244
210245
210246
210247
210249
210250
210251
210252
210254
210255
210256
210259
210264
210265
210266
210270
210271
210273
210275
210276
210279
210282
210284
210285
210286
210288
210292
210293
210297
210298
210300
210305
210307
210308
210312
210313
210314
210315
210317
210318
210319
210320
210321
210322
210323
210324
210325
210326
210327
210328
210329
210332
210334
210335
210336
210337
210338
210340
210341
210343
210344
210351
210352
210353
210354
210355
210356
210358
210360
210361
210363
210365
210366
210369
210370
210373
210374
210375
210378
210379
210380
210381
210384
210388
210389
210390
210391
210392
210393
210395
210399
210400
210402
210404
210406
210410
210411
210413
210416
210417
210419
210421
210422
210423
210425
210426
210427
210428
210430
210432
210433
210434
210436
210437
210440
210441
210446
210454
210455
210456
210457
210458
210462
210463
210465
210468
210469
210471
210478
210479
210480
210483
210487
210489
210495
210497
210500
210502
210504
210508
210509
210510
210518
210519
210520
210528
210534
210539
210545
210547
210548
210549
210553
210557
210558
210562
210563
210566
210570
210575
210576
210579
210581
210586
210588
210601
210602
210604
210607
210616
210617
210623
210624
210627
210628
210630
210631
210632
210634
210635
210636
210637
210640
210643
210648
210654
210655
210656
210662
210665
210669
210674
210676
210678
210688
210690
210691
210701
210706
210708
210710
210712
210714
210720
210721
210724
210725
210732
210733
210734
210735
210737
210740
210741
210743
210747
210748
210749
210751
210753
210756
210757
210759
210762
210763
210765
210766
210767
210768
210769
210770
210772
210773
210774
210775
210776
210777
210778
210779
210780
210782
210783
210785
210786
210787
210788
210789
210790
210791
210792
210793
210794
210795
210796
210797
210798
210799
210800
210802
210803
210804
210805
210807
210808
210809
210810
210815
210818
210819
210820
210821
210822
210823
210825
210826
210827
210828
210829
210831
210832
210833
210834
210835
210836
210837
210838
210839
210841
210844
210848
210850
210852
210855
210856
210857
210859
210861
210863
210864
210865
210866
210868
210874
210876
210877
210878
210879
210881
210883
210885
210889
210890
210891
210892
210894
210895
210896
210897
210898
210899
210902
210904
210905
210907
210910
210911
210912
210913
210915
210916
210918
210921
210922
210923
210924
210926
210928
210931
210933
210934
210935
210936
210937
210938
210939
210942
210943
210945
210946
210947
210948
210951
210952
210954
210955
210956
210957
210958
210959
210960
210962
210963
210964
210965
210966
210967
210968
210970
210971
210973
210974
210976
210977
210980
210981
210984
210985
210986
210987
210988
210989
210990
210991
210995
210997
210998
210999
211001
211002
211003
211004
211005
211006
211007
211008
211012
211013
211014
211019
211021
211022
211023
211024
211025
211026
211027
211029
211030
211032
211033
211035
211036
211037
211038
211039
211040
211042
211043
211044
211046
211047
211048
211049
211050
211051
211052
211053
211054
211058
211059
211060
211061
211062
211064
211065
211066
211067
211068
211069
211070
211072
211073
211074
211076
211080
211081
211082
211083
211084
211085
211086
211089
211090
211091
211093
211094
211095
211096
211098
211099
211101
211104
211105
211106
211107
211109
211113
211115
211116
211117
211119
211120
211121
211123
211124
211126
211127
211128
211131
211132
211133
211135
211137
211138
211139
211140
211142
211143
211146
211147
211150
211151
211152
211156
211159
211163
211164
211165
211166
211167
211168
211170
211171
211172
211173
211174
211175
211176
211177
211178
211179
211180
211182
211183
211184
211185
211186
211187
211188
211190
211191
211192
211193
211194
211195
211196
211197
211198
211199
211200
211201
211202
211203
211207
211208
211209
211210
211211
211212
211213
211214
211215
211216
211218
211220
211222
211223
211224
211225
211226
211227
211228
211229
211231
211232
211235
211237
211239
211240
211241
211242
211243
211244
211245
211246
211248
211250
211252
211253
211254
211255
211256
211258
211259
211261
211262
211263
211264
211265
211266
211267
211268
211269
211270
211271
211272
211273
211274
211276
211277
211278
211279
211280
211281
211282
211283
211285
211286
211287
211288
211289
211291
211292
211293
211294
211295
211296
211297
211299
211300
211301
211303
211305
211306
211308
211309
211310
211311
211312
211314
211316
211317
211318
211319
211320
211321
211322
211323
211324
211325
211326
211327
211328
211330
211331
211332
211333
211334
211335
211336
211337
211339
211340
211341
211343
211344
211345
211346
211347
211348
211349
211351
211359
211362
211363
211364
211365
211367
211368
211369
211370
211371
211372
211373
211375
211380
211381
211382
211383
211384
211385
211386
211388
211389
211391
211393
211394
211395
211398
211399
211400
211404
211405
211406
211407
211408
211409
211410
211411
211412
211414
211415
211416
211417
211418
211419
211420
211422
211423
211424
211425
211427
211428
211429
211432
211433
211434
211435
211437
211438
211439
211440
211444
211446
211447
211449
211450
211452
211453
211454
211456
211457
211460
211462
211463
211465
211466
211470
211472
211473
211474
211475
211478
211482
211484
211486
211488
211490
211491
211493
211494
211495
211496
211497
211498
211499
211501
211502
211503
211504
211505
211506
211507
211508
211509
211510
211511
211512
211513
211514
211515
211516
211517
211518
211519
211520
211522
211523
211524
211525
211526
211527
211528
211530
211532
211535
211536
211537
211540
211541
211543
211544
211545
211548
211549
211550
211551
211552
211553
211555
211556
211557
211558
211559
211560
211561
211562
211563
211565
211568
211569
211570
211571
211572
211574
211577
211578
211579
211580
211581
211582
211583
211584
211585
211586
211587
211588
211589
211590
211591
211592
211596
211597
211598
211599
211600
211601
211602
211603
211605
211607
211608
211611
211612
211613
211616
211617
211618
211622
211623
211624
211625
211627
211628
211629
211630
211631
211632
211634
211635
211636
211637
211638
211639
211640
211641
211642
211650
211652
211654
211656
211657
211658
211659
211660
211661
211663
211664
211665
211666
211667
211668
211670
211671
211672
211673
211674
211675
211676
211677
211679
211680
211681
211682
211683
211684
211685
211686
211687
211688
211691
211693
211694
211695
211696
211699
211700
211701
211702
211703
211704
211705
211706
211708
211710
211711
211712
211714
211715
211716
211717
211718
211721
211722
211723
211724
211725
211726
211727
211729
211730
211734
211735
211736
211737
211738
211739
211741
211743
211744
211745
211746
211747
211748
211749
211757
211758
211759
211760
211761
211762
211764
211765
211766
211767
211768
211769
211770
211771
211773
211774
211775
211776
211777
211778
211779
211780
211781
211782
211783
211784
211786
211787
211788
211790
211791
211792
211795
211796
211797
211798
211799
211800
211801
211802
211803
211804
211805
211806
211808
211809
211810
211812
211813
211815
211818
211820
211821
211822
211823
211824
211825
211827
211828
211829
211830
211831
211832
211833
211834
211835
211836
211837
211838
211839
211840
211841
211842
211843
211844
211845
211846
211847
211848
211849
211850
211851
211852
211853
211854
211855
211857
211859
211861
211862
211863
211864
211865
211866
211867
211868
211869
211871
211872
211874
211875
211877
211878
211879
211880
211882
211883
211884
211886
211887
211888
211889
211890
211891
211892
211895
211896
211897
211898
211899
211900
211901
211902
211903
211904
211905
211906
211907
211908
211909
211911
211913
211915
211916
211917
211918
211919
211920
211921
211922
211923
211924
211925
211926
211927
211929
211931
211932
211933
211935
211937
211938
211939
211940
211941
211944
211947
211950
211953
211954
211955
211956
211957
211959
211960
211965
211967
211968
211969
211971
211972
211974
211975
211979
211980
211981
211982
211983
211984
211985
211986
211987
211988
211990
211991
211993
211994
211995
211996
211997
211998
211999
212000
212001
212003
212004
212006
212007
212008
212009
212010
212012
212013
212014
212016
212017
212018
212019
212020
212022
212023
212024
212025
212026
212027
212029
212032
212036
212037
212038
212039
212040
212041
212042
212045
212046
212047
212048
212049
212050
212052
212053
212054
212055
212056
212057
212058
212059
212060
212061
212062
212063
212064
212065
212066
212067
212068
212069
212070
212071
212072
212073
212079
212080
212081
212084
212085
212086
212087
212088
212089
212090
212091
212092
212093
212094
212096
212097
212098
212099
212101
212102
212103
212104
212105
212106
212107
212108
212109
212111
212112
212113
212114
212115
212116
212117
212118
212119
212120
212121
212122
212123
212124
212125
212130
212131
212133
212134
212135
212137
212138
212139
212140
212141
212142
212143
212144
212145
212148
212149
212150
212151
212152
212153
212154
212156
212157
212158
212159
212160
212161
212164
212165
212166
212167
212169
212170
212171
212172
212173
212174
212175
212176
212177
212178
212180
212181
212183
212185
212186
212187
212188
212190
212191
212192
212193
212194
212195
212197
212198
212200
212202
212203
212206
212207
212208
212209
212211
212212
212214
212215
212216
212217
212218
212220
212221
212222
212223
212224
212226
212228
212229
212230
212231
212233
212234
212236
212237
212238
212239
212240
212241
212242
212243
212244
212246
212247
212248
212250
212251
212253
212254
212257
212258
212261
212262
212264
212265
212266
212267
212268
212269
212271
212273
212274
212275
212276
212278
212279
212280
212281
212282
212283
212284
212285
212288
212290
212292
212294
212295
212297
212298
212299
212302
212303
212305
212306
212307
212308
212309
212311
212312
212313
212314
212315
212316
212317
212318
212319
212320
212321
212322
212323
212325
212326
212327
212329
212330
212331
212332
212334
212335
212336
212337
212338
212341
212342
212343
212345
212346
212350
212351
212352
212353
212354
212356
212357
212358
212359
212360
212361
212362
212363
212364
212365
212367
212368
212370
212371
212373
212374
212375
212376
212377
212380
212383
212387
212389
212391
212392
212393
212395
212397
212398
212400
212402
212403
212404
212405
212407
212408
212412
212413
212415
212417
212418
212420
212421
212422
212423
212424
212425
212426
212427
212428
212429
212430
212431
212433
212434
212435
212437
212438
212441
212442
212444
212445
212447
212448
212449
212450
212452
212453
212454
212455
212456
212457
212458
212459
212460
212461
212462
212463
212464
212466
212467
212468
212469
212470
212471
212472
212474
212475
212477
212478
212482
212483
212485
212486
212487
212488
212489
212490
212491
212493
212495
212496
212497
212498
212499
212500
212501
212502
212504
212505
212506
212507
212508
212509
212511
212512
212513
212514
212515
212516
212517
212518
212519
212520
212522
212523
212524
212525
212526
212527
212528
212529
212531
212532
212534
212536
212537
212538
212539
212540
212541
212542
212543
212545
212546
212547
212548
212549
212550
212552
212554
212555
212556
212559
212560
212561
212562
212563
212564
212565
212566
212568
212570
212571
212572
212573
212574
212576
212579
212580
212581
212582
212583
212584
212585
212588
212589
212590
212591
212594
212595
212596
212597
212599
212600
212601
212602
212603
212604
212605
212606
212607
212608
212609
212610
212611
212612
212613
212614
212615
212616
212617
212619
212620
212621
212622
212623
212624
212625
212626
212627
212628
212629
212630
212633
212635
212636
212638
212639
212642
212643
212644
212645
212646
212648
212649
212650
212651
212652
212653
212654
212656
212658
212659
212660
212662
212663
212667
212668
212669
212670
212672
212673
212674
212678
212679
212682
212684
212685
212686
212688
212691
212692
212694
212695
212696
212698
212699
212700
212701
212703
212705
212706
212707
212708
212709
212710
212712
212713
212714
212715
212716
212717
212719
212720
212722
212723
212724
212725
212726
212727
212728
212729
212731
212733
212734
212735
212736
212738
212739
212742
212743
212745
212746
212747
212748
212749
212751
212753
212754
212757
212759
212760
212762
212763
212764
212765
212770
212772
212774
212777
212778
212779
212780
212781
212783
212784
212785
212786
212790
212791
212795
212797
212799
212800
212801
212803
212804
212806
212807
212809
212810
212811
212812
212813
212814
212815
212817
212818
212819
212820
212821
212822
212823
212824
212825
212826
212827
212828
212829
212830
212831
212832
212835
212837
212838
212839
212841
212843
212844
212845
212846
212847
212848
212849
212850
212851
212852
212853
212854
212855
212856
212858
212859
212860
212861
212862
212864
212865
212866
212867
212869
212870
212871
212873
212874
212875
212876
212877
212878
212879
212881
212882
212883
212884
212885
212886
212888
212889
212890
212891
212892
212894
212896
212897
212898
212899
212900
212902
212904
212905
212906
212908
212909
212910
212911
212914
212915
212916
212917
212920
212921
212922
212923
212924
212926
212927
212928
212929
212930
212932
212934
212935
212936
212937
212938
212939
212942
212943
212944
212945
212946
212947
212948
212949
212950
212951
212952
212954
212955
212958
212959
212960
212962
212963
212965
212966
212967
212969
212972
212975
212978
212979
212980
212981
212982
212983
212984
212990
212994
212995
212996
212997
212998
212999
213000
213001
213002
213003
213004
213005
213008
213010
213015
213016
213019
213022
213023
213024
213026
213029
213031
213032
213033
213034
213035
213037
213038
213040
213042
213043
213044
213045
213046
213047
213048
213049
213050
213051
213052
213054
213055
213056
213058
213059
213060
213061
213062
213063
213065
213066
213068
213069
213070
213071
213072
213073
213074
213075
213076
213077
213079
213080
213081
213082
213083
213084
213085
213086
213087
213088
213089
213090
213092
213094
213095
213096
213097
213098
213099
213101
213102
213103
213104
213105
213106
213107
213108
213109
213110
213111
213112
213113
213114
213115
213116
213117
213118
213119
213120
213121
213122
213123
213124
213125
213126
213127
213128
213129
213130
213131
213133
213134
213135
213136
213137
213138
213139
213140
213142
213143
213144
213145
213146
213147
213148
213149
213151
213152
213153
213154
213157
213158
213160
213161
213162
213163
213165
213166
213168
213169
213171
213172
213173
213175
213176
213177
213178
213179
213181
213182
213183
213184
213186
213187
213189
213190
213191
213192
213193
213194
213195
213196
213198
213200
213201
213202
213203
213205
213206
213207
213208
213209
213210
213211
213212
213213
213217
213218
213221
213222
213223
213224
213225
213227
213229
213230
213231
213232
213234
213235
213236
213238
213240
213242
213243
213244
213245
213246
213247
213248
213250
213251
213252
213253
213254
213256
213257
213260
213261
213263
213264
213267
213268
213269
213270
213271
213272
213273
213274
213275
213276
213280
213281
213282
213283
213285
213287
213292
213293
213294
213296
213300
213301
213302
213303
213305
213306
213307
213308
213309
213310
213312
213313
213314
213317
213318
213319
213321
213322
213326
213327
213328
213329
213334
213335
213336
213339
213343
213347
213350
213351
213352
213353
213354
213355
213356
213359
213360
213363
213364
213366
213367
213368
213370
213371
213373
213379
213381
213383
213386
213388
213389
213390
213395
213396
213397
213399
213400
213401
213402
213403
213404
213406
213407
213408
213409
213411
213412
213415
213416
213417
213418
213420
213421
213422
213424
213425
213428
213429
213430
213431
213432
213433
213434
213435
213436
213437
213438
213440
213441
213442
213444
213445
213446
213447
213448
213452
213453
213455
213458
213459
213460
213462
213463
213464
213465
213466
213467
213468
213469
213470
213472
213473
213474
213475
213476
213477
213480
213481
213482
213483
213484
213485
213486
213487
213488
213489
213490
213491
213492
213493
213494
213495
213497
213498
213500
213501
213503
213504
213505
213507
213508
213509
213510
213511
213512
213513
213514
213515
213516
213517
213519
213520
213521
213522
213523
213524
213525
213526
213527
213528
213529
213530
213531
213532
213534
213535
213536
213537
213538
213539
213541
213543
213545
213546
213547
213548
213549
213550
213553
213554
213556
213558
213559
213563
213565
213568
213571
213572
213573
213574
213577
213578
213579
213580
213581
213583
213584
213586
213587
213588
213591
213592
213593
213594
213595
213597
213599
213600
213602
213603
213604
213605
213606
213609
213611
213612
213613
213615
213616
213617
213619
213620
213622
213623
213624
213626
213627
213628
213629
213630
213632
213633
213635
213637
213639
213641
213642
213643
213644
213646
213648
213649
213650
213651
213652
213653
213654
213655
213656
213658
213659
213660
213661
213663
213664
213665
213666
213668
213669
213670
213672
213673
213675
213676
213677
213679
213680
213683
213684
213686
213687
213688
213690
213692
213693
213694
213695
213696
213698
213699
213700
213701
213702
213703
213705
213707
213708
213709
213710
213711
213712
213713
213714
213715
213716
213717
213718
213719
213720
213721
213722
213723
213724
213725
213726
213727
213728
213730
213731
213732
213733
213734
213735
213736
213737
213738
213739
213740
213741
213742
213744
213745
213746
213748
213749
213750
213751
213752
213753
213754
213755
213756
213757
213758
213759
213763
213764
213765
213766
213767
213768
213769
213770
213771
213772
213773
213774
213775
213776
213777
213778
213779
213780
213782
213783
213784
213786
213787
213788
213789
213790
213791
213792
213793
213794
213795
213796
213797
213798
213799
213800
213801
213802
213804
213805
213806
213807
213808
213809
213810
213811
213812
213814
213815
213816
213817
213818
213820
213821
213822
213823
213824
213825
213826
213827
213828
213829
213830
213831
213832
213833
213834
213835
213838
213839
213841
213842
213844
213845
213846
213847
213848
213850
213851
213853
213854
213855
213856
213857
213860
213861
213862
213863
213864
213866
213867
213868
213869
213870
213871
213872
213873
213874
213879
213880
213881
213883
213884
213885
213888
213889
213890
213891
213893
213899
213900
213901
213902
213903
213904
213905
213906
213907
213908
213910
213911
213914
213915
213916
213917
213920
213922
213923
213925
213927
213929
213931
213933
213936
213937
213938
213939
213940
213941
213942
213943
213944
213946
213949
213950
213951
213952
213954
213956
213958
213959
213960
213962
213963
213964
213965
213967
213968
213969
213970
213971
213972
213973
213974
213975
213977
213978
213979
213980
213981
213985
213986
213988
213991
213992
213993
213994
213995
213996
213998
213999
214001
214002
214003
214004
214005
214007
214009
214010
214012
214013
214014
214015
214016
214017
214018
214019
214020
214021
214022
214023
214027
214029
214030
214032
214034
214035
214036
214037
214038
214039
214040
214041
214042
214043
214044
214045
214047
214049
214050
214051
214052
214053
214054
214055
214056
214057
214059
214060
214061
214062
214064
214065
214066
214067
214068
214070
214071
214072
214073
214075
214076
214077
214079
214080
214081
214082
214083
214085
214086
214087
214089
214090
214092
214093
214094
214095
214097
214098
214102
214103
214104
214105
214106
214107
214109
214112
214113
214114
214115
214116
214117
214118
214119
214120
214122
214123
214125
214127
214128
214129
214130
214131
214132
214133
214134
214135
214139
214140
214141
214142
214144
214146
214147
214148
214149
214150
214151
214152
214153
214154
214155
214156
214157
214159
214160
214161
214162
214163
214165
214166
214168
214169
214170
214171
214172
214173
214174
214175
214177
214178
214179
214180
214181
214182
214183
214184
214185
214186
214187
214188
214189
214190
214191
214192
214193
214194
214196
214197
214198
214199
214200
214201
214202
214203
214204
214205
214208
214209
214210
214211
214213
214214
214215
214216
214217
214218
214219
214220
214221
214222
214225
214227
214229
214230
214234
214235
214236
214237
214238
214239
214240
214242
214243
214248
214249
214250
214252
214254
214257
214258
214263
214264
214266
214268
214269
214272
214273
214275
214277
214278
214280
214281
214284
214285
214287
214288
214289
214290
214292
214294
214295
214296
214297
214298
214300
214301
214304
214307
214308
214309
214310
214311
214312
214313
214314
214315
214316
214317
214318
214319
214320
214325
214326
214330
214331
214332
214333
214334
214335
214336
214337
214338
214339
214340
214341
214342
214343
214345
214349
214353
214354
214356
214363
214364
214365
214366
214367
214368
214369
214370
214374
214376
214379
214380
214385
214386
214389
214391
214392
214393
214395
214396
214397
214400
214401
214403
214405
214407
214408
214409
214410
214411
214412
214415
214416
214418
214422
214425
214426
214427
214428
214430
214431
214432
214436
214441
214443
214444
214446
214453
214454
214457
214461
214464
214465
214469
214471
214472
214475
214476
214478
214479
214480
214481
214485
214486
214487
214488
214490
214491
214492
214493
214494
214496
214497
214498
214499
214501
214502
214503
214504
214505
214506
214507
214510
214514
214515
214519
214520
214521
214523
214524
214525
214526
214529
214530
214532
214534
214536
214538
214540
214541
214543
214545
214546
214548
214556
214557
214558
214560
214563
214564
214565
214569
214570
214572
214575
214580
214582
214585
214588
214590
214593
214594
214598
214603
214606
214611
214612
214613
214614
214615
214617
214618
214623
214624
214625
214627
214629
214630
214633
214636
214637
214644
214651
214661
214672
214678
214685
214696
214699
214708
214710
214714
214720
214722
214727
214729
214731
214734
214735
214736
214738
214740
214742
214745
214754
214757
214758
214759
214760
214764
214765
214766
214769
214770
214771
214773
214776
214777
214780
214781
214782
214786
214790
214792
214793
214794
214797
214799
214801
214804
214806
214808
214811
214812
214813
214817
214819
214823
214828
214830
214831
214832
214836
214837
214843
214846
214852
214853
214854
214857
214859
214860
214862
214863
214865
214866
214867
214870
214872
214873
214875
214876
214877
214880
214883
214884
214893
214895
214896
214897
214898
214900
214901
214902
214910
214911
214914
214915
214916
214917
214919
214920
214922
214923
214925
214926
214927
214934
214939
214943
214947
214952
214953
214957
214960
214961
214962
214964
214965
214968
214969
214972
214975
214976
214977
214984
214985
214986
214991
214992
214993
214999
215005
215014
215015
215021
215026
215028
215034
215035
215036
215043
215044
215048
215050
215052
215055
215056
215058
215061
215062
215063
215064
215065
215066
215068
215070
215072
215073
215076
215078
215079
215085
215088
215090
215091
215092
215096
215097
215100
215101
215102
215104
215105
215106
215112
215113
215114
215115
215116
215117
215118
215119
215120
215121
215124
215125
215129
215134
215136
215138
215139
215147
215151
215153
215160
215161
215172
215174
215180
215181
215185
215186
215187
215190
215197
215198
215199
215201
215202
215207
215210
215211
215212
215216
215217
215219
215222
215226
215228
215230
215232
215234
215235
215236
215241
215244
215245
215246
215251
215254
215262
215266
215282
215286
215292
215305
215308
215311
215312
215313
215314
215315
215324
215326
215329
215330
215331
215336
215338
215342
215344
215345
215347
215353
215359
215363
215369
215370
215371
215372
215376
215380
215389
215391
215394
215396
215397
215401
215404
215406
215409
215411
215414
215417
215420
215424
215425
215427
215441
215452
215456
215457
215460
215461
215464
215466
215470
215473
215476
215477
215481
215483
215484
215485
215486
215491
215492
215495
215496
215501
215504
215510
215517
215518
215519
215521
215524
215534
215536
215540
215541
215542
215544
215546
215548
215550
215552
215553
215557
215558
215560
215569
215570
215571
215575
215580
215581
215583
215584
215585
215588
215589
215590
215595
215599
215600
215607
215613
215614
215615
215618
215620
215622
215623
215625
215626
215630
215633
215635
215636
215642
215645
215657
215658
215659
215663
215670
215672
215678
215679
215680
215682
215684
215688
215689
215690
215696
215698
215703
215704
215706
215708
215710
215711
215714
215719
215720
215727
215728
215730
215732
215733
215734
215736
215737
215738
215739
215746
215747
215748
215749
215751
215752
215753
215754
215755
215756
215757
215758
215759
215760
215763
215764
215765
215766
215768
215769
215772
215773
215774
215775
215777
215778
215779
215780
215783
215786
215787
215790
215793
215800
215801
215803
215806
215811
215812
215814
215816
215817
215820
215823
215827
215831
215835
215845
215846
215850
215852
215854
215858
215860
215862
215863
215866
215871
215872
215875
215877
215878
215880
215888
215890
215892
215894
215895
215901
215904
215905
215907
215909
215910
215911
215914
215918
215921
215923
215926
215928
215929
215932
215933
215934
215938
215939
215940
215941
215942
215943
215946
215947
215951
215953
215957
215958
215962
215964
215965
215968
215971
215974
215975
215976
215978
215979
215980
215985
215987
215991
215992
215993
215998
215999
216000
216002
216003
216006
216009
216014
216016
216017
216019
216020
216022
216024
216025
216026
216027
216028
216031
216034
216037
216038
216039
216041
216043
216048
216049
216050
216054
216055
216059
216065
216066
216068
216069
216070
216071
216073
216074
216075
216076
216077
216080
216081
216084
216086
216088
216090
216091
216094
216097
216098
216099
216102
216103
216104
216105
216107
216108
216109
216110
216111
216112
216114
216116
216117
216118
216119
216123
216124
216125
216126
216132
216133
216134
216135
216138
216140
216143
216144
216148
216149
216154
216155
216156
216158
216159
216161
216164
216165
216166
216167
216169
216170
216171
216172
216177
216178
216184
216186
216189
216190
216191
216192
216193
216195
216197
216199
216201
216202
216204
216209
216210
216211
216212
216213
216218
216219
216220
216221
216222
216223
216227
216229
216230
216231
216233
216234
216235
216236
216237
216238
216239
216242
216244
216245
216246
216252
216253
216254
216255
216256
216257
216258
216259
216260
216262
216263
216264
216265
216266
216267
216270
216271
216272
216273
216275
216276
216277
216278
216279
216280
216281
216283
216284
216286
216290
216291
216292
216293
216296
216297
216299
216300
216302
216303
216304
216306
216307
216308
216309
216310
216311
216312
216313
216314
216315
216316
216318
216320
216321
216322
216324
216326
216327
216329
216331
216332
216333
216334
216335
216336
216337
216340
216341
216342
216343
216344
216345
216346
216347
216349
216350
216353
216354
216355
216356
216357
216358
216360
216361
216364
216366
216367
216368
216369
216370
216371
216372
216373
216374
216377
216380
216381
216382
216383
216384
216386
216387
216388
216389
216390
216391
216392
216394
216395
216396
216398
216399
216400
216401
216403
216404
216406
216407
216408
216409
216410
216412
216413
216414
216415
216416
216417
216418
216419
216420
216421
216422
216423
216424
216425
216427
216428
216430
216431
216432
216434
216435
216436
216438
216439
216440
216441
216442
216443
216444
216445
216446
216447
216449
216450
216453
216454
216455
216456
216457
216458
216460
216461
216465
216467
216468
216469
216474
216477
216478
216479
216483
216484
216485
216486
216487
216489
216490
216491
216492
216493
216495
216497
216498
216499
216500
216501
216502
216503
216504
216509
216511
216513
216515
216517
216519
216520
216522
216525
216529
216530
216532
216533
216535
216536
216539
216540
216544
216545
216547
216549
216550
216552
216555
216557
216558
216559
216560
216561
216563
216564
216565
216566
216567
216568
216569
216571
216573
216576
216577
216578
216579
216580
216581
216583
216584
216585
216586
216587
216588
216589
216590
216592
216593
216594
216595
216598
216600
216604
216605
216606
216607
216609
216611
216615
216616
216618
216619
216620
216621
216628
216630
216633
216634
216635
216642
216644
216646
216647
216648
216650
216654
216655
216656
216659
216662
216663
216664
216665
216667
216668
216670
216672
216673
216675
216676
216678
216679
216681
216682
216683
216686
216687
216689
216691
216693
216694
216695
216696
216697
216698
216704
216705
216708
216709
216711
216714
216716
216717
216720
216721
216722
216725
216726
216727
216729
216734
216735
216736
216739
216740
216741
216742
216743
216744
216745
216746
216747
216748
216750
216751
216752
216753
216754
216756
216757
216759
216760
216761
216762
216765
216768
216771
216775
216776
216777
216778
216779
216780
216782
216783
216784
216787
216788
216789
216790
216791
216792
216793
216796
216797
216800
216802
216803
216804
216805
216806
216807
216808
216809
216810
216811
216812
216814
216815
216817
216818
216819
216820
216823
216824
216826
216828
216829
216830
216831
216832
216833
216834
216836
216839
216841
216842
216843
216845
216847
216848
216853
216855
216858
216859
216861
216862
216866
216867
216872
216877
216879
216880
216881
216883
216884
216885
216886
216888
216889
216890
216892
216893
216895
216896
216899
216903
216906
216907
216908
216909
216910
216911
216914
216915
216916
216917
216921
216929
216931
216933
216934
216936
216937
216938
216939
216943
216944
216954
216955
216956
216957
216962
216963
216964
216965
216967
216968
216971
216972
216973
216975
216976
216979
216980
216983
216985
216987
216990
216991
216997
216999
217000
217003
217004
217005
217006
217007
217008
217009
217010
217011
217016
217018
217019
217023
217024
217025
217026
217028
217030
217031
217033
217034
217035
217036
217039
217040
217043
217044
217045
217049
217050
217051
217054
217055
217056
217059
217060
217062
217063
217065
217066
217067
217068
217070
217071
217072
217075
217079
217082
217084
217085
217086
217087
217089
217090
217092
217093
217095
217096
217097
217098
217099
217100
217101
217104
217106
217107
217109
217116
217117
217118
217120
217121
217122
217123
217124
217126
217128
217129
217132
217135
217137
217138
217141
217142
217143
217144
217145
217146
217147
217148
217155
217156
217161
217163
217165
217166
217167
217168
217169
217170
217173
217175
217176
217180
217185
217186
217187
217188
217189
217191
217192
217193
217194
217196
217197
217198
217199
217200
217202
217204
217205
217206
217207
217209
217213
217214
217216
217219
217221
217225
217226
217227
217228
217229
217230
217234
217236
217239
217240
217241
217246
217250
217254
217256
217258
217259
217263
217264
217265
217266
217267
217268
217270
217271
217274
217275
217276
217278
217279
217280
217281
217283
217284
217285
217286
217290
217294
217295
217297
217298
217299
217302
217303
217305
217306
217307
217309
217314
217315
217317
217318
217320
217324
217325
217328
217329
217330
217331
217332
217333
217335
217336
217337
217339
217340
217341
217349
217350
217351
217353
217357
217358
217362
217369
217374
217375
217376
217377
217378
217381
217387
217392
217396
217397
217398
217399
217400
217401
217403
217404
217405
217406
217409
217413
217415
217417
217418
217420
217421
217422
217423
217424
217425
217426
217430
217433
217434
217435
217436
217438
217440
217441
217442
217443
217444
217445
217447
217449
217451
217452
217453
217454
217455
217458
217459
217460
217462
217464
217466
217467
217469
217471
217473
217474
217476
217477
217479
217480
217481
217482
217485
217486
217487
217488
217489
217490
217491
217493
217494
217495
217496
217498
217499
217500
217501
217502
217503
217504
217505
217506
217507
217508
217509
217510
217511
217512
217513
217514
217516
217517
217518
217519
217521
217522
217523
217525
217526
217527
217528
217530
217531
217532
217533
217534
217535
217537
217539
217540
217541
217542
217543
217544
217545
217546
217547
217548
217549
217550
217551
217552
217553
217554
217557
217559
217560
217561
217562
217563
217564
217565
217566
217567
217569
217570
217571
217572
217576
217577
217579
217580
217581
217582
217583
217584
217585
217586
217588
217589
217590
217593
217594
217595
217596
217597
217598
217600
217601
217602
217604
217605
217606
217607
217608
217610
217611
217613
217614
217617
217618
217622
217623
217625
217626
217627
217630
217631
217632
217633
217634
217635
217636
217637
217638
217639
217640
217642
217646
217647
217648
217649
217650
217651
217653
217654
217655
217656
217657
217658
217659
217660
217662
217663
217665
217666
217667
217669
217670
217671
217672
217673
217674
217675
217676
217677
217678
217679
217680
217681
217682
217684
217686
217688
217689
217690
217691
217692
217693
217694
217695
217697
217699
217700
217703
217704
217705
217707
217708
217709
217710
217711
217712
217713
217714
217716
217720
217721
217723
217724
217725
217727
217728
217731
217732
217733
217734
217735
217736
217737
217738
217739
217740
217742
217743
217744
217745
217747
217748
217749
217750
217753
217755
217756
217760
217761
217764
217765
217766
217768
217770
217771
217772
217773
217774
217775
217778
217779
217782
217783
217784
217785
217790
217791
217793
217794
217795
217797
217801
217802
217807
217809
217813
217817
217818
217821
217823
217826
217827
217828
217829
217830
217831
217833
217834
217835
217837
217838
217839
217841
217842
217844
217846
217847
217848
217853
217854
217857
217858
217859
217861
217862
217863
217864
217865
217866
217867
217868
217870
217872
217873
217875
217876
217878
217881
217882
217883
217884
217886
217888
217889
217890
217891
217892
217893
217894
217895
217896
217897
217899
217901
217902
217903
217904
217905
217907
217913
217915
217917
217918
217920
217921
217924
217926
217928
217930
217932
217933
217934
217935
217937
217938
217948
217951
217952
217953
217957
217960
217961
217963
217964
217965
217966
217967
217968
217969
217971
217972
217973
217974
217975
217976
217977
217978
217979
217982
217983
217985
217987
217988
217991
217992
217993
217995
217996
217999
218000
218002
218003
218004
218005
218007
218008
218009
218012
218013
218015
218016
218017
218018
218019
218022
218023
218024
218027
218028
218029
218033
218034
218035
218036
218038
218039
218040
218041
218046
218047
218048
218050
218053
218063
218064
218066
218067
218069
218070
218071
218076
218077
218078
218079
218081
218082
218084
218086
218088
218091
218098
218099
218101
218108
218109
218114
218115
218122
218129
218130
218133
218135
218136
218138
218141
218143
218144
218146
218149
218152
218156
218157
218162
218163
218170
218171
218175
218178
218180
218184
218185
218186
218188
218189
218201
218203
218205
218206
218212
218213
218214
218215
218216
218221
218222
218229
218231
218232
218234
218236
218238
218239
218243
218246
218253
218254
218256
218257
218258
218259
218263
218266
218267
218273
218274
218281
218287
218289
218290
218296
218299
218302
218304
218305
218307
218310
218317
218319
218324
218338
218342
218346
218353
218355
218356
218361
218362
218364
218365
218366
218368
218370
218372
218374
218375
218376
218378
218379
218380
218383
218384
218385
218386
218389
218391
218392
218395
218397
218399
218400
218401
218402
218403
218404
218405
218406
218407
218408
218409
218410
218411
218412
218415
218416
218420
218422
218424
218425
218426
218428
218430
218431
218432
218433
218435
218436
218437
218438
218439
218440
218444
218446
218448
218449
218452
218453
218454
218455
218458
218459
218460
218461
218462
218464
218465
218467
218469
218471
218472
218473
218475
218477
218478
218479
218480
218481
218485
218486
218488
218489
218492
218494
218497
218498
218501
218502
218505
218506
218510
218511
218513
218516
218518
218520
218521
218522
218523
218527
218528
218529
218531
218532
218534
218535
218537
218538
218539
218541
218542
218543
218544
218545
218546
218547
218550
218551
218552
218554
218555
218556
218557
218558
218559
218561
218562
218563
218564
218565
218567
218568
218569
218571
218572
218573
218574
218575
218576
218578
218579
218580
218582
218583
218585
218586
218587
218589
218590
218592
218595
218596
218597
218598
218599
218600
218601
218602
218603
218604
218605
218606
218607
218609
218610
218614
218615
218616
218617
218618
218620
218621
218622
218623
218624
218625
218626
218627
218628
218629
218631
218633
218634
218635
218636
218638
218639
218640
218641
218642
218647
218648
218649
218651
218652
218654
218655
218656
218657
218658
218659
218661
218664
218667
218671
218672
218676
218677
218678
218680
218682
218683
218684
218686
218687
218688
218689
218690
218691
218692
218693
218695
218696
218698
218699
218701
218702
218703
218704
218706
218707
218708
218709
218711
218712
218713
218714
218715
218716
218719
218720
218721
218722
218723
218724
218725
218727
218729
218730
218731
218733
218734
218735
218736
218737
218739
218740
218741
218743
218744
218746
218747
218749
218754
218755
218756
218757
218759
218762
218763
218764
218766
218767
218770
218771
218773
218774
218776
218777
218780
218781
218783
218784
218786
218795
218796
218798
218800
218802
218803
218804
218808
218810
218812
218813
218814
218819
218821
218822
218824
218825
218826
218828
218829
218830
218832
218833
218834
218835
218838
218839
218840
218841
218842
218843
218844
218845
218848
218849
218850
218851
218852
218853
218854
218856
218857
218858
218859
218861
218862
218863
218865
218866
218870
218871
218872
218873
218874
218875
218876
218877
218878
218879
218881
218882
218884
218885
218887
218890
218891
218892
218894
218895
218896
218897
218898
218899
218900
218901
218902
218903
218904
218905
218906
218907
218908
218909
218910
218911
218912
218913
218915
218916
218917
218918
218920
218921
218923
218924
218926
218927
218929
218930
218932
218933
218935
218936
218938
218939
218942
218943
218944
218945
218946
218948
218950
218953
218954
218956
218957
218959
218961
218962
218963
218964
218966
218967
218968
218969
218970
218972
218973
218974
218977
218978
218979
218980
218981
218982
218983
218984
218985
218986
218987
218988
218989
218990
218991
218992
218993
218994
218995
218996
218997
218998
219000
219001
219003
219005
219006
219009
219010
219011
219012
219013
219014
219017
219018
219019
219020
219021
219023
219024
219025
219026
219027
219028
219030
219032
219033
219034
219036
219037
219038
219039
219040
219041
219042
219043
219044
219047
219048
219049
219050
219051
219052
219054
219055
219056
219057
219058
219059
219060
219061
219062
219063
219064
219065
219066
219067
219068
219069
219070
219071
219072
219073
219075
219076
219077
219078
219079
219080
219081
219082
219083
219084
219088
219090
219092
219093
219096
219097
219099
219101
219102
219104
219105
219107
219108
219109
219113
219114
219117
219118
219119
219121
219122
219124
219125
219128
219130
219132
219133
219136
219137
219138
219139
219143
219144
219145
219147
219148
219149
219150
219151
219152
219153
219154
219155
219156
219157
219158
219159
219160
219161
219162
219163
219165
219169
219172
219173
219174
219175
219176
219177
219178
219179
219180
219182
219183
219184
219185
219186
219187
219188
219190
219191
219192
219195
219196
219197
219198
219199
219200
219201
219203
219204
219205
219206
219207
219208
219209
219210
219211
219212
219213
219215
219216
219218
219219
219220
219221
219224
219227
219228
219229
219230
219231
219232
219233
219235
219236
219237
219238
219239
219240
219242
219243
219245
219246
219247
219248
219249
219250
219251
219252
219253
219254
219256
219257
219258
219259
219262
219263
219264
219265
219266
219267
219268
219270
219271
219272
219274
219275
219277
219278
219279
219280
219283
219284
219286
219287
219288
219289
219290
219291
219292
219293
219296
219297
219300
219301
219302
219304
219306
219307
219309
219310
219311
219312
219313
219314
219315
219316
219317
219318
219320
219321
219322
219323
219324
219325
219326
219327
219328
219329
219330
219331
219332
219333
219334
219335
219337
219338
219340
219341
219342
219343
219344
219345
219346
219347
219349
219350
219352
219353
219355
219356
219358
219359
219360
219361
219362
219363
219364
219365
219366
219369
219370
219371
219372
219373
219374
219375
219376
219378
219380
219381
219383
219384
219385
219386
219387
219388
219389
219390
219391
219394
219395
219396
219398
219399
219400
219402
219403
219404
219406
219407
219408
219409
219410
219411
219412
219413
219414
219415
219416
219417
219418
219419
219420
219421
219422
219423
219424
219425
219427
219428
219429
219430
219432
219433
219434
219435
219436
219437
219438
219439
219440
219441
219442
219443
219445
219446
219447
219448
219450
219451
219452
219453
219454
219455
219456
219457
219459
219460
219461
219462
219466
219467
219468
219469
219470
219471
219472
219473
219474
219475
219476
219477
219478
219479
219480
219481
219482
219483
219484
219485
219486
219487
219488
219489
219491
219492
219493
219494
219496
219497
219498
219499
219500
219501
219502
219503
219504
219505
219506
219507
219508
219509
219512
219513
219515
219516
219517
219518
219519
219521
219522
219523
219524
219525
219527
219530
219531
219532
219534
219536
219539
219540
219541
219542
219543
219545
219546
219547
219548
219549
219552
219554
219555
219556
219557
219559
219560
219562
219563
219564
219565
219566
219567
219568
219570
219572
219573
219574
219575
219576
219579
219580
219581
219582
219584
219586
219588
219591
219592
219594
219595
219596
219599
219600
219601
219603
219604
219607
219608
219609
219610
219612
219613
219614
219615
219618
219620
219621
219622
219623
219625
219626
219627
219629
219633
219634
219636
219637
219638
219639
219640
219642
219643
219644
219645
219646
219647
219648
219650
219651
219652
219653
219655
219656
219657
219658
219659
219662
219663
219664
219665
219666
219667
219668
219669
219670
219671
219672
219673
219674
219675
219676
219678
219679
219681
219682
219684
219685
219686
219687
219689
219690
219691
219692
219693
219694
219695
219696
219697
219698
219699
219700
219701
219702
219703
219704
219705
219706
219708
219709
219710
219711
219712
219713
219714
219715
219716
219717
219718
219719
219720
219721
219722
219723
219725
219726
219727
219729
219730
219731
219732
219733
219734
219735
219736
219737
219738
219739
219740
219741
219742
219743
219744
219746
219747
219748
219749
219750
219751
219752
219753
219755
219756
219757
219758
219760
219761
219762
219763
219764
219765
219766
219767
219770
219771
219772
219773
219774
219775
219776
219778
219780
219782
219783
219784
219786
219787
219789
219790
219793
219794
219795
219796
219797
219798
219800
219801
219802
219803
219804
219805
219806
219807
219808
219809
219810
219811
219812
219813
219814
219815
219816
219818
219819
219820
219822
219823
219825
219826
219827
219828
219829
219830
219831
219832
219833
219834
219835
219836
219837
219838
219840
219841
219842
219843
219844
219845
219848
219849
219850
219851
219853
219855
219856
219857
219859
219861
219862
219863
219864
219865
219867
219868
219869
219870
219871
219873
219876
219877
219878
219879
219881
219883
219884
219885
219886
219887
219889
219890
219891
219893
219894
219896
219897
219898
219899
219900
219901
219902
219903
219904
219905
219907
219908
219909
219910
219911
219912
219914
219915
219917
219918
219919
219920
219921
219925
219926
219927
219928
219929
219930
219931
219932
219933
219934
219935
219938
219939
219940
219941
219942
219943
219944
219945
219946
219947
219948
219949
219951
219952
219955
219956
219957
219958
219959
219961
219962
219963
219964
219967
219968
219970
219971
219973
219974
219975
219976
219977
219978
219979
219980
219981
219982
219984
219985
219986
219987
219988
219991
219992
219993
219994
219995
219996
219997
219998
219999
220000
220001
220002
220003
220006
220007
220008
220010
220011
220013
220018
220020
220022
220024
220025
220026
220027
220030
220031
220032
220034
220035
220037
220038
220039
220043
220046
220048
220052
220053
220054
220055
220056
220060
220061
220062
220063
220064
220065
220067
220069
220070
220071
220072
220074
220075
220076
220077
220078
220079
220080
220081
220082
220083
220086
220087
220088
220090
220092
220093
220094
220095
220096
220097
220098
220100
220101
220102
220103
220105
220106
220107
220109
220110
220111
220113
220114
220116
220118
220119
220120
220121
220123
220124
220125
220126
220127
220128
220129
220130
220131
220134
220135
220136
220137
220139
220141
220142
220143
220144
220145
220147
220149
220150
220151
220152
220153
220154
220155
220156
220157
220158
220159
220160
220161
220163
220164
220165
220166
220167
220169
220170
220172
220173
220174
220175
220176
220177
220178
220179
220180
220181
220182
220183
220184
220187
220188
220189
220190
220191
220192
220193
220194
220195
220196
220197
220198
220199
220200
220201
220202
220204
220205
220207
220209
220210
220211
220214
220215
220216
220218
220219
220221
220222
220223
220224
220225
220226
220227
220229
220230
220231
220232
220233
220234
220235
220236
220238
220239
220240
220244
220245
220246
220247
220248
220249
220250
220251
220252
220253
220254
220255
220256
220257
220259
220260
220261
220262
220264
220265
220267
220269
220270
220271
220272
220273
220274
220276
220277
220278
220279
220280
220282
220283
220284
220285
220286
220288
220289
220291
220293
220294
220296
220297
220298
220299
220300
220301
220302
220304
220306
220307
220308
220309
220310
220311
220312
220313
220314
220315
220316
220317
220318
220320
220321
220322
220323
220324
220325
220326
220327
220332
220333
220336
220337
220338
220340
220341
220342
220343
220344
220345
220348
220349
220350
220351
220353
220354
220355
220356
220357
220358
220359
220360
220362
220363
220364
220365
220367
220368
220369
220370
220372
220373
220374
220375
220376
220377
220378
220379
220380
220381
220383
220384
220385
220387
220388
220390
220392
220393
220394
220395
220396
220397
220398
220399
220400
220401
220402
220403
220404
220405
220407
220408
220409
220410
220411
220412
220414
220418
220419
220421
220422
220423
220424
220425
220427
220428
220429
220430
220431
220432
220434
220436
220437
220438
220439
220440
220442
220444
220445
220446
220447
220448
220449
220451
220452
220453
220454
220455
220456
220457
220458
220459
220460
220461
220462
220463
220464
220465
220466
220467
220468
220469
220470
220471
220472
220473
220474
220475
220476
220477
220478
220479
220480
220481
220482
220485
220486
220487
220488
220490
220492
220493
220494
220495
220496
220497
220498
220500
220501
220502
220503
220504
220505
220506
220508
220509
220510
220511
220512
220514
220515
220516
220517
220518
220519
220520
220521
220522
220523
220525
220526
220527
220528
220529
220531
220532
220533
220536
220537
220538
220541
220542
220543
220544
220545
220546
220547
220549
220551
220552
220554
220557
220559
220560
220561
220562
220564
220565
220566
220567
220568
220569
220570
220571
220573
220574
220575
220577
220578
220580
220582
220583
220585
220586
220587
220588
220589
220590
220591
220593
220594
220595
220596
220597
220598
220599
220600
220601
220602
220604
220605
220607
220608
220610
220611
220612
220613
220614
220615
220616
220617
220618
220622
220624
220625
220626
220629
220630
220632
220633
220634
220635
220638
220639
220640
220641
220643
220644
220645
220648
220650
220651
220652
220655
220656
220657
220659
220661
220663
220665
220666
220667
220668
220671
220673
220674
220675
220676
220678
220679
220681
220683
220684
220685
220687
220688
220689
220692
220693
220694
220695
220696
220697
220698
220699
220701
220703
220704
220705
220708
220709
220710
220711
220712
220714
220715
220716
220717
220719
220720
220721
220722
220723
220724
220725
220726
220727
220728
220730
220731
220732
220733
220734
220735
220736
220737
220740
220742
220744
220746
220747
220748
220749
220750
220751
220752
220753
220754
220755
220756
220758
220760
220761
220762
220763
220765
220766
220767
220768
220769
220770
220771
220772
220773
220774
220775
220776
220777
220778
220779
220780
220781
220783
220784
220785
220786
220788
220789
220790
220792
220794
220795
220797
220799
220801
220802
220803
220804
220806
220807
220808
220809
220810
220811
220812
220813
220814
220815
220816
220819
220820
220823
220824
220825
220826
220829
220830
220831
220832
220833
220834
220836
220839
220840
220841
220842
220843
220845
220846
220852
220853
220855
220856
220857
220858
220860
220862
220863
220864
220866
220867
220868
220869
220872
220873
220875
220876
220879
220880
220882
220884
220886
220887
220888
220889
220890
220891
220892
220893
220894
220895
220896
220897
220898
220900
220901
220902
220905
220906
220908
220910
220911
220913
220917
220918
220919
220921
220922
220923
220925
220926
220929
220930
220932
220933
220934
220935
220937
220939
220940
220942
220943
220944
220947
220948
220950
220951
220952
220954
220955
220956
220957
220958
220959
220962
220963
220964
220966
220968
220969
220971
220972
220974
220976
220979
220980
220982
220984
220986
220992
220993
220996
220997
220998
220999
221000
221001
221004
221005
221009
221010
221011
221012
221013
221014
221017
221018
221019
221020
221021
221022
221026
221027
221028
221029
221031
221032
221034
221035
221036
221037
221039
221040
221041
221042
221043
221044
221045
221046
221047
221050
221052
221053
221055
221056
221057
221058
221059
221060
221063
221065
221067
221068
221070
221071
221072
221073
221074
221075
221076
221078
221079
221082
221083
221084
221085
221086
221087
221088
221089
221090
221092
221093
221095
221096
221097
221098
221099
221100
221101
221102
221104
221105
221108
221109
221110
221114
221115
221117
221120
221121
221123
221124
221127
221129
221130
221131
221133
221135
221136
221137
221138
221139
221140
221142
221143
221144
221145
221147
221148
221149
221150
221151
221154
221155
221157
221158
221159
221160
221161
221162
221163
221164
221165
221166
221167
221169
221170
221171
221172
221173
221175
221176
221177
221178
221180
221181
221182
221183
221186
221187
221188
221195
221196
221199
221200
221201
221202
221204
221205
221206
221207
221208
221210
221213
221214
221217
221219
221223
221225
221228
221229
221230
221231
221233
221234
221235
221236
221237
221239
221242
221243
221244
221246
221247
221249
221250
221253
221254
221255
221256
221257
221259
221260
221261
221262
221263
221264
221267
221268
221269
221270
221271
221274
221275
221276
221278
221279
221280
221281
221283
221284
221285
221286
221287
221289
221290
221291
221297
221298
221299
221301
221302
221303
221304
221305
221306
221308
221309
221310
221312
221313
221316
221317
221318
221319
221321
221322
221326
221327
221329
221331
221332
221336
221337
221338
221339
221341
221344
221345
221346
221347
221349
221350
221351
221352
221353
221355
221358
221359
221360
221361
221364
221365
221366
221367
221368
221369
221370
221371
221372
221373
221374
221375
221376
221377
221378
221380
221381
221382
221384
221385
221387
221388
221389
221390
221391
221392
221394
221395
221396
221398
221399
221400
221401
221402
221403
221404
221405
221406
221407
221408
221409
221412
221413
221415
221416
221417
221418
221420
221421
221422
221423
221424
221425
221426
221427
221429
221430
221431
221432
221433
221434
221435
221436
221437
221438
221439
221440
221441
221442
221444
221445
221446
221447
221448
221449
221450
221451
221452
221454
221455
221456
221457
221458
221459
221462
221464
221465
221466
221467
221468
221469
221470
221471
221472
221473
221474
221475
221476
221477
221478
221479
221480
221481
221482
221483
221484
221485
221486
221487
221489
221490
221491
221492
221493
221494
221495
221496
221497
221498
221499
221500
221501
221503
221504
221505
221506
221507
221509
221510
221511
221512
221513
221514
221515
221516
221518
221519
221520
221521
221522
221523
221524
221525
221526
221529
221530
221531
221532
221533
221535
221539
221540
221541
221543
221544
221546
221549
221550
221551
221552
221553
221555
221561
221563
221564
221565
221566
221567
221568
221569
221570
221572
221573
221574
221575
221576
221580
221581
221583
221584
221586
221587
221589
221591
221592
221595
221596
221597
221600
221601
221602
221603
221605
221607
221608
221609
221610
221611
221612
221613
221614
221615
221617
221618
221619
221620
221621
221622
221624
221625
221626
221627
221628
221629
221630
221631
221632
221634
221635
221636
221637
221638
221639
221640
221641
221643
221644
221645
221646
221647
221649
221650
221651
221652
221653
221654
221658
221660
221662
221663
221664
221665
221666
221668
221669
221670
221672
221673
221675
221676
221677
221678
221679
221681
221682
221683
221684
221685
221686
221688
221689
221690
221692
221693
221694
221695
221696
221697
221699
221701
221702
221703
221704
221705
221706
221707
221708
221710
221711
221712
221713
221714
221715
221716
221717
221718
221719
221721
221722
221723
221724
221725
221726
221731
221733
221735
221736
221737
221740
221741
221742
221743
221745
221746
221747
221748
221749
221752
221753
221754
221756
221757
221758
221759
221760
221762
221766
221769
221770
221771
221772
221773
221774
221775
221776
221778
221779
221780
221781
221782
221783
221785
221789
221790
221791
221796
221797
221798
221799
221801
221802
221803
221804
221805
221806
221807
221808
221810
221811
221812
221813
221814
221815
221816
221817
221818
221819
221820
221821
221823
221825
221827
221828
221829
221831
221833
221834
221836
221837
221839
221840
221841
221843
221844
221845
221847
221849
221850
221851
221853
221854
221855
221856
221858
221859
221860
221861
221862
221863
221864
221866
221867
221868
221869
221870
221871
221872
221873
221874
221875
221879
221880
221884
221885
221887
221888
221889
221890
221893
221898
221899
221902
221906
221907
221908
221909
221913
221916
221917
221918
221919
221920
221923
221925
221926
221927
221928
221929
221930
221932
221933
221935
221937
221938
221940
221944
221945
221946
221947
221948
221949
221950
221951
221953
221954
221956
221957
221959
221960
221962
221964
221965
221966
221967
221968
221969
221970
221975
221977
221978
221985
221987
221988
221990
221992
221993
221996
221997
222001
222002
222003
222009
222013
222015
222017
222019
222020
222022
222024
222026
222028
222029
222030
222035
222037
222041
222042
222043
222044
222045
222046
222047
222053
222056
222059
222061
222062
222065
222066
222068
222070
222074
222075
222076
222077
222078
222079
222080
222081
222082
222083
222084
222086
222088
222090
222091
222092
222093
222096
222097
222104
222108
222113
222114
222115
222116
222117
222118
222120
222121
222122
222123
222124
222125
222126
222127
222128
222129
222131
222133
222135
222136
222139
222140
222142
222143
222144
222145
222146
222147
222148
222150
222151
222152
222153
222154
222155
222156
222157
222159
222164
222168
222173
222175
222177
222182
222188
222189
222193
222194
222195
222196
222198
222200
222204
222205
222207
222208
222209
222210
222213
222226
222227
222230
222231
222234
222235
222236
222237
222239
222241
222245
222246
222251
222252
222257
222259
222263
222266
222273
222275
222277
222278
222280
222281
222289
222292
222298
222302
222303
222313
222314
222323
222339
222356
222360
222365
222369
222370
222378
222381
222383
222385
222386
222388
222389
222392
222394
222395
222396
222400
222401
222403
222404
222408
222409
222410
222411
222416
222417
222418
222420
222421
222427
222432
222434
222440
222441
222442
222446
222451
222453
222454
222455
222458
222462
222463
222464
222468
222473
222474
222476
222481
222484
222488
222493
222502
222507
222510
222512
222514
222516
222517
222519
222520
222521
222522
222525
222527
222530
222531
222533
222534
222535
222540
222541
222542
222543
222544
222545
222547
222551
222552
222553
222556
222557
222558
222559
222561
222563
222564
222566
222567
222578
222579
222583
222584
222586
222587
222588
222590
222592
222594
222595
222597
222599
222600
222605
222608
222615
222616
222617
222619
222621
222622
222626
222628
222634
222635
222636
222637
222638
222639
222641
222642
222643
222644
222648
222650
222659
222660
222661
222663
222665
222667
222668
222670
222678
222680
222685
222686
222689
222695
222696
222698
222703
222704
222710
222711
222712
222714
222715
222716
222717
222724
222725
222727
222728
222729
222735
222738
222740
222741
222742
222744
222746
222747
222748
222750
222751
222752
222756
222760
222763
222764
222765
222767
222768
222769
222770
222776
222778
222779
222780
222782
222784
222795
222801
222807
222816
222820
222821
222822
222824
222831
222833
222836
222837
222838
222839
222841
222844
222845
222846
222847
222848
222849
222855
222859
222860
222863
222865
222866
222867
222871
222874
222875
222876
222877
222880
222882
222884
222886
222888
222891
222895
222896
222904
222905
222907
222908
222913
222914
222915
222916
222918
222921
222924
222937
222939
222943
222946
222948
222951
222952
222962
222970
222978
222988
222989
222990
222995
222998
223005
223006
223009
223014
223016
223021
223022
223030
223031
223038
223039
223044
223047
223051
223053
223054
223056
223057
223061
223062
223064
223067
223070
223074
223075
223076
223079
223083
223086
223087
223089
223091
223092
223109
223111
223115
223118
223120
223121
223122
223127
223128
223129
223130
223133
223134
223138
223146
223149
223159
223162
223170
223172
223176
223177
223178
223179
223183
223186
223189
223193
223194
223195
223199
223200
223202
223207
223208
223216
223223
223226
223227
223228
223230
223242
223243
223249
223257
223259
223262
223264
223266
223267
223275
223283
223292
223300
223304
223305
223307
223308
223309
223321
223322
223329
223330
223331
223334
223337
223338
223339
223341
223344
223345
223348
223350
223352
223354
223355
223356
223358
223359
223360
223363
223369
223376
223377
223378
223379
223381
223382
223384
223385
223387
223388
223389
223390
223394
223396
223398
223399
223401
223403
223404
223405
223407
223414
223415
223416
223419
223420
223421
223423
223424
223425
223426
223427
223428
223429
223430
223431
223434
223435
223440
223446
223447
223449
223456
223457
223460
223461
223466
223467
223472
223473
223474
223478
223480
223481
223484
223485
223490
223492
223496
223498
223500
223503
223504
223508
223509
223513
223514
223515
223521
223524
223525
223528
223529
223530
223531
223536
223539
223542
223546
223548
223552
223553
223556
223561
223562
223565
223567
223568
223569
223573
223575
223578
223579
223582
223587
223588
223590
223593
223594
223595
223596
223597
223599
223602
223603
223604
223605
223606
223611
223612
223613
223615
223617
223618
223621
223622
223624
223628
223633
223637
223640
223641
223642
223645
223646
223647
223649
223650
223651
223652
223653
223656
223658
223659
223660
223661
223663
223664
223665
223666
223667
223669
223670
223671
223677
223678
223681
223686
223688
223690
223691
223695
223696
223697
223698
223701
223702
223704
223705
223706
223707
223709
223712
223714
223715
223716
223719
223720
223721
223722
223723
223726
223728
223731
223732
223733
223734
223735
223736
223737
223739
223740
223743
223744
223746
223748
223749
223753
223754
223755
223756
223759
223761
223762
223763
223766
223768
223769
223771
223773
223774
223775
223776
223780
223782
223783
223784
223789
223790
223791
223795
223797
223800
223801
223802
223803
223805
223807
223809
223814
223816
223817
223819
223821
223822
223827
223829
223835
223836
223837
223839
223840
223842
223843
223844
223845
223847
223851
223852
223853
223855
223856
223859
223860
223861
223862
223866
223867
223868
223870
223871
223872
223874
223876
223879
223880
223881
223882
223884
223887
223888
223889
223891
223892
223893
223894
223896
223899
223900
223902
223904
223907
223908
223909
223910
223913
223914
223915
223916
223918
223920
223923
223924
223925
223926
223928
223929
223931
223932
223934
223935
223936
223937
223938
223940
223941
223943
223947
223948
223949
223950
223952
223954
223956
223957
223958
223959
223960
223961
223962
223964
223965
223966
223967
223968
223969
223970
223971
223972
223973
223974
223975
223976
223977
223979
223981
223982
223984
223985
223986
223987
223989
223992
223994
223995
223996
223997
223998
223999
224000
224003
224004
224005
224007
224008
224009
224010
224012
224013
224014
224015
224017
224018
224019
224020
224021
224022
224024
224026
224027
224030
224031
224032
224033
224034
224035
224036
224037
224040
224041
224042
224043
224044
224045
224046
224047
224048
224049
224050
224051
224052
224054
224055
224057
224058
224059
224061
224062
224064
224065
224066
224067
224068
224069
224070
224071
224072
224073
224074
224075
224077
224081
224082
224085
224086
224087
224088
224089
224090
224091
224092
224094
224096
224098
224099
224100
224101
224102
224103
224104
224106
224107
224108
224109
224110
224111
224112
224113
224115
224116
224117
224119
224120
224122
224123
224125
224126
224127
224129
224132
224133
224134
224135
224136
224137
224139
224140
224141
224142
224143
224144
224145
224147
224148
224150
224151
224153
224154
224155
224156
224157
224162
224164
224165
224166
224167
224168
224171
224172
224173
224176
224178
224179
224180
224182
224183
224185
224186
224188
224189
224190
224194
224196
224203
224204
224205
224206
224207
224209
224210
224212
224213
224214
224215
224216
224217
224218
224219
224220
224222
224223
224224
224226
224227
224228
224229
224230
224233
224234
224235
224236
224237
224238
224239
224242
224243
224244
224245
224248
224249
224250
224252
224253
224254
224256
224257
224258
224261
224263
224264
224265
224266
224268
224270
224281
224283
224285
224286
224287
224290
224293
224294
224298
224299
224300
224303
224304
224306
224308
224309
224310
224312
224313
224314
224315
224317
224320
224321
224322
224324
224326
224327
224328
224329
224331
224332
224334
224335
224337
224340
224341
224343
224344
224345
224346
224347
224348
224350
224351
224352
224354
224357
224359
224360
224361
224362
224366
224368
224371
224372
224376
224379
224383
224384
224386
224390
224391
224392
224393
224394
224395
224396
224397
224400
224401
224402
224403
224404
224405
224407
224408
224410
224411
224412
224414
224415
224417
224421
224422
224425
224426
224428
224429
224430
224431
224432
224433
224434
224435
224437
224438
224442
224445
224447
224449
224450
224451
224452
224453
224454
224458
224459
224460
224463
224465
224469
224471
224473
224474
224476
224477
224478
224480
224481
224483
224485
224486
224487
224488
224492
224493
224495
224497
224498
224500
224503
224505
224510
224513
224519
224520
224521
224522
224527
224530
224534
224536
224537
224542
224543
224545
224546
224548
224550
224557
224559
224560
224561
224563
224564
224566
224567
224569
224571
224574
224575
224576
224577
224580
224582
224587
224591
224592
224593
224594
224602
224604
224606
224610
224612
224614
224615
224618
224619
224623
224625
224626
224634
224635
224636
224640
224641
224646
224647
224649
224650
224652
224653
224654
224655
224657
224659
224660
224661
224663
224666
224667
224668
224669
224674
224679
224681
224685
224686
224690
224691
224693
224697
224698
224699
224700
224701
224703
224704
224705
224707
224709
224710
224713
224714
224715
224717
224719
224720
224721
224722
224723
224728
224730
224732
224733
224734
224736
224740
224741
224744
224745
224746
224747
224750
224751
224753
224754
224756
224758
224759
224763
224764
224765
224767
224768
224769
224771
224773
224776
224779
224780
224782
224784
224785
224787
224790
224791
224793
224794
224795
224796
224797
224798
224799
224801
224804
224805
224807
224810
224812
224815
224821
224825
224826
224827
224828
224830
224831
224834
224835
224837
224838
224839
224841
224843
224845
224846
224847
224848
224849
224850
224851
224852
224855
224856
224859
224863
224866
224867
224871
224872
224875
224878
224881
224882
224883
224884
224886
224888
224890
224891
224892
224895
224899
224903
224906
224907
224908
224909
224911
224912
224913
224914
224915
224916
224917
224919
224920
224921
224922
224923
224925
224927
224928
224929
224930
224931
224932
224933
224935
224937
224938
224939
224940
224944
224945
224946
224947
224948
224949
224950
224954
224957
224963
224964
224971
224972
224974
224976
224977
224978
224979
224982
224983
224985
224986
224987
224988
224990
224991
224998
224999
225000
225001
225002
225003
225004
225007
225011
225012
225014
225015
225016
225017
225019
225023
225025
225026
225028
225029
225033
225034
225040
225041
225042
225044
225045
225046
225047
225048
225052
225054
225055
225056
225057
225058
225059
225060
225063
225064
225065
225066
225067
225069
225075
225078
225084
225087
225089
225090
225091
225092
225093
225094
225095
225096
225097
225098
225100
225101
225102
225104
225107
225108
225109
225110
225111
225112
225113
225115
225116
225117
225119
225120
225123
225124
225125
225126
225127
225130
225131
225132
225134
225135
225136
225137
225138
225139
225140
225141
225142
225143
225144
225145
225146
225147
225148
225149
225150
225152
225153
225154
225155
225156
225158
225159
225160
225161
225162
225163
225164
225167
225168
225170
225171
225172
225175
225177
225178
225179
225183
225184
225185
225186
225189
225190
225192
225193
225194
225195
225196
225197
225198
225200
225202
225203
225204
225207
225208
225209
225210
225211
225213
225214
225216
225219
225220
225221
225222
225223
225227
225228
225229
225230
225231
225232
225233
225234
225235
225236
225238
225239
225240
225241
225242
225243
225244
225245
225246
225247
225249
225251
225252
225253
225254
225255
225256
225258
225259
225261
225262
225263
225264
225265
225266
225267
225269
225271
225273
225274
225275
225276
225277
225280
225281
225282
225283
225284
225285
225287
225288
225289
225290
225291
225292
225295
225296
225297
225298
225299
225301
225303
225304
225305
225306
225307
225308
225309
225310
225311
225312
225313
225315
225316
225320
225321
225322
225324
225325
225326
225327
225328
225329
225330
225332
225333
225334
225335
225336
225339
225340
225341
225342
225344
225345
225347
225349
225352
225354
225356
225358
225359
225360
225361
225363
225365
225366
225367
225370
225371
225374
225375
225376
225377
225378
225379
225380
225381
225382
225383
225384
225385
225386
225387
225388
225389
225390
225391
225392
225393
225394
225395
225396
225397
225398
225399
225400
225401
225405
225406
225407
225411
225412
225414
225415
225417
225418
225419
225420
225421
225422
225423
225425
225427
225430
225431
225432
225433
225441
225442
225444
225445
225449
225452
225455
225457
225462
225463
225465
225466
225467
225472
225473
225475
225477
225478
225479
225481
225482
225483
225484
225486
225487
225488
225489
225491
225492
225493
225495
225497
225503
225507
225509
225511
225514
225515
225517
225518
225522
225523
225525
225528
225529
225530
225531
225532
225536
225537
225539
225540
225541
225542
225543
225545
225547
225548
225549
225550
225551
225552
225553
225554
225557
225562
225563
225566
225567
225571
225574
225576
225577
225579
225580
225581
225582
225583
225584
225585
225590
225591
225592
225593
225597
225598
225602
225603
225606
225607
225608
225610
225612
225613
225614
225616
225618
225619
225622
225624
225625
225627
225628
225629
225632
225634
225635
225638
225639
225641
225642
225643
225645
225646
225648
225650
225652
225653
225654
225655
225657
225658
225659
225660
225661
225662
225663
225664
225665
225667
225669
225671
225672
225673
225675
225676
225677
225678
225679
225680
225681
225683
225684
225685
225690
225691
225698
225701
225702
225704
225706
225708
225711
225714
225715
225716
225717
225720
225721
225723
225724
225725
225726
225727
225728
225731
225732
225734
225735
225738
225745
225750
225752
225753
225754
225755
225763
225764
225766
225776
225778
225779
225785
225788
225792
225794
225795
225796
225797
225799
225800
225805
225806
225818
225821
225823
225824
225830
225836
225839
225840
225844
225846
225847
225848
225855
225859
225860
225861
225862
225863
225871
225880
225881
225884
225887
225888
225889
225893
225896
225899
225906
225913
225917
225925
225928
225929
225931
225945
225948
225955
225974
225978
225989
225990
225992
225993
225996
225998
226001
226002
226003
226005
226007
226008
226009
226010
226011
226012
226016
226017
226018
226024
226025
226026
226028
226031
226033
226035
226036
226040
226042
226044
226045
226046
226047
226051
226054
226060
226061
226063
226066
226068
226070
226071
226072
226073
226074
226075
226076
226077
226078
226079
226080
226082
226083
226084
226085
226086
226087
226088
226089
226090
226092
226094
226095
226096
226098
226100
226104
226105
226106
226109
226112
226114
226115
226116
226117
226118
226119
226121
226122
226125
226128
226129
226130
226132
226134
226135
226136
226139
226142
226143
226144
226145
226146
226148
226150
226151
226152
226154
226155
226157
226158
226160
226161
226163
226164
226166
226169
226173
226177
226178
226179
226181
226182
226184
226185
226186
226188
226189
226191
226195
226196
226197
226198
226199
226200
226201
226202
226203
226204
226206
226207
226208
226210
226212
226213
226214
226215
226217
226218
226219
226220
226222
226226
226227
226229
226230
226231
226232
226233
226238
226240
226241
226242
226243
226244
226246
226247
226248
226249
226250
226253
226254
226255
226256
226257
226258
226259
226260
226262
226263
226264
226265
226267
226268
226270
226272
226273
226274
226275
226276
226279
226280
226281
226282
226284
226286
226287
226290
226291
226293
226296
226297
226299
226300
226301
226302
226303
226304
226305
226307
226308
226309
226310
226312
226313
226314
226315
226316
226320
226321
226322
226323
226326
226327
226328
226330
226331
226332
226333
226334
226335
226336
226337
226338
226340
226341
226342
226343
226344
226346
226347
226348
226349
226350
226351
226353
226356
226358
226360
226361
226362
226363
226364
226366
226368
226369
226370
226371
226372
226373
226374
226375
226376
226377
226378
226379
226380
226381
226383
226384
226385
226389
226390
226392
226393
226394
226395
226396
226397
226399
226400
226401
226402
226404
226405
226407
226409
226410
226412
226414
226416
226417
226418
226421
226422
226423
226424
226425
226426
226427
226430
226431
226433
226434
226436
226437
226440
226442
226443
226445
226446
226447
226448
226450
226451
226452
226453
226454
226455
226456
226457
226458
226463
226464
226467
226468
226469
226470
226473
226474
226475
226476
226477
226478
226479
226480
226483
226484
226487
226488
226489
226490
226491
226492
226493
226494
226495
226496
226497
226498
226499
226500
226501
226502
226503
226504
226505
226506
226507
226508
226509
226510
226511
226512
226513
226514
226515
226517
226518
226520
226521
226523
226524
226525
226529
226530
226532
226533
226534
226536
226538
226540
226542
226543
226544
226545
226546
226547
226548
226549
226550
226551
226553
226554
226555
226556
226557
226558
226559
226560
226561
226562
226563
226565
226568
226569
226570
226571
226572
226573
226576
226578
226579
226580
226581
226582
226583
226584
226585
226586
226587
226588
226589
226590
226591
226592
226593
226594
226595
226596
226597
226598
226600
226602
226603
226604
226605
226607
226609
226610
226611
226612
226613
226615
226616
226617
226618
226619
226620
226622
226623
226624
226626
226627
226628
226629
226630
226631
226632
226633
226634
226635
226636
226637
226638
226639
226640
226642
226643
226644
226645
226646
226648
226649
226650
226651
226652
226653
226655
226658
226660
226661
226662
226664
226665
226666
226667
226668
226669
226670
226671
226672
226673
226674
226675
226676
226677
226678
226679
226680
226681
226683
226684
226686
226687
226688
226689
226690
226691
226694
226696
226697
226698
226699
226700
226701
226702
226703
226704
226705
226706
226707
226709
226710
226712
226713
226714
226715
226716
226717
226719
226720
226721
226722
226723
226724
226725
226726
226727
226728
226730
226731
226732
226733
226734
226735
226745
226747
226749
226753
226754
226755
226756
226757
226759
226763
226764
226765
226766
226767
226769
226771
226775
226778
226779
226780
226786
226787
226788
226789
226790
226791
226792
226793
226794
226795
226796
226797
226798
226799
226800
226801
226802
226803
226804
226805
226806
226807
226808
226809
226811
226812
226814
226815
226816
226817
226818
226819
226824
226825
226826
226827
226828
226830
226831
226832
226833
226834
226835
226836
226837
226838
226839
226840
226841
226842
226845
226846
226848
226849
226850
226851
226852
226853
226854
226855
226856
226857
226858
226859
226860
226862
226866
226867
226869
226870
226871
226874
226877
226878
226880
226881
226883
226885
226886
226887
226888
226889
226890
226891
226892
226893
226895
226896
226897
226898
226899
226900
226901
226902
226903
226904
226906
226907
226908
226912
226913
226916
226917
226918
226920
226921
226922
226924
226925
226927
226928
226929
226930
226931
226932
226933
226936
226938
226939
226940
226941
226942
226943
226948
226950
226951
226952
226953
226954
226955
226957
226958
226960
226961
226962
226963
226965
226966
226967
226968
226970
226971
226972
226973
226975
226976
226977
226978
226979
226980
226981
226982
226983
226984
226985
226987
226988
226989
226991
226992
226993
226994
226995
226996
226997
226998
226999
227000
227002
227004
227005
227006
227008
227010
227011
227012
227013
227014
227015
227017
227018
227021
227022
227023
227024
227025
227026
227027
227029
227031
227033
227034
227035
227036
227037
227038
227039
227040
227041
227042
227043
227045
227046
227048
227050
227051
227053
227055
227056
227057
227058
227059
227060
227061
227062
227063
227064
227065
227066
227067
227068
227069
227070
227071
227072
227074
227075
227076
227077
227078
227079
227081
227082
227084
227085
227086
227087
227088
227089
227090
227091
227092
227093
227094
227098
227099
227100
227101
227102
227103
227104
227106
227109
227110
227111
227112
227113
227114
227115
227118
227119
227120
227121
227122
227123
227124
227125
227126
227127
227128
227129
227130
227131
227132
227133
227134
227135
227136
227137
227138
227139
227140
227141
227142
227143
227144
227145
227146
227147
227148
227149
227150
227151
227152
227153
227155
227156
227157
227158
227159
227162
227163
227168
227170
227171
227172
227176
227177
227179
227180
227183
227184
227185
227186
227187
227188
227189
227190
227191
227192
227193
227194
227195
227196
227197
227198
227200
227202
227203
227204
227205
227206
227207
227208
227210
227211
227212
227213
227214
227215
227216
227217
227218
227220
227221
227222
227223
227224
227225
227227
227229
227231
227232
227233
227234
227235
227236
227237
227239
227241
227242
227244
227246
227250
227251
227252
227254
227255
227257
227258
227259
227260
227262
227267
227268
227270
227271
227272
227273
227274
227275
227276
227277
227278
227280
227282
227283
227284
227286
227287
227288
227289
227290
227292
227293
227294
227295
227296
227298
227299
227300
227301
227302
227303
227304
227306
227307
227308
227309
227310
227311
227312
227313
227314
227315
227316
227317
227318
227319
227321
227322
227323
227324
227325
227326
227328
227329
227330
227331
227332
227333
227334
227335
227336
227337
227338
227339
227340
227341
227342
227343
227344
227345
227346
227347
227348
227350
227351
227352
227353
227354
227355
227357
227358
227359
227360
227361
227363
227364
227365
227366
227368
227369
227370
227371
227372
227373
227374
227375
227377
227378
227379
227380
227384
227385
227386
227387
227388
227389
227390
227392
227393
227394
227395
227396
227397
227398
227400
227401
227402
227403
227404
227406
227407
227408
227409
227410
227411
227412
227413
227415
227416
227417
227418
227419
227421
227423
227424
227425
227427
227428
227429
227430
227431
227432
227433
227434
227438
227439
227440
227442
227443
227445
227446
227447
227448
227449
227450
227451
227452
227453
227454
227455
227456
227457
227458
227459
227460
227461
227462
227463
227464
227465
227466
227467
227468
227469
227470
227471
227472
227474
227476
227477
227478
227479
227481
227483
227484
227486
227487
227489
227491
227492
227493
227496
227497
227499
227500
227502
227504
227505
227507
227508
227509
227510
227511
227512
227513
227514
227515
227517
227519
227522
227523
227525
227528
227529
227530
227531
227532
227533
227534
227535
227537
227539
227541
227543
227544
227547
227550
227552
227556
227558
227560
227561
227562
227565
227567
227568
227569
227571
227573
227575
227576
227577
227579
227581
227582
227583
227584
227585
227586
227588
227589
227590
227591
227593
227594
227595
227596
227597
227598
227601
227602
227603
227604
227605
227606
227607
227608
227609
227610
227611
227612
227613
227614
227615
227616
227617
227618
227620
227621
227623
227624
227625
227626
227627
227628
227629
227630
227631
227632
227633
227634
227635
227636
227637
227638
227640
227641
227642
227643
227644
227645
227646
227650
227651
227652
227653
227658
227661
227662
227663
227664
227665
227666
227667
227669
227670
227671
227673
227675
227676
227677
227679
227681
227682
227683
227684
227685
227688
227689
227690
227691
227693
227694
227695
227697
227698
227699
227701
227703
227705
227706
227708
227711
227713
227716
227717
227719
227720
227721
227723
227724
227725
227726
227727
227728
227729
227730
227731
227732
227733
227734
227735
227736
227737
227738
227739
227740
227742
227743
227744
227745
227747
227748
227749
227750
227751
227752
227753
227755
227756
227757
227758
227759
227760
227763
227764
227765
227766
227767
227768
227769
227770
227771
227773
227774
227775
227776
227777
227779
227781
227782
227783
227784
227785
227786
227787
227789
227790
227792
227793
227795
227796
227797
227798
227799
227800
227801
227802
227803
227804
227805
227806
227808
227809
227810
227811
227812
227813
227814
227815
227816
227817
227818
227819
227820
227821
227822
227823
227824
227825
227826
227827
227828
227829
227830
227832
227833
227835
227838
227839
227840
227841
227842
227843
227844
227845
227846
227847
227848
227849
227850
227852
227854
227855
227856
227857
227860
227861
227862
227864
227865
227866
227867
227868
227869
227870
227871
227872
227873
227874
227876
227877
227878
227880
227882
227883
227884
227885
227888
227889
227890
227891
227892
227895
227896
227897
227898
227899
227901
227903
227904
227905
227906
227909
227910
227911
227912
227913
227914
227915
227917
227919
227920
227921
227922
227923
227924
227925
227926
227927
227928
227930
227932
227933
227934
227935
227936
227937
227938
227939
227942
227943
227944
227945
227946
227947
227950
227951
227952
227954
227955
227957
227958
227959
227960
227961
227962
227963
227964
227966
227967
227970
227971
227973
227974
227975
227976
227977
227979
227982
227983
227984
227985
227986
227987
227989
227991
227992
227993
227994
227995
227996
227997
227999
228000
228001
228003
228004
228005
228006
228008
228009
228010
228011
228013
228014
228015
228016
228018
228019
228021
228022
228023
228024
228026
228027
228028
228029
228031
228033
228034
228035
228036
228037
228038
228039
228040
228041
228042
228043
228044
228046
228048
228049
228051
228054
228056
228057
228059
228060
228063
228064
228067
228068
228069
228070
228071
228072
228073
228074
228075
228076
228077
228081
228082
228083
228085
228089
228090
228091
228092
228094
228096
228097
228099
228101
228102
228104
228105
228106
228107
228108
228109
228110
228111
228112
228113
228114
228115
228116
228117
228118
228119
228120
228121
228122
228123
228124
228126
228127
228128
228129
228131
228135
228136
228137
228138
228139
228140
228141
228142
228143
228144
228145
228146
228147
228148
228149
228150
228152
228153
228154
228156
228158
228160
228161
228163
228164
228165
228166
228167
228168
228169
228170
228171
228172
228173
228174
228175
228176
228177
228179
228181
228183
228185
228186
228187
228191
228192
228194
228195
228196
228197
228199
228200
228201
228202
228203
228204
228205
228210
228211
228212
228213
228214
228215
228216
228217
228218
228219
228220
228221
228223
228224
228225
228227
228228
228229
228230
228231
228232
228233
228234
228235
228236
228237
228238
228239
228240
228242
228243
228244
228245
228246
228247
228248
228249
228251
228252
228254
228256
228257
228258
228261
228263
228264
228266
228267
228268
228269
228272
228274
228276
228279
228281
228282
228283
228284
228285
228286
228287
228290
228291
228292
228296
228298
228301
228302
228303
228305
228306
228307
228308
228309
228310
228314
228315
228316
228317
228318
228320
228321
228324
228328
228329
228330
228331
228332
228333
228336
228337
228338
228339
228340
228342
228344
228345
228346
228347
228348
228349
228350
228351
228352
228354
228355
228356
228357
228358
228359
228360
228361
228362
228363
228364
228365
228366
228367
228368
228369
228370
228371
228372
228373
228374
228375
228376
228377
228378
228379
228381
228382
228383
228384
228385
228386
228387
228388
228389
228391
228392
228394
228395
228396
228397
228398
228400
228401
228402
228403
228404
228405
228406
228408
228410
228411
228412
228413
228415
228416
228417
228418
228419
228420
228421
228422
228423
228424
228425
228426
228427
228428
228429
228430
228431
228433
228434
228435
228436
228437
228439
228440
228442
228444
228445
228446
228447
228449
228450
228451
228452
228453
228454
228455
228456
228457
228458
228459
228460
228461
228462
228463
228464
228465
228466
228467
228468
228469
228470
228472
228473
228474
228476
228478
228479
228480
228481
228482
228483
228484
228486
228489
228491
228495
228497
228499
228501
228502
228503
228504
228505
228506
228507
228508
228512
228516
228518
228521
228523
228524
228526
228527
228529
228530
228532
228533
228534
228537
228538
228539
228540
228541
228542
228543
228545
228546
228548
228549
228551
228553
228554
228557
228558
228559
228560
228561
228563
228567
228569
228570
228572
228573
228576
228579
228580
228581
228583
228584
228585
228586
228587
228588
228589
228590
228591
228592
228594
228595
228597
228601
228603
228604
228605
228606
228607
228608
228611
228613
228615
228617
228618
228619
228620
228625
228626
228627
228628
228630
228631
228632
228633
228634
228635
228636
228637
228638
228639
228643
228647
228648
228650
228655
228656
228658
228661
228662
228663
228664
228668
228671
228672
228674
228677
228681
228684
228686
228687
228688
228690
228691
228692
228694
228697
228698
228700
228702
228703
228704
228705
228707
228710
228711
228714
228715
228716
228717
228718
228719
228720
228721
228722
228723
228724
228726
228728
228729
228730
228732
228734
228735
228736
228737
228739
228740
228741
228742
228743
228744
228745
228746
228747
228748
228752
228753
228756
228757
228759
228760
228762
228764
228765
228767
228769
228770
228771
228773
228775
228776
228777
228778
228779
228780
228781
228782
228783
228784
228785
228786
228787
228788
228789
228790
228791
228792
228793
228794
228795
228797
228798
228800
228802
228803
228804
228805
228806
228807
228808
228809
228810
228811
228813
228816
228817
228818
228819
228821
228822
228823
228824
228825
228826
228827
228828
228830
228831
228832
228833
228834
228837
228839
228842
228844
228846
228849
228850
228851
228855
228859
228863
228864
228865
228866
228867
228868
228873
228877
228879
228880
228882
228883
228885
228886
228888
228891
228892
228894
228895
228898
228899
228901
228902
228904
228905
228907
228908
228909
228910
228911
228912
228913
228914
228915
228917
228919
228920
228921
228922
228923
228924
228926
228927
228928
228930
228931
228934
228935
228937
228938
228939
228940
228941
228942
228943
228944
228945
228946
228947
228948
228949
228950
228951
228952
228953
228954
228955
228958
228959
228960
228961
228963
228964
228965
228966
228967
228969
228973
228976
228977
228978
228979
228985
228986
228987
228989
228990
228994
228995
228996
228997
228999
229000
229001
229002
229003
229005
229008
229009
229010
229011
229014
229015
229016
229017
229018
229019
229020
229021
229023
229024
229025
229026
229027
229028
229029
229030
229031
229032
229034
229035
229036
229037
229038
229039
229040
229041
229042
229044
229045
229046
229047
229048
229049
229050
229051
229052
229053
229054
229055
229056
229057
229058
229059
229061
229062
229063
229065
229066
229067
229068
229069
229070
229073
229074
229075
229076
229077
229078
229079
229080
229081
229082
229083
229084
229085
229086
229088
229089
229090
229091
229092
229094
229096
229098
229099
229100
229101
229102
229104
229105
229106
229107
229108
229109
229110
229111
229112
229114
229115
229116
229117
229118
229119
229120
229121
229122
229123
229124
229125
229126
229127
229128
229129
229130
229131
229132
229133
229134
229135
229136
229137
229139
229140
229141
229142
229143
229145
229147
229148
229149
229150
229153
229154
229155
229156
229160
229161
229162
229163
229164
229166
229168
229169
229170
229171
229172
229173
229174
229175
229179
229180
229181
229183
229190
229191
229192
229193
229194
229195
229196
229197
229199
229200
229201
229202
229203
229204
229205
229207
229208
229210
229211
229215
229216
229217
229219
229220
229221
229224
229225
229226
229228
229229
229230
229231
229233
229234
229236
229237
229239
229240
229241
229242
229243
229245
229246
229247
229248
229249
229253
229254
229257
229258
229262
229263
229264
229265
229267
229268
229269
229270
229271
229272
229273
229274
229275
229276
229277
229279
229280
229281
229282
229283
229284
229285
229288
229290
229291
229292
229294
229295
229296
229297
229298
229299
229300
229301
229302
229304
229305
229307
229309
229310
229312
229313
229314
229315
229316
229318
229319
229320
229321
229322
229323
229324
229325
229326
229327
229328
229329
229330
229331
229332
229333
229334
229335
229336
229337
229338
229339
229340
229341
229342
229343
229344
229347
229349
229351
229352
229354
229355
229356
229357
229358
229359
229360
229361
229362
229363
229364
229365
229366
229367
229368
229369
229370
229371
229372
229373
229375
229376
229377
229380
229383
229384
229385
229386
229387
229388
229389
229390
229391
229392
229393
229394
229395
229396
229397
229398
229399
229400
229401
229402
229403
229404
229405
229406
229407
229408
229409
229410
229411
229412
229414
229415
229416
229418
229419
229420
229423
229424
229425
229426
229427
229428
229429
229431
229432
229433
229435
229436
229437
229438
229439
229441
229443
229444
229446
229448
229449
229450
229451
229452
229453
229454
229455
229456
229457
229460
229461
229462
229463
229464
229465
229466
229467
229468
229470
229471
229473
229474
229476
229477
229478
229480
229481
229482
229484
229485
229486
229487
229488
229489
229490
229491
229492
229493
229494
229495
229496
229497
229499
229501
229502
229503
229504
229507
229508
229509
229510
229512
229513
229514
229515
229516
229517
229518
229519
229520
229523
229529
229530
229532
229534
229535
229536
229537
229538
229539
229545
229547
229550
229554
229555
229556
229557
229558
229559
229561
229562
229563
229564
229565
229567
229571
229574
229575
229577
229583
229588
229589
229590
229592
229594
229595
229596
229598
229599
229606
229607
229611
229614
229615
229616
229618
229620
229622
229623
229626
229628
229629
229630
229632
229636
229637
229638
229639
229640
229642
229646
229647
229648
229649
229652
229653
229654
229661
229662
229663
229664
229667
229669
229670
229673
229675
229676
229677
229683
229684
229685
229687
229689
229696
229700
229704
229706
229710
229711
229712
229714
229715
229716
229717
229724
229725
229726
229727
229728
229729
229730
229731
229736
229737
229740
229744
229751
229752
229755
229757
229759
229760
229761
229763
229766
229767
229776
229777
229778
229779
229784
229785
229786
229787
229789
229790
229792
229793
229794
229795
229796
229797
229798
229799
229800
229801
229802
229803
229804
229805
229806
229807
229812
229813
229814
229815
229816
229818
229820
229823
229826
229829
229833
229834
229835
229838
229842
229843
229844
229845
229847
229855
229856
229858
229860
229863
229867
229870
229876
229877
229878
229880
229887
229891
229892
229903
229906
229907
229908
229912
229913
229915
229916
229917
229919
229923
229927
229928
229929
229931
229933
229935
229937
229938
229939
229944
229949
229955
229956
229959
229963
229970
229976
229983
229985
229986
229988
229989
229995
229997
230005
230007
230014
230019
230020
230023
230024
230025
230027
230031
230032
230033
230034
230035
230036
230039
230040
230041
230044
230045
230046
230047
230050
230052
230054
230058
230060
230062
230063
230064
230066
230067
230068
230069
230074
230077
230078
230081
230083
230089
230090
230092
230096
230097
230101
230104
230106
230112
230115
230117
230119
230120
230122
230123
230128
230130
230132
230134
230135
230145
230152
230153
230156
230158
230159
230160
230161
230163
230164
230167
230173
230174
230176
230178
230179
230180
230181
230183
230185
230186
230189
230192
230195
230196
230197
230200
230205
230207
230208
230209
230211
230213
230214
230217
230219
230220
230223
230225
230226
230231
230234
230238
230239
230241
230244
230246
230247
230248
230249
230256
230258
230259
230263
230264
230266
230268
230270
230271
230272
230274
230275
230282
230285
230286
230291
230292
230293
230294
230298
230299
230303
230304
230308
230312
230313
230314
230315
230327
230329
230334
230335
230336
230339
230344
230345
230348
230351
230353
230355
230356
230358
230362
230364
230365
230366
230367
230370
230372
230373
230378
230379
230392
230393
230395
230396
230398
230399
230400
230401
230402
230405
230406
230409
230412
230413
230414
230415
230417
230418
230424
230426
230428
230430
230434
230437
230439
230446
230452
230457
230458
230461
230463
230465
230466
230468
230471
230472
230474
230481
230482
230486
230489
230490
230493
230494
230497
230498
230501
230502
230504
230505
230510
230511
230512
230513
230514
230515
230516
230517
230519
230521
230524
230525
230526
230527
230529
230530
230532
230534
230536
230538
230540
230545
230546
230547
230549
230554
230556
230564
230577
230580
230599
230608
230617
230626
230628
230632
230635
230637
230639
230642
230644
230645
230647
230652
230653
230656
230658
230659
230663
230664
230665
230671
230676
230677
230680
230681
230685
230688
230689
230690
230692
230693
230697
230705
230712
230714
230718
230720
230721
230724
230725
230727
230729
230733
230734
230747
230748
230749
230751
230752
230755
230757
230761
230762
230764
230767
230769
230770
230772
230773
230774
230778
230785
230786
230787
230801
230802
230803
230805
230809
230816
230820
230823
230827
230831
230832
230836
230843
230844
230845
230849
230851
230854
230857
230858
230860
230861
230863
230866
230870
230873
230875
230876
230878
230880
230882
230884
230885
230887
230890
230894
230897
230898
230899
230901
230913
230915
230917
230918
230919
230920
230927
230930
230934
230936
230938
230939
230940
230945
230946
230947
230950
230957
230959
230960
230967
230969
230973
230978
230981
230987
230989
230991
230993
230996
230998
231001
231002
231004
231005
231006
231007
231008
231009
231011
231012
231014
231016
231018
231019
231026
231027
231029
231030
231031
231032
231033
231037
231039
231042
231046
231047
231048
231049
231050
231051
231053
231054
231055
231056
231057
231058
231059
231065
231066
231067
231069
231070
231073
231074
231075
231076
231077
231080
231081
231084
231086
231089
231092
231093
231095
231097
231098
231099
231100
231101
231102
231105
231110
231116
231117
231123
231124
231127
231128
231129
231134
231136
231141
231146
231147
231148
231150
231151
231153
231154
231161
231162
231163
231165
231170
231172
231173
231177
231179
231180
231181
231184
231189
231191
231195
231196
231200
231202
231204
231205
231206
231208
231211
231214
231216
231217
231218
231219
231221
231223
231224
231225
231227
231229
231231
231232
231233
231235
231238
231240
231243
231244
231245
231246
231247
231250
231252
231253
231256
231259
231263
231264
231265
231267
231268
231271
231272
231275
231286
231287
231291
231292
231293
231298
231299
231302
231304
231305
231308
231310
231312
231313
231314
231315
231316
231317
231320
231321
231322
231325
231326
231328
231335
231341
231343
231344
231345
231346
231349
231352
231354
231355
231356
231359
231361
231362
231363
231367
231369
231374
231379
231380
231381
231382
231384
231385
231387
231388
231389
231391
231393
231394
231396
231397
231398
231399
231400
231403
231404
231405
231406
231407
231409
231411
231412
231413
231414
231415
231416
231417
231419
231421
231423
231424
231425
231426
231428
231430
231431
231434
231435
231436
231438
231439
231440
231441
231445
231446
231448
231449
231452
231455
231456
231457
231458
231459
231465
231466
231467
231471
231472
231473
231477
231478
231486
231487
231490
231491
231492
231493
231496
231497
231498
231499
231504
231505
231506
231507
231508
231509
231510
231511
231512
231513
231516
231517
231519
231520
231521
231525
231527
231529
231531
231536
231537
231538
231539
231543
231546
231548
231552
231554
231555
231556
231557
231558
231559
231560
231562
231564
231565
231568
231570
231572
231573
231575
231576
231580
231581
231582
231584
231585
231588
231589
231590
231591
231592
231594
231595
231596
231598
231599
231600
231601
231602
231603
231604
231605
231606
231608
231609
231610
231611
231612
231615
231616
231620
231622
231625
231626
231627
231629
231630
231632
231634
231635
231637
231638
231639
231640
231641
231642
231643
231644
231645
231646
231647
231648
231649
231650
231651
231652
231653
231654
231655
231658
231659
231660
231661
231662
231664
231665
231666
231667
231669
231670
231671
231673
231676
231677
231680
231683
231684
231685
231687
231689
231692
231694
231695
231696
231697
231700
231701
231702
231703
231704
231706
231707
231708
231709
231710
231711
231712
231713
231714
231715
231716
231717
231718
231719
231720
231721
231722
231723
231724
231725
231726
231727
231729
231732
231734
231736
231737
231738
231739
231740
231741
231742
231743
231744
231746
231747
231748
231749
231750
231751
231752
231754
231755
231757
231759
231760
231762
231763
231765
231767
231768
231770
231772
231773
231774
231775
231776
231777
231778
231779
231780
231782
231786
231787
231789
231791
231792
231794
231795
231797
231799
231800
231801
231802
231803
231804
231805
231806
231811
231813
231814
231816
231817
231822
231823
231825
231826
231829
231831
231832
231833
231837
231838
231843
231844
231848
231853
231855
231856
231857
231858
231859
231860
231861
231862
231863
231864
231865
231866
231867
231868
231869
231871
231872
231875
231877
231878
231879
231880
231882
231883
231884
231885
231886
231887
231888
231889
231890
231891
231892
231895
231896
231898
231899
231900
231901
231903
231904
231908
231911
231913
231914
231915
231918
231923
231933
231936
231937
231940
231941
231943
231947
231948
231950
231952
231962
231963
231965
231966
231968
231972
231974
231975
231978
231979
231980
231981
231982
231983
231984
231985
231986
231988
231989
231991
231993
231994
231996
231997
231999
232001
232002
232003
232004
232005
232007
232008
232016
232017
232018
232020
232021
232022
232024
232027
232028
232035
232037
232038
232039
232041
232042
232043
232044
232045
232047
232048
232049
232050
232051
232052
232053
232054
232055
232057
232059
232060
232061
232063
232064
232065
232067
232070
232071
232075
232078
232079
232080
232082
232083
232084
232085
232086
232087
232088
232089
232091
232093
232095
232099
232100
232101
232102
232103
232105
232106
232107
232108
232109
232111
232115
232116
232117
232118
232119
232120
232121
232122
232123
232124
232125
232126
232127
232128
232129
232131
232132
232133
232135
232136
232137
232138
232142
232145
232147
232148
232150
232152
232160
232163
232166
232169
232172
232174
232177
232179
232180
232181
232183
232184
232185
232186
232189
232190
232192
232193
232196
232197
232201
232207
232208
232209
232210
232211
232213
232214
232216
232217
232218
232219
232225
232226
232231
232234
232236
232237
232241
232242
232243
232246
232252
232257
232258
232264
232265
232266
232267
232268
232269
232272
232273
232274
232277
232281
232282
232284
232285
232286
232287
232288
232290
232291
232296
232299
232300
232305
232306
232309
232310
232311
232317
232318
232319
232322
232330
232333
232335
232339
232340
232342
232343
232347
232348
232349
232350
232351
232352
232354
232355
232356
232360
232363
232364
232367
232369
232370
232371
232373
232375
232376
232378
232381
232382
232384
232385
232391
232392
232393
232394
232395
232396
232398
232399
232400
232403
232404
232406
232407
232409
232411
232412
232413
232415
232416
232417
232419
232420
232421
232423
232426
232428
232429
232430
232431
232432
232434
232436
232437
232442
232443
232444
232445
232448
232449
232452
232456
232458
232460
232467
232468
232470
232475
232480
232482
232488
232491
232492
232496
232497
232498
232499
232500
232501
232503
232506
232511
232512
232516
232517
232521
232524
232525
232529
232532
232535
232536
232541
232542
232543
232544
232545
232546
232549
232551
232555
232556
232557
232559
232560
232561
232562
232563
232564
232565
232566
232569
232570
232571
232572
232573
232575
232580
232581
232582
232584
232585
232586
232587
232588
232590
232595
232596
232597
232598
232599
232601
232602
232603
232606
232607
232609
232611
232614
232615
232619
232620
232622
232624
232626
232627
232629
232630
232633
232636
232638
232639
232640
232649
232650
232651
232652
232654
232655
232656
232659
232661
232662
232668
232669
232674
232675
232676
232678
232687
232691
232692
232695
232696
232697
232700
232701
232703
232704
232705
232706
232713
232715
232716
232717
232718
232719
232721
232722
232723
232730
232732
232733
232734
232735
232736
232737
232738
232739
232740
232741
232742
232743
232744
232747
232748
232749
232751
232752
232754
232756
232757
232758
232759
232760
232761
232762
232764
232765
232766
232767
232768
232769
232773
232774
232775
232776
232777
232779
232780
232781
232784
232785
232786
232787
232788
232789
232790
232791
232792
232793
232794
232795
232796
232797
232799
232800
232802
232803
232804
232805
232806
232807
232808
232809
232810
232811
232812
232813
232814
232817
232820
232821
232822
232824
232825
232828
232829
232830
232832
232833
232834
232835
232836
232837
232839
232840
232841
232842
232844
232845
232846
232847
232848
232849
232850
232851
232852
232853
232855
232857
232858
232859
232860
232862
232863
232864
232865
232866
232869
232870
232871
232873
232877
232878
232879
232880
232881
232882
232883
232884
232886
232888
232889
232890
232893
232894
232895
232896
232898
232901
232902
232903
232904
232905
232908
232909
232910
232911
232912
232913
232914
232915
232916
232918
232920
232921
232923
232924
232925
232926
232927
232929
232930
232931
232932
232933
232934
232935
232936
232937
232938
232939
232940
232941
232942
232945
232947
232948
232949
232950
232951
232952
232954
232955
232956
232958
232959
232961
232962
232964
232965
232968
232969
232970
232972
232973
232977
232979
232980
232981
232982
232983
232985
232988
232992
232994
232995
232997
232998
232999
233001
233002
233003
233004
233005
233006
233007
233008
233009
233010
233012
233013
233015
233017
233022
233023
233024
233025
233026
233027
233028
233030
233031
233032
233033
233034
233035
233036
233037
233038
233039
233040
233041
233042
233045
233046
233047
233048
233049
233050
233053
233061
233062
233063
233064
233065
233066
233067
233068
233070
233071
233072
233077
233078
233080
233082
233084
233085
233086
233088
233089
233091
233093
233094
233095
233098
233105
233107
233110
233113
233115
233118
233124
233126
233127
233129
233131
233132
233136
233137
233139
233141
233144
233145
233146
233147
233148
233150
233155
233159
233160
233161
233162
233163
233164
233165
233166
233167
233169
233170
233173
233175
233177
233178
233179
233180
233182
233183
233184
233185
233187
233189
233190
233191
233193
233194
233195
233196
233197
233198
233201
233203
233204
233206
233207
233210
233212
233213
233214
233216
233219
233220
233222
233223
233224
233225
233226
233227
233230
233231
233232
233233
233234
233235
233237
233238
233239
233243
233244
233245
233246
233247
233251
233252
233253
233254
233255
233256
233257
233259
233260
233262
233263
233264
233265
233266
233268
233269
233271
233273
233274
233276
233277
233278
233281
233290
233291
233292
233294
233295
233296
233302
233304
233306
233309
233312
233315
233316
233317
233318
233321
233323
233324
233326
233327
233328
233329
233330
233331
233333
233334
233335
233336
233339
233341
233345
233347
233348
233349
233350
233351
233352
233354
233355
233361
233363
233366
233367
233368
233370
233371
233373
233376
233377
233379
233380
233383
233387
233389
233391
233392
233401
233402
233403
233404
233405
233406
233414
233415
233421
233422
233425
233429
233432
233433
233438
233441
233443
233449
233450
233452
233453
233455
233456
233457
233474
233477
233478
233480
233489
233493
233495
233496
233497
233500
233505
233509
233512
233513
233521
233522
233523
233530
233531
233536
233537
233538
233539
233555
233556
233557
233559
233560
233563
233567
233568
233569
233573
233574
233578
233579
233586
233589
233590
233592
233596
233604
233610
233611
233616
233622
233625
233636
233637
233639
233643
233645
233647
233649
233651
233654
233655
233658
233662
233663
233665
233666
233667
233670
233672
233674
233675
233678
233679
233680
233681
233682
233685
233686
233691
233694
233696
233697
233699
233704
233705
233706
233707
233708
233709
233710
233711
233712
233713
233715
233716
233717
233718
233721
233722
233723
233724
233725
233730
233735
233736
233737
233738
233740
233741
233743
233746
233747
233748
233751
233752
233753
233754
233755
233756
233757
233758
233762
233764
233765
233766
233768
233772
233773
233774
233775
233776
233777
233781
233782
233784
233785
233786
233787
233788
233789
233792
233794
233797
233799
233800
233801
233802
233804
233805
233808
233809
233811
233813
233816
233817
233821
233822
233823
233826
233828
233829
233831
233832
233833
233834
233836
233837
233838
233839
233840
233841
233842
233845
233846
233849
233850
233852
233853
233854
233856
233857
233862
233863
233864
233867
233868
233869
233870
233872
233875
233876
233877
233878
233880
233882
233883
233886
233887
233889
233890
233891
233892
233893
233894
233895
233896
233897
233898
233899
233900
233901
233903
233905
233906
233907
233909
233910
233912
233914
233915
233916
233917
233919
233920
233922
233923
233924
233925
233926
233928
233930
233931
233932
233933
233934
233935
233936
233937
233940
233941
233942
233944
233945
233946
233949
233950
233951
233952
233953
233954
233955
233956
233957
233958
233959
233961
233963
233964
233965
233966
233967
233968
233969
233970
233971
233972
233973
233974
233975
233976
233977
233980
233981
233984
233985
233986
233987
233988
233989
233990
233991
233994
233997
233998
234000
234002
234003
234004
234007
234011
234013
234014
234015
234016
234017
234018
234019
234020
234021
234023
234024
234026
234027
234028
234029
234031
234033
234034
234035
234036
234037
234038
234039
234040
234042
234043
234044
234045
234047
234049
234050
234054
234057
234058
234059
234060
234062
234063
234065
234066
234067
234070
234073
234074
234076
234081
234084
234085
234087
234089
234090
234091
234092
234093
234094
234096
234098
234100
234101
234102
234103
234104
234105
234106
234110
234113
234115
234117
234118
234119
234120
234121
234123
234124
234125
234126
234127
234128
234129
234130
234132
234134
234135
234136
234137
234138
234140
234142
234144
234145
234146
234147
234148
234149
234150
234151
234154
234156
234157
234158
234159
234160
234161
234162
234163
234164
234165
234166
234167
234168
234169
234170
234171
234173
234174
234176
234177
234178
234179
234180
234181
234182
234185
234186
234187
234188
234190
234191
234192
234193
234194
234195
234196
234197
234199
234200
234201
234202
234203
234204
234205
234206
234207
234209
234211
234212
234213
234214
234215
234217
234218
234219
234220
234221
234222
234223
234224
234226
234228
234229
234230
234231
234232
234233
234234
234237
234238
234239
234240
234242
234245
234247
234248
234249
234250
234251
234254
234255
234256
234257
234258
234259
234260
234261
234262
234263
234264
234265
234267
234268
234269
234270
234271
234272
234273
234275
234276
234277
234278
234279
234281
234282
234284
234285
234286
234287
234288
234289
234290
234291
234292
234293
234294
234296
234297
234298
234299
234300
234301
234304
234306
234308
234310
234312
234313
234314
234315
234317
234318
234319
234321
234322
234323
234324
234326
234328
234330
234331
234332
234333
234334
234335
234336
234337
234338
234341
234343
234344
234345
234346
234347
234348
234350
234351
234352
234353
234354
234355
234356
234357
234358
234359
234360
234363
234364
234365
234366
234369
234371
234372
234373
234376
234377
234379
234380
234382
234383
234384
234387
234388
234390
234392
234394
234395
234396
234397
234400
234401
234402
234403
234405
234406
234408
234409
234411
234412
234416
234418
234421
234422
234424
234425
234428
234430
234434
234436
234438
234439
234440
234441
234443
234444
234445
234446
234447
234448
234449
234450
234451
234452
234454
234455
234456
234457
234458
234460
234461
234462
234464
234465
234466
234468
234469
234472
234475
234476
234477
234478
234479
234481
234483
234484
234485
234486
234487
234488
234490
234492
234493
234494
234495
234496
234497
234498
234499
234500
234501
234502
234503
234505
234506
234507
234509
234510
234512
234515
234516
234517
234518
234520
234521
234524
234528
234529
234530
234531
234532
234533
234534
234536
234537
234538
234539
234540
234541
234542
234543
234546
234547
234548
234549
234550
234552
234553
234554
234555
234556
234557
234559
234561
234562
234563
234565
234566
234568
234570
234572
234577
234579
234580
234581
234582
234583
234584
234586
234588
234590
234591
234592
234594
234598
234599
234600
234602
234603
234604
234605
234606
234607
234608
234610
234611
234612
234613
234614
234615
234616
234617
234618
234620
234621
234622
234623
234627
234628
234629
234630
234631
234632
234633
234634
234635
234637
234638
234641
234642
234643
234644
234646
234647
234648
234649
234650
234651
234652
234653
234655
234658
234660
234661
234662
234664
234665
234667
234670
234672
234673
234674
234675
234676
234678
234679
234681
234682
234683
234684
234685
234686
234688
234689
234692
234693
234696
234697
234699
234700
234702
234703
234706
234707
234708
234710
234711
234712
234713
234714
234715
234716
234717
234718
234719
234720
234721
234722
234724
234725
234726
234727
234728
234729
234732
234733
234734
234735
234736
234737
234738
234740
234741
234743
234744
234746
234748
234749
234750
234751
234752
234753
234754
234755
234756
234757
234759
234760
234761
234762
234763
234764
234765
234766
234767
234768
234769
234770
234772
234773
234774
234775
234776
234777
234779
234780
234781
234782
234783
234784
234785
234786
234787
234788
234789
234790
234791
234792
234793
234794
234795
234796
234797
234799
234800
234801
234802
234803
234804
234805
234806
234807
234809
234810
234814
234815
234817
234818
234819
234821
234822
234823
234824
234826
234829
234830
234832
234833
234838
234839
234840
234841
234842
234844
234845
234846
234848
234849
234850
234851
234852
234853
234854
234856
234857
234858
234861
234862
234863
234865
234866
234867
234868
234870
234871
234872
234874
234875
234876
234877
234880
234881
234882
234883
234885
234886
234889
234892
234894
234895
234896
234897
234899
234901
234903
234908
234911
234913
234914
234915
234916
234917
234918
234920
234921
234922
234924
234925
234927
234928
234930
234933
234934
234935
234936
234938
234939
234940
234943
234944
234945
234946
234947
234949
234950
234951
234952
234955
234956
234957
234958
234959
234961
234962
234963
234964
234965
234967
234968
234969
234970
234971
234972
234973
234974
234975
234976
234977
234978
234979
234980
234981
234982
234983
234984
234985
234986
234987
234988
234989
234990
234991
234992
234993
234994
234995
234996
234997
234998
234999
235000
235001
235002
235003
235004
235005
235006
235007
235008
235009
235010
235011
235014
235015
235016
235017
235018
235019
235020
235021
235023
235025
235026
235029
235030
235031
235034
235035
235036
235037
235038
235039
235040
235041
235042
235044
235045
235046
235047
235048
235050
235051
235052
235053
235054
235055
235056
235057
235058
235059
235060
235062
235063
235064
235066
235067
235069
235070
235071
235072
235074
235080
235081
235082
235084
235086
235087
235090
235091
235092
235093
235095
235096
235097
235098
235099
235100
235101
235102
235103
235104
235105
235106
235107
235108
235109
235110
235111
235113
235114
235115
235117
235118
235119
235120
235121
235123
235124
235125
235126
235127
235129
235130
235131
235132
235133
235134
235135
235136
235137
235138
235139
235142
235143
235144
235145
235146
235147
235148
235149
235150
235152
235153
235155
235156
235157
235159
235160
235161
235162
235164
235165
235166
235167
235169
235174
235175
235176
235177
235178
235179
235181
235182
235184
235185
235186
235189
235190
235191
235193
235195
235196
235197
235199
235200
235201
235202
235203
235204
235205
235208
235209
235210
235211
235212
235213
235214
235216
235217
235219
235221
235223
235224
235225
235226
235227
235228
235229
235230
235231
235232
235233
235234
235235
235236
235237
235238
235239
235240
235241
235242
235243
235244
235246
235247
235248
235249
235251
235252
235253
235254
235255
235256
235257
235258
235260
235261
235263
235264
235265
235266
235267
235268
235269
235270
235271
235273
235274
235275
235276
235277
235279
235281
235282
235284
235285
235286
235288
235290
235291
235292
235293
235295
235296
235297
235299
235300
235301
235302
235303
235304
235307
235308
235311
235312
235313
235314
235316
235317
235318
235320
235321
235322
235324
235325
235326
235328
235330
235331
235332
235333
235334
235336
235337
235339
235342
235346
235348
235351
235352
235353
235356
235360
235361
235363
235364
235366
235367
235369
235370
235371
235372
235373
235374
235376
235377
235378
235380
235381
235382
235383
235385
235386
235387
235388
235389
235390
235392
235394
235395
235396
235397
235398
235399
235401
235402
235403
235405
235406
235407
235408
235410
235411
235412
235413
235414
235415
235416
235417
235418
235419
235420
235421
235422
235423
235425
235426
235428
235429
235430
235431
235432
235433
235435
235436
235437
235438
235439
235440
235442
235443
235444
235445
235446
235447
235448
235449
235450
235451
235452
235453
235454
235455
235456
235457
235458
235459
235460
235461
235462
235463
235464
235465
235467
235468
235469
235470
235472
235473
235474
235475
235476
235477
235478
235479
235480
235481
235482
235483
235484
235485
235486
235487
235488
235490
235491
235492
235493
235494
235495
235496
235497
235498
235499
235500
235501
235502
235504
235505
235506
235507
235509
235510
235511
235514
235515
235516
235517
235518
235519
235521
235522
235523
235524
235525
235526
235527
235529
235530
235534
235535
235536
235538
235539
235540
235541
235542
235543
235544
235545
235546
235547
235548
235550
235551
235552
235554
235556
235557
235558
235559
235560
235561
235562
235563
235564
235565
235566
235567
235568
235569
235570
235571
235573
235574
235575
235576
235577
235578
235579
235582
235583
235584
235588
235589
235591
235593
235594
235595
235596
235597
235599
235600
235601
235602
235603
235604
235605
235607
235608
235609
235610
235611
235612
235613
235614
235615
235616
235617
235621
235622
235623
235624
235625
235626
235627
235628
235629
235630
235631
235632
235633
235634
235635
235636
235637
235638
235639
235640
235641
235643
235644
235645
235647
235649
235650
235651
235653
235654
235655
235656
235657
235658
235659
235660
235661
235662
235664
235665
235666
235669
235670
235671
235672
235673
235674
235675
235676
235677
235678
235679
235680
235683
235684
235686
235687
235688
235689
235690
235691
235695
235696
235698
235699
235701
235703
235704
235706
235707
235708
235713
235714
235715
235716
235720
235721
235723
235724
235725
235726
235727
235729
235730
235731
235733
235734
235735
235736
235737
235739
235740
235743
235744
235745
235747
235748
235750
235752
235754
235755
235757
235758
235759
235760
235762
235763
235764
235765
235766
235767
235768
235769
235770
235771
235772
235774
235777
235778
235779
235780
235781
235783
235785
235786
235787
235788
235789
235790
235792
235793
235794
235795
235797
235798
235800
235801
235803
235804
235805
235806
235808
235809
235813
235814
235815
235816
235817
235818
235819
235822
235824
235825
235826
235827
235828
235829
235830
235831
235833
235834
235835
235836
235837
235839
235840
235841
235843
235844
235845
235846
235848
235849
235850
235852
235853
235854
235855
235856
235858
235859
235860
235861
235862
235867
235868
235869
235871
235872
235874
235875
235878
235879
235882
235884
235885
235886
235887
235888
235889
235890
235891
235892
235893
235894
235895
235896
235897
235898
235899
235901
235902
235903
235906
235908
235909
235910
235912
235913
235915
235916
235917
235918
235919
235920
235922
235923
235924
235926
235928
235929
235931
235932
235935
235936
235938
235939
235940
235942
235943
235946
235950
235951
235952
235953
235956
235957
235958
235959
235960
235961
235964
235965
235966
235967
235968
235969
235974
235976
235978
235979
235980
235987
235988
235989
235990
235992
235993
235994
235995
235996
235997
235998
235999
236000
236001
236002
236003
236004
236005
236006
236007
236008
236009
236010
236011
236012
236013
236014
236015
236016
236017
236018
236019
236020
236021
236022
236023
236024
236025
236026
236027
236029
236030
236031
236033
236034
236035
236036
236037
236038
236039
236041
236042
236044
236045
236046
236047
236048
236050
236051
236052
236053
236054
236055
236056
236057
236059
236061
236062
236063
236064
236068
236069
236070
236071
236073
236075
236076
236077
236078
236079
236080
236081
236083
236084
236085
236086
236087
236088
236089
236090
236091
236092
236093
236094
236095
236097
236099
236100
236102
236104
236105
236107
236108
236109
236112
236115
236116
236117
236118
236119
236120
236121
236124
236125
236126
236127
236128
236129
236133
236134
236136
236137
236139
236141
236142
236143
236146
236150
236151
236152
236153
236155
236156
236157
236159
236160
236161
236162
236163
236168
236170
236171
236174
236175
236176
236177
236178
236179
236180
236182
236184
236185
236186
236187
236188
236189
236190
236191
236192
236193
236195
236196
236198
236199
236200
236201
236202
236203
236205
236206
236207
236209
236212
236213
236214
236217
236218
236219
236220
236222
236223
236224
236226
236228
236229
236231
236233
236234
236235
236236
236237
236238
236239
236240
236241
236242
236243
236244
236246
236247
236249
236250
236252
236253
236256
236257
236259
236260
236263
236264
236266
236267
236268
236269
236271
236272
236273
236274
236275
236280
236283
236285
236286
236287
236288
236293
236295
236297
236300
236302
236304
236306
236310
236312
236313
236317
236318
236320
236321
236322
236323
236324
236326
236329
236331
236334
236338
236339
236341
236342
236344
236346
236347
236350
236353
236355
236356
236360
236361
236362
236364
236366
236367
236369
236370
236372
236373
236374
236375
236376
236378
236379
236380
236381
236382
236385
236386
236389
236390
236391
236392
236393
236395
236396
236397
236398
236399
236400
236401
236402
236404
236406
236409
236410
236411
236413
236414
236415
236416
236418
236419
236420
236421
236422
236423
236424
236427
236429
236430
236431
236432
236434
236435
236436
236437
236438
236439
236440
236441
236442
236443
236444
236445
236446
236447
236448
236449
236451
236452
236453
236454
236455
236456
236457
236458
236459
236463
236465
236466
236467
236468
236469
236470
236471
236473
236474
236475
236476
236478
236479
236480
236481
236482
236483
236484
236485
236486
236487
236488
236489
236490
236492
236493
236494
236496
236499
236501
236504
236505
236507
236508
236510
236512
236516
236521
236524
236528
236529
236530
236531
236532
236534
236535
236536
236538
236539
236540
236542
236543
236544
236545
236548
236549
236550
236552
236553
236554
236555
236558
236559
236560
236561
236562
236567
236568
236569
236570
236571
236572
236573
236574
236575
236577
236578
236579
236580
236581
236583
236584
236586
236589
236590
236591
236593
236594
236596
236597
236599
236601
236602
236603
236604
236605
236608
236609
236610
236611
236612
236613
236614
236615
236617
236620
236621
236622
236623
236625
236626
236627
236628
236629
236630
236632
236633
236634
236635
236636
236637
236638
236640
236643
236644
236647
236649
236650
236651
236652
236653
236655
236657
236658
236659
236660
236661
236663
236664
236665
236666
236667
236668
236669
236670
236671
236672
236673
236674
236675
236676
236677
236678
236679
236680
236681
236684
236685
236686
236687
236688
236689
236690
236691
236692
236694
236695
236696
236697
236698
236699
236700
236701
236702
236703
236704
236705
236706
236707
236708
236709
236710
236711
236713
236714
236715
236716
236717
236720
236722
236723
236724
236725
236726
236727
236728
236729
236730
236731
236733
236734
236735
236736
236738
236739
236740
236741
236742
236743
236744
236745
236746
236747
236748
236749
236750
236751
236752
236753
236754
236755
236756
236757
236758
236759
236760
236761
236762
236764
236765
236766
236767
236768
236769
236770
236772
236773
236774
236775
236776
236777
236778
236779
236780
236781
236782
236783
236784
236786
236787
236788
236789
236791
236792
236793
236795
236796
236797
236798
236799
236800
236801
236803
236804
236805
236806
236810
236811
236812
236813
236814
236815
236816
236818
236819
236820
236821
236822
236823
236824
236825
236826
236831
236832
236833
236834
236835
236836
236837
236839
236842
236843
236844
236845
236846
236847
236848
236849
236850
236851
236852
236853
236855
236860
236864
236866
236867
236868
236869
236870
236871
236872
236873
236874
236875
236877
236878
236879
236880
236881
236883
236884
236887
236889
236890
236891
236892
236893
236895
236896
236897
236899
236900
236901
236902
236903
236904
236905
236907
236908
236909
236911
236912
236913
236915
236916
236918
236920
236922
236923
236925
236927
236928
236929
236930
236931
236932
236933
236936
236938
236939
236940
236941
236942
236943
236944
236945
236947
236949
236950
236951
236952
236954
236955
236957
236958
236959
236960
236961
236962
236963
236964
236965
236966
236967
236968
236970
236972
236973
236975
236977
236978
236979
236983
236984
236985
236986
236987
236988
236989
236990
236991
236992
236993
236994
236995
236996
236997
236998
236999
237001
237002
237003
237004
237005
237006
237009
237010
237012
237013
237014
237015
237016
237018
237020
237021
237022
237023
237025
237027
237030
237031
237032
237033
237034
237035
237036
237037
237038
237041
237042
237043
237045
237046
237047
237048
237049
237052
237054
237055
237056
237057
237058
237059
237061
237062
237063
237066
237067
237068
237069
237071
237074
237075
237076
237077
237078
237079
237080
237081
237082
237083
237086
237087
237088
237089
237090
237091
237092
237093
237095
237096
237099
237100
237101
237102
237103
237104
237105
237107
237110
237111
237112
237113
237114
237115
237116
237117
237118
237120
237121
237123
237124
237125
237126
237127
237128
237129
237130
237131
237133
237134
237137
237138
237141
237142
237143
237146
237147
237149
237151
237152
237153
237154
237155
237156
237158
237159
237162
237164
237165
237166
237167
237168
237169
237170
237171
237172
237173
237179
237180
237182
237184
237185
237186
237188
237194
237196
237197
237198
237203
237204
237206
237207
237208
237209
237210
237211
237212
237213
237214
237221
237222
237223
237224
237226
237228
237230
237231
237232
237235
237236
237237
237239
237241
237242
237243
237244
237245
237246
237249
237252
237253
237255
237256
237259
237264
237265
237266
237267
237268
237269
237273
237277
237278
237279
237280
237285
237288
237289
237297
237306
237307
237312
237313
237314
237315
237316
237318
237319
237320
237326
237327
237329
237331
237332
237335
237337
237340
237343
237344
237345
237347
237349
237353
237354
237355
237356
237359
237360
237361
237366
237368
237371
237372
237373
237375
237376
237377
237378
237380
237381
237382
237384
237385
237386
237388
237389
237390
237391
237392
237399
237413
237414
237415
237416
237419
237426
237430
237431
237432
237435
237437
237438
237442
237443
237444
237445
237446
237447
237448
237449
237450
237451
237452
237453
237454
237455
237456
237457
237458
237462
237464
237465
237469
237470
237474
237475
237476
237479
237484
237494
237497
237504
237508
237513
237518
237519
237521
237523
237525
237528
237530
237537
237538
237541
237542
237544
237547
237548
237549
237551
237559
237563
237564
237565
237566
237567
237571
237572
237577
237578
237580
237582
237586
237588
237600
237602
237618
237632
237636
237641
237646
237648
237651
237655
237666
237667
237679
237681
237685
237687
237689
237692
237695
237696
237701
237703
237704
237708
237709
237712
237713
237714
237716
237718
237720
237721
237726
237729
237730
237731
237732
237734
237738
237746
237749
237750
237752
237759
237760
237761
237762
237763
237764
237766
237767
237769
237771
237772
237773
237778
237779
237780
237784
237785
237788
237796
237797
237799
237801
237806
237807
237808
237809
237813
237814
237817
237818
237819
237820
237821
237822
237830
237832
237833
237834
237839
237840
237841
237842
237843
237845
237848
237850
237851
237852
237857
237858
237859
237863
237865
237869
237872
237874
237875
237879
237882
237883
237887
237889
237893
237897
237900
237907
237908
237911
237917
237918
237920
237921
237922
237924
237925
237927
237928
237933
237934
237936
237938
237940
237942
237943
237944
237945
237947
237948
237949
237953
237956
237963
237964
237967
237977
237979
237982
237985
237986
237990
237993
237995
237998
237999
238001
238004
238005
238006
238009
238012
238014
238017
238028
238041
238042
238043
238044
238045
238047
238050
238051
238052
238054
238055
238056
238059
238060
238062
238063
238064
238066
238067
238068
238069
238072
238076
238078
238079
238082
238083
238084
238086
238088
238089
238093
238101
238108
238114
238115
238121
238123
238133
238135
238136
238138
238139
238144
238145
238146
238150
238151
238152
238155
238156
238158
238159
238161
238173
238174
238175
238176
238177
238180
238183
238186
238190
238191
238195
238196
238201
238204
238206
238209
238215
238216
238222
238228
238238
238252
238262
238267
238276
238277
238292
238293
238294
238295
238297
238307
238309
238317
238319
238321
238322
238324
238326
238328
238330
238331
238332
238333
238336
238340
238341
238342
238344
238346
238349
238351
238355
238356
238358
238361
238362
238364
238367
238368
238370
238371
238372
238373
238381
238383
238384
238387
238389
238392
238398
238402
238404
238405
238407
238409
238412
238414
238415
238416
238418
238419
238420
238422
238425
238427
238435
238437
238439
238452
238470
238472
238473
238474
238477
238481
238482
238494
238496
238504
238506
238507
238509
238511
238518
238520
238523
238524
238528
238529
238532
238533
238535
238536
238544
238559
238560
238561
238562
238563
238565
238568
238570
238571
238574
238577
238585
238586
238589
238592
238595
238597
238603
238604
238606
238607
238608
238620
238632
238637
238639
238641
238643
238646
238647
238648
238650
238652
238654
238655
238656
238657
238658
238659
238660
238661
238662
238667
238669
238677
238678
238680
238682
238683
238684
238685
238687
238689
238690
238702
238703
238704
238705
238707
238708
238710
238715
238716
238718
238719
238721
238723
238724
238725
238726
238728
238732
238734
238739
238742
238747
238748
238749
238750
238752
238756
238759
238761
238764
238765
238766
238767
238768
238771
238772
238773
238774
238775
238777
238781
238782
238784
238785
238786
238790
238791
238792
238795
238796
238797
238798
238801
238804
238809
238811
238812
238814
238817
238821
238825
238831
238836
238837
238840
238847
238848
238849
238851
238853
238854
238856
238857
238858
238864
238867
238868
238871
238873
238875
238877
238878
238880
238881
238882
238886
238891
238892
238893
238895
238896
238905
238907
238909
238914
238915
238917
238918
238919
238920
238921
238923
238929
238933
238936
238937
238938
238939
238940
238941
238942
238943
238944
238945
238947
238948
238949
238950
238951
238954
238955
238956
238957
238958
238960
238961
238962
238963
238964
238965
238966
238967
238969
238970
238971
238974
238975
238976
238977
238982
238983
238984
238992
238993
238995
238996
238999
239003
239005
239006
239007
239010
239011
239012
239013
239014
239015
239016
239017
239019
239021
239022
239023
239024
239025
239026
239027
239030
239031
239032
239037
239038
239039
239040
239041
239043
239044
239046
239047
239048
239049
239050
239051
239052
239053
239054
239055
239057
239059
239060
239061
239063
239064
239065
239067
239069
239071
239073
239075
239080
239084
239085
239088
239089
239092
239095
239098
239099
239100
239103
239105
239106
239107
239109
239114
239115
239116
239117
239118
239119
239120
239121
239123
239126
239130
239134
239135
239136
239137
239138
239139
239146
239148
239149
239150
239151
239152
239155
239156
239158
239159
239160
239161
239162
239163
239167
239169
239170
239172
239173
239175
239177
239179
239181
239184
239185
239186
239188
239189
239190
239192
239196
239197
239198
239200
239202
239203
239204
239205
239207
239208
239209
239210
239211
239212
239213
239214
239216
239218
239219
239220
239221
239222
239223
239226
239231
239234
239235
239236
239237
239239
239240
239242
239243
239244
239245
239246
239247
239248
239249
239250
239251
239252
239253
239255
239256
239257
239258
239259
239260
239261
239262
239263
239265
239266
239267
239269
239271
239272
239273
239277
239279
239280
239281
239282
239284
239287
239288
239289
239290
239292
239294
239295
239296
239297
239298
239299
239300
239301
239302
239303
239304
239305
239307
239309
239310
239311
239313
239314
239315
239316
239317
239319
239320
239321
239322
239323
239325
239326
239327
239328
239329
239330
239331
239332
239333
239334
239336
239338
239339
239340
239342
239344
239345
239347
239348
239351
239352
239353
239354
239355
239357
239359
239360
239361
239362
239363
239364
239366
239367
239368
239369
239370
239372
239375
239377
239379
239380
239381
239382
239384
239386
239387
239389
239390
239391
239392
239394
239395
239396
239397
239398
239400
239402
239403
239404
239406
239407
239408
239409
239410
239411
239413
239415
239416
239417
239418
239420
239421
239422
239423
239425
239426
239427
239428
239429
239430
239431
239432
239436
239438
239439
239440
239441
239442
239444
239445
239446
239447
239448
239449
239452
239453
239454
239455
239457
239460
239461
239462
239468
239472
239473
239474
239477
239479
239483
239485
239487
239488
239492
239493
239494
239495
239496
239499
239501
239502
239503
239507
239509
239510
239514
239515
239516
239517
239518
239519
239521
239522
239524
239525
239527
239528
239529
239530
239532
239534
239537
239538
239539
239542
239543
239544
239545
239546
239547
239548
239550
239551
239552
239553
239557
239558
239559
239561
239563
239565
239566
239568
239569
239571
239572
239583
239585
239587
239589
239590
239591
239593
239595
239596
239600
239601
239602
239603
239604
239606
239609
239610
239612
239613
239615
239616
239618
239622
239624
239625
239628
239629
239630
239631
239632
239633
239635
239636
239637
239640
239643
239645
239646
239648
239650
239651
239652
239654
239656
239657
239658
239662
239663
239664
239666
239667
239671
239675
239676
239677
239678
239679
239682
239684
239685
239686
239688
239689
239690
239691
239692
239693
239694
239695
239696
239698
239699
239701
239702
239703
239704
239705
239706
239710
239711
239713
239714
239716
239719
239721
239722
239725
239728
239729
239730
239732
239733
239734
239735
239737
239738
239739
239741
239742
239743
239744
239746
239747
239748
239749
239750
239751
239753
239754
239755
239756
239757
239758
239759
239760
239761
239762
239763
239767
239768
239769
239770
239771
239772
239774
239775
239777
239778
239781
239782
239783
239784
239786
239787
239789
239790
239791
239792
239795
239797
239798
239805
239807
239810
239811
239813
239815
239816
239817
239818
239820
239821
239824
239825
239827
239829
239830
239832
239840
239842
239843
239846
239857
239858
239859
239860
239861
239862
239863
239864
239868
239873
239874
239875
239876
239883
239884
239886
239887
239889
239891
239892
239894
239897
239898
239903
239905
239906
239911
239913
239914
239915
239919
239921
239922
239923
239925
239929
239932
239933
239934
239936
239938
239940
239941
239949
239950
239951
239952
239953
239955
239956
239957
239959
239961
239963
239966
239968
239969
239970
239973
239978
239979
239980
239984
239985
239986
239989
239992
239994
239999
240001
240002
240003
240004
240005
240006
240009
240010
240011
240013
240014
240016
240017
240021
240023
240024
240028
240030
240031
240032
240033
240034
240039
240043
240044
240045
240046
240047
240048
240049
240050
240051
240052
240053
240054
240056
240057
240058
240059
240062
240064
240067
240070
240071
240075
240076
240078
240079
240080
240082
240085
240086
240087
240090
240093
240096
240098
240099
240106
240107
240108
240112
240113
240116
240117
240118
240119
240120
240122
240126
240129
240130
240132
240133
240134
240136
240137
240138
240141
240143
240146
240148
240149
240151
240152
240153
240154
240155
240161
240162
240163
240164
240166
240171
240173
240176
240179
240181
240182
240186
240190
240193
240197
240198
240205
240206
240207
240208
240209
240210
240211
240212
240213
240214
240215
240217
240219
240220
240225
240226
240227
240230
240231
240232
240234
240235
240236
240237
240240
240242
240245
240246
240247
240248
240249
240255
240256
240257
240260
240261
240264
240266
240267
240269
240274
240275
240276
240277
240279
240281
240282
240283
240284
240285
240287
240288
240298
240299
240300
240301
240303
240307
240308
240312
240313
240314
240315
240318
240319
240324
240328
240333
240336
240339
240341
240342
240344
240345
240348
240350
240355
240362
240363
240365
240366
240367
240368
240371
240373
240374
240380
240383
240384
240385
240386
240387
240389
240390
240391
240392
240393
240394
240395
240396
240397
240399
240400
240401
240402
240403
240406
240407
240408
240409
240410
240412
240413
240414
240418
240420
240425
240426
240427
240428
240429
240432
240433
240434
240435
240436
240437
240438
240439
240440
240441
240442
240443
240444
240445
240447
240450
240451
240452
240453
240454
240455
240456
240458
240459
240460
240461
240462
240463
240464
240466
240467
240468
240469
240470
240471
240473
240474
240476
240478
240480
240481
240483
240484
240485
240486
240490
240491
240492
240493
240494
240495
240498
240499
240500
240501
240502
240503
240505
240507
240508
240509
240511
240513
240514
240515
240516
240517
240519
240520
240521
240522
240528
240529
240531
240532
240533
240534
240535
240537
240538
240539
240540
240541
240542
240544
240545
240546
240548
240549
240550
240553
240554
240555
240556
240557
240558
240560
240561
240562
240563
240564
240565
240567
240569
240571
240572
240573
240574
240575
240576
240577
240579
240580
240581
240582
240583
240584
240585
240586
240587
240588
240590
240591
240592
240593
240594
240595
240596
240597
240598
240599
240600
240601
240602
240604
240605
240606
240607
240608
240609
240610
240611
240612
240614
240616
240618
240619
240620
240621
240623
240624
240627
240628
240629
240632
240634
240636
240638
240639
240640
240641
240642
240644
240645
240646
240647
240648
240650
240652
240653
240654
240655
240657
240658
240659
240660
240661
240664
240665
240670
240671
240672
240673
240674
240675
240676
240677
240678
240680
240681
240682
240683
240684
240685
240686
240688
240689
240690
240691
240693
240694
240695
240696
240697
240698
240699
240700
240701
240705
240706
240707
240709
240710
240711
240712
240713
240714
240716
240717
240718
240719
240720
240722
240723
240726
240727
240728
240730
240732
240734
240735
240737
240739
240742
240743
240744
240745
240750
240758
240759
240760
240763
240766
240772
240773
240775
240776
240777
240778
240779
240781
240782
240783
240784
240785
240787
240788
240789
240791
240796
240797
240798
240800
240804
240805
240808
240809
240810
240813
240814
240815
240816
240817
240820
240822
240823
240825
240828
240829
240830
240831
240832
240834
240836
240837
240838
240839
240840
240841
240842
240844
240845
240846
240847
240848
240849
240851
240852
240853
240854
240857
240860
240862
240866
240869
240871
240872
240873
240874
240875
240876
240877
240878
240880
240882
240884
240885
240887
240888
240889
240897
240898
240901
240903
240904
240905
240907
240909
240911
240912
240913
240914
240915
240916
240917
240918
240919
240921
240922
240923
240926
240927
240928
240929
240933
240934
240936
240939
240940
240941
240945
240946
240950
240952
240954
240956
240957
240958
240959
240960
240961
240965
240966
240967
240968
240971
240972
240973
240974
240975
240976
240978
240979
240981
240982
240983
240984
240985
240988
240990
240992
240994
240998
240999
241002
241003
241005
241011
241012
241013
241015
241017
241019
241021
241023
241024
241026
241027
241028
241029
241030
241053
241058
241063
241064
241076
241077
241083
241085
241089
241092
241093
241103
241106
241107
241116
241121
241130
241131
241133
241135
241136
241137
241139
241142
241147
241148
241155
241161
241165
241168
241169
241179
241181
241186
241188
241200
241201
241204
241206
241207
241208
241213
241229
241232
241236
241238
241240
241246
241254
241255
241257
241261
241270
241272
241274
241275
241276
241281
241282
241285
241286
241287
241297
241302
241303
241308
241309
241310
241312
241314
241317
241318
241319
241324
241325
241330
241331
241333
241335
241336
241341
241342
241344
241345
241346
241347
241349
241352
241353
241354
241355
241359
241362
241363
241365
241366
241367
241370
241372
241373
241376
241380
241381
241382
241384
241385
241387
241388
241390
241392
241396
241398
241400
241401
241404
241407
241413
241414
241415
241416
241417
241418
241420
241421
241422
241423
241425
241426
241427
241428
241429
241431
241432
241434
241435
241436
241437
241438
241439
241440
241441
241444
241445
241446
241447
241449
241450
241451
241452
241454
241455
241457
241458
241459
241460
241461
241462
241463
241466
241468
241470
241471
241472
241473
241474
241476
241477
241478
241479
241481
241482
241483
241484
241485
241486
241487
241488
241489
241490
241493
241495
241498
241501
241502
241503
241504
241505
241506
241508
241509
241510
241512
241513
241515
241516
241517
241519
241520
241521
241522
241523
241524
241525
241526
241528
241529
241530
241531
241533
241534
241537
241538
241539
241542
241543
241544
241545
241546
241547
241548
241549
241551
241554
241555
241556
241558
241559
241560
241562
241565
241566
241568
241569
241570
241571
241572
241574
241575
241576
241580
241581
241584
241586
241587
241588
241589
241590
241591
241592
241593
241594
241595
241596
241597
241598
241599
241601
241602
241603
241604
241606
241607
241608
241609
241612
241614
241615
241617
241618
241621
241622
241624
241625
241626
241627
241628
241630
241631
241632
241633
241634
241635
241636
241638
241640
241643
241644
241648
241649
241650
241654
241657
241658
241660
241661
241662
241663
241664
241665
241666
241667
241668
241669
241670
241671
241672
241673
241674
241675
241676
241677
241678
241679
241680
241681
241682
241684
241685
241686
241688
241689
241690
241691
241692
241693
241694
241696
241697
241699
241700
241704
241706
241708
241712
241713
241715
241716
241717
241721
241722
241724
241725
241726
241727
241728
241731
241732
241734
241735
241736
241737
241738
241739
241743
241744
241745
241746
241747
241749
241750
241753
241755
241757
241758
241759
241762
241766
241768
241769
241770
241771
241773
241774
241775
241776
241777
241778
241779
241780
241782
241783
241784
241785
241786
241789
241791
241792
241793
241794
241795
241796
241797
241798
241799
241800
241801
241802
241803
241804
241806
241807
241808
241810
241811
241812
241813
241814
241815
241816
241817
241818
241819
241820
241821
241823
241824
241826
241828
241830
241831
241832
241835
241836
241837
241838
241840
241841
241842
241843
241844
241845
241846
241847
241848
241849
241850
241851
241852
241853
241855
241856
241857
241859
241861
241862
241863
241864
241865
241866
241867
241868
241869
241870
241871
241872
241873
241874
241876
241877
241878
241879
241880
241882
241883
241884
241885
241886
241888
241889
241890
241892
241893
241894
241895
241898
241902
241903
241904
241906
241907
241908
241909
241910
241911
241912
241913
241914
241916
241918
241919
241920
241921
241922
241923
241924
241925
241926
241927
241928
241929
241930
241931
241932
241933
241935
241937
241938
241939
241940
241941
241942
241943
241944
241945
241946
241948
241949
241950
241957
241961
241962
241963
241964
241965
241966
241967
241968
241970
241972
241973
241974
241975
241976
241977
241978
241981
241982
241983
241985
241986
241987
241988
241989
241992
241995
241997
241998
241999
242001
242002
242003
242004
242005
242007
242008
242009
242010
242011
242013
242014
242015
242017
242018
242019
242020
242021
242022
242023
242024
242025
242026
242027
242028
242029
242030
242032
242034
242038
242039
242040
242042
242043
242044
242050
242051
242052
242053
242055
242056
242059
242060
242062
242063
242064
242066
242067
242068
242069
242071
242072
242073
242074
242075
242079
242080
242081
242084
242086
242088
242091
242092
242093
242094
242095
242096
242097
242098
242099
242101
242102
242103
242104
242105
242106
242107
242108
242109
242110
242111
242112
242114
242115
242116
242117
242118
242119
242121
242122
242123
242125
242126
242127
242128
242129
242130
242131
242134
242135
242136
242137
242138
242139
242140
242142
242143
242144
242145
242146
242147
242148
242149
242150
242151
242153
242154
242155
242156
242157
242158
242159
242160
242161
242162
242164
242166
242167
242169
242170
242171
242172
242174
242177
242178
242180
242181
242182
242183
242184
242186
242187
242188
242189
242190
242191
242192
242195
242196
242197
242198
242199
242201
242202
242203
242204
242205
242206
242207
242209
242211
242212
242213
242216
242217
242218
242222
242224
242226
242227
242229
242231
242232
242233
242234
242235
242236
242238
242240
242241
242242
242244
242245
242248
242249
242250
242251
242252
242254
242255
242256
242257
242258
242259
242260
242261
242262
242264
242265
242266
242267
242268
242270
242271
242273
242274
242276
242277
242278
242279
242280
242281
242282
242283
242284
242285
242286
242287
242288
242289
242291
242292
242294
242295
242297
242298
242299
242300
242301
242303
242305
242306
242307
242308
242309
242310
242311
242312
242313
242314
242315
242318
242320
242322
242323
242326
242329
242330
242331
242332
242334
242335
242336
242337
242338
242339
242340
242341
242342
242343
242344
242345
242346
242347
242351
242352
242353
242354
242355
242356
242358
242359
242360
242361
242362
242363
242364
242365
242366
242367
242368
242369
242370
242371
242372
242374
242375
242376
242378
242379
242380
242383
242384
242385
242386
242387
242388
242390
242391
242393
242394
242395
242396
242397
242398
242399
242400
242401
242402
242403
242404
242405
242406
242407
242408
242409
242410
242411
242412
242414
242415
242417
242418
242419
242420
242421
242422
242423
242424
242425
242426
242427
242428
242429
242430
242431
242432
242433
242434
242435
242437
242438
242439
242440
242441
242442
242443
242444
242445
242446
242447
242448
242449
242450
242452
242453
242454
242455
242456
242457
242458
242459
242460
242464
242465
242466
242467
242468
242470
242471
242474
242475
242478
242479
242480
242482
242483
242486
242487
242488
242489
242490
242491
242495
242496
242499
242500
242501
242502
242503
242504
242506
242507
242508
242509
242510
242511
242512
242513
242514
242516
242517
242519
242520
242521
242522
242523
242524
242525
242527
242529
242531
242532
242534
242537
242538
242539
242543
242544
242546
242549
242550
242551
242553
242554
242557
242558
242561
242563
242569
242570
242571
242572
242573
242574
242575
242576
242577
242579
242580
242581
242582
242583
242584
242585
242586
242587
242588
242589
242590
242591
242592
242593
242594
242595
242597
242599
242600
242601
242602
242603
242604
242606
242607
242608
242609
242610
242611
242612
242613
242614
242615
242617
242618
242619
242620
242621
242622
242623
242624
242625
242626
242628
242629
242630
242631
242632
242633
242634
242635
242636
242638
242639
242640
242641
242642
242643
242644
242645
242646
242647
242650
242652
242653
242654
242655
242657
242659
242660
242661
242663
242664
242667
242668
242670
242671
242672
242676
242677
242678
242679
242680
242681
242682
242683
242684
242685
242686
242687
242688
242689
242690
242691
242693
242694
242695
242696
242697
242698
242699
242700
242702
242703
242704
242705
242706
242707
242709
242710
242711
242712
242713
242714
242716
242718
242719
242721
242722
242723
242724
242728
242729
242730
242731
242733
242734
242736
242738
242739
242741
242745
242746
242747
242748
242749
242750
242751
242752
242753
242754
242755
242756
242757
242758
242759
242760
242761
242762
242763
242765
242766
242767
242768
242769
242771
242772
242773
242774
242775
242776
242777
242779
242780
242781
242782
242783
242784
242785
242786
242788
242791
242792
242793
242794
242795
242797
242798
242801
242802
242803
242806
242807
242809
242811
242812
242813
242814
242816
242817
242818
242819
242821
242822
242823
242828
242829
242830
242832
242833
242834
242835
242836
242837
242838
242840
242841
242842
242843
242844
242845
242846
242847
242848
242849
242850
242851
242852
242853
242856
242857
242858
242860
242861
242863
242864
242865
242866
242867
242871
242872
242874
242875
242876
242877
242878
242879
242880
242881
242882
242883
242885
242887
242888
242889
242890
242891
242892
242893
242894
242895
242897
242899
242901
242902
242903
242904
242905
242906
242908
242909
242910
242911
242912
242913
242914
242915
242917
242918
242919
242922
242923
242925
242926
242928
242930
242931
242933
242934
242935
242936
242937
242938
242940
242941
242942
242943
242944
242945
242946
242947
242948
242949
242950
242951
242952
242953
242954
242957
242958
242960
242961
242962
242964
242965
242967
242971
242972
242973
242974
242975
242976
242979
242982
242983
242984
242987
242988
242989
242991
242992
242993
242995
243001
243002
243003
243005
243006
243007
243010
243011
243012
243013
243014
243016
243017
243018
243019
243020
243021
243022
243023
243024
243025
243028
243029
243030
243031
243033
243034
243035
243036
243038
243039
243040
243041
243042
243043
243045
243046
243048
243049
243050
243051
243052
243053
243055
243056
243057
243058
243059
243060
243061
243062
243063
243064
243065
243066
243067
243070
243071
243072
243073
243074
243075
243076
243077
243078
243080
243081
243082
243083
243084
243085
243086
243087
243088
243089
243090
243091
243092
243093
243094
243095
243096
243098
243099
243100
243101
243102
243103
243104
243105
243106
243107
243108
243109
243110
243111
243112
243113
243114
243115
243116
243119
243121
243122
243123
243124
243125
243126
243127
243128
243129
243130
243131
243132
243134
243136
243137
243138
243140
243141
243142
243143
243144
243145
243146
243147
243148
243150
243152
243153
243154
243155
243156
243158
243163
243164
243165
243166
243167
243168
243170
243171
243173
243174
243175
243176
243177
243178
243179
243180
243181
243183
243184
243185
243186
243187
243189
243190
243191
243192
243193
243194
243195
243196
243197
243198
243199
243201
243202
243203
243204
243205
243206
243207
243208
243209
243210
243211
243212
243213
243214
243215
243216
243217
243219
243220
243221
243222
243224
243225
243226
243230
243232
243234
243236
243237
243238
243239
243240
243241
243242
243243
243244
243245
243246
243247
243248
243249
243250
243251
243252
243253
243255
243256
243257
243258
243259
243260
243261
243264
243266
243267
243268
243271
243272
243274
243275
243276
243277
243278
243279
243280
243281
243283
243284
243285
243287
243288
243289
243290
243291
243292
243293
243294
243295
243297
243299
243300
243301
243303
243304
243305
243306
243307
243308
243309
243310
243311
243312
243314
243315
243316
243317
243319
243320
243322
243323
243324
243325
243327
243328
243329
243330
243331
243333
243334
243335
243336
243337
243338
243339
243340
243341
243342
243344
243346
243347
243348
243349
243350
243351
243352
243353
243355
243356
243358
243360
243361
243362
243363
243365
243366
243367
243368
243369
243371
243372
243375
243376
243377
243378
243380
243381
243383
243385
243386
243387
243388
243389
243392
243397
243398
243399
243400
243401
243404
243406
243407
243408
243409
243410
243411
243412
243413
243414
243416
243417
243418
243419
243420
243421
243422
243424
243426
243427
243428
243429
243430
243431
243433
243436
243437
243438
243439
243440
243441
243442
243443
243444
243445
243447
243448
243449
243450
243451
243452
243453
243454
243455
243456
243457
243458
243459
243461
243462
243463
243464
243465
243466
243467
243468
243469
243472
243474
243475
243476
243477
243478
243479
243481
243482
243483
243484
243485
243486
243487
243488
243489
243491
243492
243494
243496
243497
243499
243501
243502
243503
243504
243506
243507
243508
243510
243511
243512
243514
243515
243516
243517
243518
243519
243520
243521
243522
243524
243525
243529
243530
243531
243532
243533
243536
243537
243538
243539
243540
243541
243542
243543
243544
243546
243547
243549
243550
243551
243553
243554
243555
243556
243557
243558
243560
243562
243563
243564
243566
243568
243569
243570
243572
243574
243575
243576
243580
243581
243583
243584
243586
243588
243589
243591
243592
243593
243595
243596
243597
243598
243599
243601
243602
243603
243604
243605
243606
243608
243610
243612
243614
243615
243617
243618
243619
243620
243621
243623
243624
243625
243626
243627
243628
243629
243630
243631
243633
243635
243637
243638
243641
243642
243643
243644
243645
243647
243648
243649
243650
243651
243652
243653
243657
243659
243660
243661
243662
243663
243665
243666
243667
243670
243671
243673
243674
243675
243676
243677
243681
243682
243683
243685
243686
243687
243688
243689
243691
243692
243694
243695
243696
243697
243699
243700
243701
243702
243703
243704
243705
243706
243707
243708
243709
243710
243711
243712
243713
243715
243718
243719
243720
243721
243722
243723
243724
243725
243727
243728
243730
243731
243732
243733
243734
243735
243736
243737
243738
243740
243741
243742
243743
243745
243749
243750
243751
243752
243755
243756
243757
243758
243759
243761
243762
243763
243764
243765
243766
243767
243768
243769
243770
243771
243774
243775
243776
243777
243778
243779
243780
243783
243784
243785
243786
243787
243789
243790
243792
243793
243794
243795
243796
243798
243801
243802
243803
243804
243805
243807
243808
243810
243811
243812
243813
243814
243817
243819
243821
243822
243823
243826
243828
243829
243830
243834
243835
243836
243837
243838
243839
243840
243841
243842
243843
243845
243846
243847
243848
243849
243850
243851
243852
243854
243855
243856
243857
243858
243859
243861
243863
243864
243867
243868
243869
243870
243871
243872
243873
243874
243876
243878
243879
243881
243882
243884
243885
243886
243887
243888
243892
243894
243895
243896
243897
243899
243900
243903
243904
243905
243906
243907
243908
243910
243913
243914
243915
243916
243918
243919
243921
243922
243924
243925
243926
243927
243930
243933
243934
243936
243938
243941
243943
243944
243945
243948
243949
243950
243952
243953
243955
243956
243960
243961
243963
243964
243966
243967
243968
243969
243975
243977
243978
243981
243982
243983
243986
243988
243989
243991
243992
243993
243995
243997
243998
243999
244000
244001
244002
244003
244004
244008
244009
244010
244011
244012
244015
244016
244017
244021
244022
244023
244024
244025
244026
244028
244029
244030
244031
244035
244036
244037
244038
244039
244040
244041
244042
244043
244044
244046
244047
244048
244049
244051
244052
244053
244056
244058
244059
244060
244061
244062
244063
244064
244065
244067
244070
244071
244072
244073
244074
244076
244077
244078
244079
244080
244081
244082
244083
244084
244085
244087
244088
244089
244090
244091
244092
244093
244094
244095
244096
244097
244098
244099
244100
244101
244102
244104
244105
244106
244107
244108
244109
244115
244116
244119
244120
244121
244122
244124
244125
244126
244127
244128
244129
244130
244131
244132
244133
244135
244137
244139
244140
244142
244143
244148
244152
244155
244156
244160
244162
244166
244167
244170
244172
244173
244175
244176
244177
244178
244180
244182
244183
244184
244185
244186
244187
244188
244189
244190
244191
244192
244193
244194
244196
244197
244198
244199
244201
244202
244203
244204
244205
244206
244207
244208
244210
244211
244213
244214
244217
244219
244222
244224
244225
244226
244228
244230
244231
244232
244233
244234
244235
244236
244238
244239
244240
244241
244242
244243
244244
244245
244246
244248
244249
244251
244252
244254
244255
244257
244258
244260
244261
244264
244265
244266
244267
244269
244270
244271
244272
244273
244274
244276
244277
244278
244279
244280
244282
244283
244285
244286
244288
244290
244292
244294
244296
244299
244302
244303
244307
244308
244309
244311
244312
244313
244315
244316
244317
244318
244319
244320
244321
244322
244323
244324
244325
244326
244327
244328
244329
244330
244331
244332
244333
244334
244335
244336
244337
244338
244339
244340
244341
244342
244343
244344
244345
244346
244347
244348
244350
244351
244352
244353
244354
244355
244356
244357
244358
244359
244360
244361
244362
244363
244365
244366
244367
244370
244371
244372
244373
244375
244376
244377
244378
244379
244380
244381
244382
244383
244384
244385
244386
244388
244389
244390
244391
244392
244394
244395
244396
244398
244399
244400
244401
244402
244404
244405
244406
244407
244408
244409
244410
244411
244412
244414
244415
244416
244417
244418
244419
244420
244421
244422
244423
244424
244425
244426
244427
244428
244429
244430
244431
244432
244433
244434
244435
244436
244437
244439
244440
244441
244442
244443
244444
244445
244446
244447
244448
244449
244450
244451
244452
244453
244454
244455
244457
244458
244459
244460
244461
244462
244463
244464
244465
244466
244467
244468
244470
244471
244472
244473
244475
244480
244481
244484
244487
244488
244489
244490
244491
244493
244494
244497
244499
244500
244501
244502
244503
244505
244506
244507
244508
244509
244511
244512
244513
244514
244515
244517
244518
244519
244521
244522
244523
244524
244527
244529
244530
244533
244534
244536
244537
244538
244539
244541
244543
244544
244546
244547
244548
244549
244550
244552
244553
244555
244558
244560
244562
244564
244565
244566
244568
244569
244570
244571
244572
244573
244574
244575
244576
244578
244579
244580
244581
244584
244585
244586
244587
244588
244591
244592
244593
244595
244596
244597
244601
244602
244603
244604
244605
244606
244607
244609
244610
244611
244612
244613
244614
244615
244617
244618
244619
244620
244621
244622
244623
244624
244625
244626
244627
244628
244629
244632
244633
244634
244636
244637
244638
244639
244640
244641
244642
244643
244644
244645
244646
244647
244649
244652
244653
244654
244655
244656
244657
244658
244659
244661
244662
244663
244664
244665
244666
244668
244669
244670
244671
244673
244674
244675
244676
244680
244681
244682
244683
244684
244685
244686
244687
244688
244689
244690
244691
244694
244695
244696
244697
244698
244699
244700
244701
244702
244703
244705
244706
244707
244708
244709
244711
244712
244716
244717
244718
244719
244723
244724
244725
244726
244728
244729
244730
244731
244732
244734
244735
244736
244737
244739
244740
244741
244742
244744
244746
244747
244748
244749
244750
244751
244752
244753
244754
244755
244756
244757
244758
244759
244761
244762
244763
244764
244765
244766
244767
244768
244769
244771
244772
244773
244774
244775
244777
244778
244779
244780
244781
244782
244784
244786
244787
244788
244789
244790
244791
244792
244793
244795
244797
244798
244801
244803
244806
244807
244808
244812
244813
244814
244815
244816
244817
244818
244821
